<?xml version="1.0" encoding="utf-8"?>
<ModMetaData>
  <name>Save Our Ship 2 - Star Wars Ships</name>
  <author>FantasyFan</author>
  <supportedVersions>
    <li>1.3</li>
  </supportedVersions>
  <packageId>FantasyFan.SOS2.StarWarsShip</packageId>
  <description>
Adds ten new spaceship parts that you can add to your spaceships:
-Consular-class cruiser
-Charger c70 retrofit
-CR90 corvette
-Sphyrna-class corvette
-Republic gozanti-class cruiser
-Imperial gozanti-class cruiser (standard + surveillance)
-DP20 frigate
-CR20 troop carrier
-CSS1 star shuttle
-IPV2C stealth shuttle
  </description>
</ModMetaData>