<?xml version="1.0" encoding="utf-8" ?>
<Defs>
  
  <!--Rebreather-->
	<ThingDef ParentName="OR_ApparelFabricatedBase">
		<defName>CEC_Rebreather</defName>
		<label>rebreather</label>
		<description>A rebreather designed to keep the user alive in outer space. Includes small thrusters for movement.</description>
		<techLevel>Ultra</techLevel>
		<tickerType>Normal</tickerType>
		<recipeMaker>
			<researchPrerequisite>CEC_Basics</researchPrerequisite>
			<skillRequirements>
				<Crafting>6</Crafting>
			</skillRequirements>
		</recipeMaker>
		<graphicData>
			<texPath>Apparel/Rebreather_north</texPath>
			<graphicClass>Graphic_Single</graphicClass>
			<drawSize>0.90</drawSize>
			<color>(255, 255, 255)</color>
		</graphicData>
		<statBases>
			<WorkToMake>12000</WorkToMake>
			<MaxHitPoints>300</MaxHitPoints>
			<Mass>4</Mass>
			<Flammability>0.3</Flammability>
			<EquipDelay>6</EquipDelay>
      <Insulation_Cold>60</Insulation_Cold>
		</statBases>
		<equippedStatOffsets>
			<MoveSpeed>-0.25</MoveSpeed>
		</equippedStatOffsets>
		<thingCategories>
			<li>ApparelUtility</li>
		</thingCategories>
		<costList>
			<O21_OR_Durasteel>90</O21_OR_Durasteel>
			<O21_OR_ComponentHypertech>3</O21_OR_ComponentHypertech>
		</costList>
		<apparel>
			<scoreOffset>4</scoreOffset>
			<wornGraphicPath>Apparel/Rebreather</wornGraphicPath>
			<wornGraphicData>
				<renderUtilityAsPack>true</renderUtilityAsPack>
				<east>
					<offset>(-0.3,0.1)</offset>
					<thin>
						<offset>(0.05,0.1)</offset>
					</thin>
					<hulk>
						<offset>(-0.1,0.15)</offset>
					</hulk>
					<fat>
						<offset>(-0.15,0.1)</offset>
					</fat>
				</east>
				<west>
					<offset>(0.35,0.1)</offset>
					<thin>
						<offset>(-0.05,0.1)</offset>
					</thin>
					<hulk>
						<offset>(0.1,0.1)</offset>
					</hulk>
					<fat>
						<offset>(0.15,0.1)</offset>
					</fat>
				</west>
				<male>
					<scale>(0.75,0.75)</scale>
				</male>
				<female>
					<scale>(0.75,0.75)</scale>
				</female>
				<thin>
					<scale>(0.7,0.7)</scale>
				</thin>
				<hulk>
					<scale>(0.9,0.9)</scale>
				</hulk>
				<fat>
					<scale>(0.9,0.9)</scale>
				</fat>
			</wornGraphicData>
			<careIfWornByCorpse>false</careIfWornByCorpse>
			<careIfDamaged>false</careIfDamaged>
			<wearPerDay>0</wearPerDay>
			<bodyPartGroups>
				<li>Waist</li>
			</bodyPartGroups>
			<layers>
				<li>Shell</li>
        <li>Overhead</li>
        <li>Belt</li>
			</layers>
			<tags>
				<li>EVA</li>
			</tags>
			<defaultOutfitTags Inherit="False">
			</defaultOutfitTags>
		</apparel>
	</ThingDef>

  <ThingDef ParentName="OR_ApparelFabricatedBase">
    <defName>CEC_RebreatherSimple</defName>
    <label>simple rebreather</label>
    <description>A rebreather designed to keep the user alive in outer space. Includes small thrusters for movement. Airtight helmet needed.</description>
    <techLevel>Ultra</techLevel>
    <tickerType>Normal</tickerType>
    <recipeMaker>
      <researchPrerequisite>CEC_Basics</researchPrerequisite>
      <skillRequirements>
        <Crafting>6</Crafting>
      </skillRequirements>
    </recipeMaker>
    <graphicData>
      <texPath>Apparel/RebreatherSimple_north</texPath>
      <graphicClass>Graphic_Single</graphicClass>
      <drawSize>0.90</drawSize>
      <color>(255, 255, 255)</color>
    </graphicData>
    <statBases>
      <WorkToMake>9000</WorkToMake>
      <MaxHitPoints>200</MaxHitPoints>
      <Mass>3</Mass>
      <Flammability>0.3</Flammability>
      <EquipDelay>5</EquipDelay>
    </statBases>
    <equippedStatOffsets>
      <MoveSpeed>-0.25</MoveSpeed>
    </equippedStatOffsets>
    <thingCategories>
      <li>ApparelUtility</li>
    </thingCategories>
    <costList>
      <O21_OR_Durasteel>65</O21_OR_Durasteel>
      <O21_OR_ComponentHypertech>3</O21_OR_ComponentHypertech>
    </costList>
    <apparel>
      <scoreOffset>4</scoreOffset>
      <wornGraphicPath>Apparel/RebreatherSimple</wornGraphicPath>
      <wornGraphicData>
        <renderUtilityAsPack>true</renderUtilityAsPack>
        <east>
          <offset>(-0.3,0.1)</offset>
          <thin>
            <offset>(0.05,0.1)</offset>
          </thin>
          <hulk>
            <offset>(-0.1,0.15)</offset>
          </hulk>
          <fat>
            <offset>(-0.15,0.1)</offset>
          </fat>
        </east>
        <west>
          <offset>(0.35,0.1)</offset>
          <thin>
            <offset>(-0.05,0.1)</offset>
          </thin>
          <hulk>
            <offset>(0.1,0.1)</offset>
          </hulk>
          <fat>
            <offset>(0.15,0.1)</offset>
          </fat>
        </west>
        <male>
          <scale>(0.75,0.75)</scale>
        </male>
        <female>
          <scale>(0.75,0.75)</scale>
        </female>
        <thin>
          <scale>(0.7,0.7)</scale>
        </thin>
        <hulk>
          <scale>(0.9,0.9)</scale>
        </hulk>
        <fat>
          <scale>(0.9,0.9)</scale>
        </fat>
      </wornGraphicData>
      <careIfWornByCorpse>false</careIfWornByCorpse>
      <careIfDamaged>false</careIfDamaged>
      <wearPerDay>0</wearPerDay>
      <bodyPartGroups>
        <li>Waist</li>
      </bodyPartGroups>
      <layers>
        <li>Shell</li>
        <li>Belt</li>
      </layers>
      <tags>
        <li>EVA</li>
        <li>SimpleEVA</li>
      </tags>
      <defaultOutfitTags Inherit="False">
      </defaultOutfitTags>
    </apparel>
  </ThingDef>

  <!--<ThingDef ParentName="DroidApparelCraftableBase">
    <defName>CEC_Rebreather_Droid</defName>
    <label>droid space module</label>
    <description>A module designed to keep the drois functional in outer space. Includes small thrusters for movement.</description>
    <techLevel>Ultra</techLevel>
    <tickerType>Normal</tickerType>
    <recipeMaker>
      <researchPrerequisite>CEC_Basics</researchPrerequisite>
      <skillRequirements>
        <Crafting>6</Crafting>
      </skillRequirements>
    </recipeMaker>
    <graphicData>
      <texPath>OuterRim/Items/DroidComponent_Blank</texPath>
      <graphicClass>Graphic_Single</graphicClass>
      <drawSize>0.90</drawSize>
      <color>(255, 255, 255)</color>
    </graphicData>
    <statBases>
      <WorkToMake>12000</WorkToMake>
      <MaxHitPoints>300</MaxHitPoints>
      <Mass>4</Mass>
      <Flammability>0.3</Flammability>
      <EquipDelay>6</EquipDelay>
    </statBases>
    <equippedStatOffsets>
      <MoveSpeed>-0.25</MoveSpeed>
    </equippedStatOffsets>
    <thingCategories>
      <li>O21_DroidParts_Equipment</li>
    </thingCategories>
    <costList>
      <O21_OR_Durasteel>85</O21_OR_Durasteel>
      <O21_OR_ComponentHypertech>3</O21_OR_ComponentHypertech>
    </costList>
    <apparel>
      <wornGraphicPath>Turrets/Empty</wornGraphicPath>
      <careIfWornByCorpse>false</careIfWornByCorpse>
      <careIfDamaged>false</careIfDamaged>
      <wearPerDay>0</wearPerDay>
      <bodyPartGroups>
        <li>Waist</li>
      </bodyPartGroups>
      <layers>
        <li>Shell</li>
        <li>Overhead</li>
      </layers>
      <tags>
        <li>EVA</li>
      </tags>
      <defaultOutfitTags Inherit="False">
      </defaultOutfitTags>
    </apparel>
  </ThingDef>-->
  
  <!--Warm Bodysuit-->
  <ThingDef ParentName="OR_UniformBodyFabricatedBase">
    <defName>CEC_Bodysuit_Warm</defName>
    <label>warm durafiber bodysuit</label>
    <description>A warm bodysuit worn by many across the galaxy, its warmig properties along with the tight fit and flexibility make it a popular choice for wearing under full sets of armour for space combat and often included as part of a uniform in space military.</description>
    <graphicData>
      <texPath>OuterRim/Apparel/CloneTrooper/PhaseTwo/Blank/Undersuit/Apparel</texPath>
      <graphicClass>Graphic_Single</graphicClass>
      <shaderType>CutoutComplex</shaderType>
    </graphicData>
    <recipeMaker>
      <researchPrerequisite>CEC_Basics</researchPrerequisite>
      <skillRequirements>
        <Crafting>6</Crafting>
      </skillRequirements>
    </recipeMaker>
    <statBases>
      <Insulation_Cold>45</Insulation_Cold>
    </statBases>
    <apparel>
      <tags Inherit="False">
        <li>ORBodysuit_Warm</li>
      </tags>
      <wornGraphicPath>OuterRim/Apparel/CloneTrooper/PhaseTwo/Blank/Undersuit/Apparel</wornGraphicPath>
      <useWornGraphicMask>true</useWornGraphicMask>
      <defaultOutfitTags Inherit="False">
	    </defaultOutfitTags>
    </apparel>
    <costList>
      <O21_OR_Durafiber>85</O21_OR_Durafiber>
    </costList>
  </ThingDef>

  <!--Simple EVA-->
  <ThingDef ParentName="OR_ApparelFabricatedBase">
    <defName>CEC_SimpleEVA_Suit</defName>
    <label>simple EVA suit</label>
    <description>An airtight suit designed to keep the occupant alive in outer space.  Provides resistance to toxic airborne particulates. Airtight helmet and rebreather needed.</description>
    <graphicData>
      <texPath>Apparel/SimpleEVASuit/Apparel_Male_north</texPath>
      <graphicClass>Graphic_Single</graphicClass>
      <shaderType>CutoutComplex</shaderType>
      <drawSize>1.20</drawSize>
    </graphicData>
    <recipeMaker>
      <researchPrerequisite>CEC_Basics</researchPrerequisite>
      <skillRequirements>
        <Crafting>6</Crafting>
      </skillRequirements>
    </recipeMaker>
    <statBases>
      <Mass>0.5</Mass>
      <WorkToMake>8000</WorkToMake>
      <MaxHitPoints>200</MaxHitPoints>
      <ArmorRating_Sharp>0.28</ArmorRating_Sharp>
      <ArmorRating_Blunt>0.20</ArmorRating_Blunt>
      <ArmorRating_Heat>0.15</ArmorRating_Heat>
      <Insulation_Cold>50</Insulation_Cold>
      <Insulation_Heat>25</Insulation_Heat>
      <EquipDelay>6</EquipDelay>
    </statBases>
    <apparel>
      <layers>
        <li>Middle</li>
      </layers>
      <bodyPartGroups>
        <li>Torso</li>
        <li>Neck</li>
        <li>Arms</li>
        <li>Hands</li>
        <li>Legs</li>
        <li>Feet</li>
      </bodyPartGroups>
      <tags Inherit="False">
        <li>SimpleEVA</li>
      </tags>
      <wornGraphicPath>Apparel/SimpleEVASuit/Apparel</wornGraphicPath>
      <useWornGraphicMask>true</useWornGraphicMask>
      <defaultOutfitTags Inherit="False">
      </defaultOutfitTags>
    </apparel>
    <stuffCategories>
      <li>Fabric</li>
      <li>Leathery</li>
    </stuffCategories>
	  <costStuffCount>45</costStuffCount>
    <costList>
      <O21_OR_Durafiber>15</O21_OR_Durafiber>
    </costList>
    <equippedStatOffsets>
      <ToxicSensitivity>-0.4</ToxicSensitivity>
    </equippedStatOffsets>
    <comps>
      <li>
        <compClass>CompColorable</compClass>
      </li>
    </comps>
  </ThingDef>

  <ThingDef ParentName="OR_HelmetFabricatedBase">
    <defName>CEC_SimpleEVA_Helmet</defName>
    <label>simple EVA helmet</label>
    <description>An airtight helmet designed to keep the occupant alive in outer space. Provides resistance to toxic airborne particulates.</description>
    <techLevel>Spacer</techLevel>
    <recipeMaker>
      <unfinishedThingDef>UnfinishedTechArmor</unfinishedThingDef>
      <researchPrerequisite>CEC_Basics</researchPrerequisite>
      <skillRequirements>
        <Crafting>6</Crafting>
      </skillRequirements>
    </recipeMaker>
    <graphicData>
      <texPath>Apparel/SimpleEVASuit/Helmet</texPath>
      <graphicClass>Graphic_Single</graphicClass>
      <shaderType>CutoutComplex</shaderType>
    </graphicData>
    <costList Inherit="False">
      <O21_OR_Durasteel>30</O21_OR_Durasteel>
      <O21_OR_ComponentHypertech>1</O21_OR_ComponentHypertech>
    </costList>
    <statBases>
      <Mass>1</Mass>
      <WorkToMake>3000</WorkToMake>
      <MaxHitPoints>150</MaxHitPoints>
      <ArmorRating_Sharp>0.43</ArmorRating_Sharp>
      <ArmorRating_Blunt>0.47</ArmorRating_Blunt>
      <ArmorRating_Heat>0.71</ArmorRating_Heat>
      <Insulation_Cold>50</Insulation_Cold>
      <Insulation_Heat>25</Insulation_Heat>
      <EquipDelay>2</EquipDelay>
    </statBases>
    <equippedStatOffsets>
      <MoveSpeed>-0.04</MoveSpeed>
      <ToxicSensitivity>-0.6</ToxicSensitivity>
    </equippedStatOffsets>
    <generateCommonality>0</generateCommonality>
    <apparel>
      <bodyPartGroups>
        <li>FullHead</li>
      </bodyPartGroups>
      <wornGraphicPath>Apparel/SimpleEVASuit/Helmet</wornGraphicPath>
      <useWornGraphicMask>true</useWornGraphicMask>
      <layers>
        <li>Overhead</li>
      </layers>
      <tags>
        <li>EVA</li>
        <li>SimpleEVA</li>
      </tags>
      <defaultOutfitTags Inherit="False">
      </defaultOutfitTags>
    </apparel>
  </ThingDef>

</Defs>