<?xml version="1.0" encoding="utf-8" ?>
<Defs>
  
  <!--Rebel Captain-->
  <ThingDef ParentName="OR_UniformBodyFabricatedBase">
    <defName>CEC_RebelCaptainUniform</defName>
    <label>rebel captain uniform</label>
    <description>A durable uniform, most famously used by the Rebel Alliance.</description>
    <graphicData>
      <texPath>Apparel/RebelOfficer/Apparel_Male_south</texPath>
      <graphicClass>Graphic_Single</graphicClass>
      <shaderType>CutoutComplex</shaderType>
      <color>(255, 255, 255)</color>
    </graphicData>
    <recipeMaker>
      <researchPrerequisite>O21_OR_RebelArmor</researchPrerequisite>
    </recipeMaker>
    <apparel>
      <tags Inherit="False">
        <li>RebelCaptain</li>
      </tags>
      <wornGraphicPath>Apparel/RebelOfficer/Apparel</wornGraphicPath>
      <useWornGraphicMask>true</useWornGraphicMask>
    </apparel>
    <colorGenerator Class="ColorGenerator_Options">
      <options>
        <li>
          <weight>10</weight>
          <only>(255, 255, 255)</only>
        </li>
      </options>
    </colorGenerator>
  </ThingDef>
  
  <!--Rebel Crewman-->
  <ThingDef ParentName="OR_UniformBodyFabricatedBase">
    <defName>CEC_RebelCrewmanUniform_Blue</defName>
    <label>rebel crewman uniform (blue)</label>
    <description>A durable set of military fatigues, most famously used by the Rebel Alliance.</description>
    <graphicData>
      <texPath>Apparel/RebelCrewman/Blue/Uniform/Apparel_Male_south</texPath>
      <graphicClass>Graphic_Single</graphicClass>
      <shaderType>CutoutComplex</shaderType>
      <color>(255, 255, 255)</color>
    </graphicData>
    <recipeMaker>
      <researchPrerequisite>O21_OR_RebelArmor</researchPrerequisite>
    </recipeMaker>
    <apparel>
      <tags Inherit="False">
        <li>RebelCrawmen</li>
      </tags>
      <wornGraphicPath>Apparel/RebelCrewman/Blue/Uniform/Apparel</wornGraphicPath>
      <useWornGraphicMask>true</useWornGraphicMask>
    </apparel>
    <colorGenerator Class="ColorGenerator_Options">
      <options>
        <li>
          <weight>10</weight>
          <only>(255, 255, 255)</only>
        </li>
      </options>
    </colorGenerator>
  </ThingDef>

  <ThingDef ParentName="OR_UniformBodyFabricatedBase">
    <defName>CEC_RebelCrewmanUniform_Tan</defName>
    <label>rebel crewman uniform (tan)</label>
    <description>A durable set of military fatigues, most famously used by the Rebel Alliance.</description>
    <graphicData>
      <texPath>Apparel/RebelCrewman/Tan/Uniform/Apparel_Male_south</texPath>
      <graphicClass>Graphic_Single</graphicClass>
      <shaderType>CutoutComplex</shaderType>
      <color>(255, 255, 255)</color>
    </graphicData>
    <recipeMaker>
      <researchPrerequisite>O21_OR_RebelArmor</researchPrerequisite>
    </recipeMaker>
    <apparel>
      <tags Inherit="False">
        <li>RebelCrewman</li>
      </tags>
      <wornGraphicPath>Apparel/RebelCrewman/Tan/Uniform/Apparel</wornGraphicPath>
      <useWornGraphicMask>true</useWornGraphicMask>
    </apparel>
    <colorGenerator Class="ColorGenerator_Options">
      <options>
        <li>
          <weight>10</weight>
          <only>(255, 255, 255)</only>
        </li>
      </options>
    </colorGenerator>
  </ThingDef>


  <ThingDef ParentName="OR_MediumHelmetFabricatedBase">
    <defName>CEC_RebelCrewmanHelmet_Blue</defName>
    <label>rebel crewman helmet (blue)</label>
    <description>An armoured helmet used by Rebel Crewman, often worn by members of the Rebel Alliance.</description>
    <graphicData>
      <texPath>Apparel/RebelCrewman/Blue/Helmet/Helmet</texPath>
      <graphicClass>Graphic_Single</graphicClass>
      <shaderType>CutoutComplex</shaderType>
    </graphicData>
    <recipeMaker>
      <researchPrerequisite>O21_OR_RebelArmor</researchPrerequisite>
    </recipeMaker>
    <apparel>
      <tags Inherit="False">
        <li>RebelCrewman</li>
      </tags>
      <wornGraphicPath>Apparel/RebelCrewman/Blue/Helmet/Helmet</wornGraphicPath>
      <useWornGraphicMask>true</useWornGraphicMask>
    </apparel>
    <colorGenerator Class="ColorGenerator_Options">
      <options>
        <li>
          <weight>10</weight>
          <only>(255, 255, 255)</only>
        </li>
      </options>
    </colorGenerator>
  </ThingDef>

  <ThingDef ParentName="OR_MediumHelmetFabricatedBase">
    <defName>CEC_RebelCrewmanHelmet_Tan</defName>
    <label>rebel crewman helmet (tan)</label>
    <description>An armoured helmet used by Rebel Crewman, often worn by members of the Rebel Alliance.</description>
    <graphicData>
      <texPath>Apparel/RebelCrewman/Tan/Helmet/Helmet</texPath>
      <graphicClass>Graphic_Single</graphicClass>
      <shaderType>CutoutComplex</shaderType>
    </graphicData>
    <recipeMaker>
      <researchPrerequisite>O21_OR_RebelArmor</researchPrerequisite>
    </recipeMaker>
    <apparel>
      <tags Inherit="False">
        <li>RebelCrewman</li>
      </tags>
      <wornGraphicPath>Apparel/RebelCrewman/Tan/Helmet/Helmet</wornGraphicPath>
      <useWornGraphicMask>true</useWornGraphicMask>
    </apparel>
    <colorGenerator Class="ColorGenerator_Options">
      <options>
        <li>
          <weight>10</weight>
          <only>(255, 255, 255)</only>
        </li>
      </options>
    </colorGenerator>
  </ThingDef>


  <ThingDef ParentName="OR_MediumPauldronsFabricatedBase">
    <defName>CEC_RebelCrewmanPauldrons_Blue</defName>
    <label>rebel crewman pauldrons (blue)</label>
    <description>Armoured pauldrons used by the Rebel Alliance.</description>
    <graphicData>
      <texPath>Apparel/RebelCrewman/Blue/Pauldrons/Apparel</texPath>
      <graphicClass>Graphic_Single</graphicClass>
      <color>(255, 255, 255)</color>
    </graphicData>
    <recipeMaker>
      <researchPrerequisite>O21_OR_RebelArmor</researchPrerequisite>
    </recipeMaker>
    <apparel>
      <tags Inherit="False">
        <li>RebelCrewman</li>
      </tags>
      <wornGraphicPath>Apparel/RebelCrewman/Blue/Pauldrons/Apparel</wornGraphicPath>
      <useWornGraphicMask>false</useWornGraphicMask>
    </apparel>
    <colorGenerator Class="ColorGenerator_Options">
      <options>
        <li>
          <weight>10</weight>
          <only>(255, 255, 255)</only>
        </li>
      </options>
    </colorGenerator>
  </ThingDef>

  <ThingDef ParentName="OR_MediumPauldronsFabricatedBase">
    <defName>CEC_RebelCrewmanPauldrons_Tan</defName>
    <label>rebel crewman pauldrons (tan)</label>
    <description>Armoured pauldrons used by the Rebel Alliance.</description>
    <graphicData>
      <texPath>Apparel/RebelCrewman/Tan/Pauldrons/Apparel</texPath>
      <graphicClass>Graphic_Single</graphicClass>
      <color>(255, 255, 255)</color>
    </graphicData>
    <recipeMaker>
      <researchPrerequisite>O21_OR_RebelArmor</researchPrerequisite>
    </recipeMaker>
    <apparel>
      <tags Inherit="False">
        <li>RebelCrewman</li>
      </tags>
      <wornGraphicPath>Apparel/RebelCrewman/Tan/Pauldrons/Apparel</wornGraphicPath>
      <useWornGraphicMask>false</useWornGraphicMask>
    </apparel>
    <colorGenerator Class="ColorGenerator_Options">
      <options>
        <li>
          <weight>10</weight>
          <only>(255, 255, 255)</only>
        </li>
      </options>
    </colorGenerator>
  </ThingDef>

  <!--Rebel Pilot-->
  <ThingDef ParentName="OR_LightHelmetFabricatedBase" Name="CEC_RebelPilotBase" Abstract="True">
    <description>An armoured helmet used by the Rebel Alliance in the Starfighter Corps.</description>
    <graphicData>
      <graphicClass>Graphic_Single</graphicClass>
      <shaderType>CutoutComplex</shaderType>
      <color>(255, 255, 255)</color>
    </graphicData>
    <recipeMaker>
      <researchPrerequisite>O21_OR_RebelArmor</researchPrerequisite>
    </recipeMaker>
    <apparel>
      <tags Inherit="False">
        <li>RebelPilot</li>
      </tags>
      <useWornGraphicMask>true</useWornGraphicMask>
    </apparel>
    <colorGenerator Class="ColorGenerator_Options" Inherit="False">
      <options>
        <li>
          <weight>15</weight>
          <only>(227, 0, 0)</only>
        </li>
        <li>
          <weight>8</weight>
          <only>(121, 0, 0)</only>
        </li>
        <li>
          <weight>6</weight>
          <only>(42, 17, 187)</only>
        </li>
        <li>
          <weight>3</weight>
          <only>(213, 213, 0)</only>
        </li>
      </options>
    </colorGenerator>
  </ThingDef>
  
  <ThingDef ParentName="CEC_RebelPilotBase">
    <defName>CEC_RebelPilotHelmet_A</defName>
    <label>rebel pilot helmet (standard)</label>
    <graphicData>
      <texPath>Apparel/RebelPilot/Helmet/Standard/Helmet</texPath>
    </graphicData>
    <apparel>
      <wornGraphicPath>Apparel/RebelPilot/Helmet/Standard/Helmet</wornGraphicPath>
    </apparel>
  </ThingDef>
  
  <ThingDef ParentName="CEC_RebelPilotBase">
    <defName>CEC_RebelPilotHelmet_B</defName>
    <label>rebel pilot helmet (stripe)</label>
    <graphicData>
      <texPath>Apparel/RebelPilot/Helmet/Stripe/Helmet</texPath>
    </graphicData>
    <apparel>
      <wornGraphicPath>Apparel/RebelPilot/Helmet/Stripe/Helmet</wornGraphicPath>
    </apparel>
  </ThingDef>
    
  <ThingDef ParentName="CEC_RebelPilotBase">
    <defName>CEC_RebelPilotHelmet_C</defName>
    <label>rebel pilot helmet (color)</label>
    <graphicData>
      <texPath>Apparel/RebelPilot/Helmet/Color/Helmet</texPath>
    </graphicData>
    <apparel>
      <wornGraphicPath>Apparel/RebelPilot/Helmet/Color/Helmet</wornGraphicPath>
    </apparel>
  </ThingDef>
    
  <ThingDef ParentName="CEC_RebelPilotBase">
    <defName>CEC_RebelPilotHelmet_D</defName>
    <label>rebel pilot helmet (wedge)</label>
    <graphicData>
      <texPath>Apparel/RebelPilot/Helmet/Wedge/Helmet</texPath>
      <colorTwo>(60, 58, 66)</colorTwo>
    </graphicData>
    <apparel>
      <wornGraphicPath>Apparel/RebelPilot/Helmet/Wedge/Helmet</wornGraphicPath>
    </apparel>
  </ThingDef>

  <ThingDef ParentName="OR_LightArmorFabricatedBase">
    <defName>CEC_RebelPilotSuit</defName>
    <label>rebel pilot suit</label>
    <description>An lightly armoured pilot suit used by the Rebel Alliance in the Starfighter Corps.</description>
    <graphicData>
      <texPath>Apparel/RebelPilot/Apparel</texPath>
      <graphicClass>Graphic_Single</graphicClass>
      <shaderType>CutoutComplex</shaderType>
      <color>(255, 255, 255)</color>
    </graphicData>
    <recipeMaker>
      <researchPrerequisite>O21_OR_RebelArmor</researchPrerequisite>
    </recipeMaker>
    <costList Inherit="False">
      <O21_OR_Durasteel>30</O21_OR_Durasteel>
      <O21_OR_Durafiber>25</O21_OR_Durafiber>
      <O21_OR_ComponentHypertech>2</O21_OR_ComponentHypertech>
    </costList>
    <apparel>
      <tags Inherit="False">
        <li>RebelPilot</li>
      </tags>
      <wornGraphicPath>Apparel/RebelPilot/Apparel</wornGraphicPath>
      <useWornGraphicMask>true</useWornGraphicMask>
    </apparel>
    <colorGenerator Class="ColorGenerator_Options" Inherit="False">
      <options>
        <li>
          <weight>20</weight>
          <only>(242, 124, 28)</only>
        </li>
        <li>
          <weight>3</weight>
          <only>(238, 55, 55)</only>
        </li>
        <li>
          <weight>8</weight>
          <only>(17, 164, 22)</only>
        </li>
        <li>
          <weight>5</weight>
          <only>(56, 56, 200)</only>
        </li>
      </options>
    </colorGenerator>
  </ThingDef>

  <!--TIE Pilot-->
  <ThingDef ParentName="OR_MediumHelmetFabricatedBase">
    <defName>CEC_TIEPilotHelmet</defName>
    <label>TIE pilot helmet</label>
    <description>An airtight, armoured helmet used by the Galactic Empire in the Starfighter Corps.</description>
    <graphicData>
      <texPath>Apparel/TIEPilot/Helmet</texPath>
      <graphicClass>Graphic_Single</graphicClass>
      <color>(255, 255, 255)</color>
    </graphicData>
    <recipeMaker>
      <researchPrerequisite>O21_OR_ImperialArmor</researchPrerequisite>
    </recipeMaker>
    <equippedStatOffsets>
      <ShootingAccuracyPawn>-2</ShootingAccuracyPawn>
    </equippedStatOffsets>
    <statBases>
      <Insulation_Cold>50</Insulation_Cold>
    </statBases>
    <apparel>
      <tags Inherit="False">
        <li>ImperialApparel</li>
        <li>ImperialTIE</li>
        <li>EVA</li>
      </tags>
      <wornGraphicPath>Apparel/TIEPilot/Helmet</wornGraphicPath>
      <useWornGraphicMask>false</useWornGraphicMask>
    </apparel>
    <colorGenerator Class="ColorGenerator_Options" Inherit="False">
      <options>
        <li>
          <weight>10</weight>
          <only>(255, 255, 255)</only>
        </li>
      </options>
    </colorGenerator>
  </ThingDef>

  <ThingDef ParentName="OR_LightArmorFabricatedBase">
    <defName>CEC_TIEPilotSuit</defName>
    <label>TIE pilot suit</label>
    <description>An airtight, lightly armoured pilot suit used by the Galactic Empire in the Starfighter Corps. Airtight helmet needed.</description>
    <graphicData>
      <texPath>Apparel/TIEPilot/Apparel_Male_south</texPath>
      <graphicClass>Graphic_Single</graphicClass>
      <color>(255, 255, 255)</color>
    </graphicData>
    <recipeMaker>
      <researchPrerequisite>O21_OR_ImperialArmor</researchPrerequisite>
    </recipeMaker>
    <apparel>
      <tags Inherit="False">
        <li>ImperialApparel</li>
        <li>ImperialTIE</li>
        <li>EVA</li>
      </tags>
      <wornGraphicPath>Apparel/TIEPilot/Apparel</wornGraphicPath>
      <useWornGraphicMask>false</useWornGraphicMask>
    </apparel>
    <statBases>
      <Insulation_Cold>50</Insulation_Cold>
    </statBases>
    <costList Inherit="False">
      <O21_OR_Durasteel>60</O21_OR_Durasteel>
      <O21_OR_Durafiber>35</O21_OR_Durafiber>
      <O21_OR_ComponentHypertech>2</O21_OR_ComponentHypertech>
    </costList>
    <colorGenerator Class="ColorGenerator_Options" Inherit="False">
      <options>
        <li>
          <weight>10</weight>
          <only>(255, 255, 255)</only>
        </li>
      </options>
    </colorGenerator>
  </ThingDef>

</Defs>