<?xml version="1.0" encoding="utf-8" ?>
<Defs>

	<!--Judicial Forces-->
  <PawnKindDef>
		<defName>CEC_JudicialForces</defName>
		<label>judicial</label>
		<labelPlural>judicials</labelPlural>
		<isFighter>true</isFighter>
		<weaponTags Inherit="false">
			<li>CloneTrooper</li>
		</weaponTags>
		<apparelAllowHeadgearChance>0.7</apparelAllowHeadgearChance>
		<apparelTags Inherit="False">
			<li>JudicialForces</li>
		</apparelTags>
		<apparelRequired>
			<li>CEC_JudicialForcesUniform</li>
		</apparelRequired>
		<combatPower>80</combatPower>
  
		<defaultFactionType>O21_OR_CloneBattalionPhaseTwo</defaultFactionType>
		<baseRecruitDifficulty>1.0</baseRecruitDifficulty>
		<apparelIgnoreSeasons>true</apparelIgnoreSeasons>
		<itemQuality>Normal</itemQuality>
		<race>Human</race>
		<gearHealthRange>
			<min>0.5</min>
			<max>2</max>
		</gearHealthRange>
		<apparelMoney>
			<min>1300</min>
			<max>2000</max>
		</apparelMoney>
		<weaponMoney>
			<min>40000</min>
			<max>40000</max>
		</weaponMoney>
		<techHediffsMoney>
			<min>12000</min>
			<max>20000</max>
		</techHediffsMoney>
		<techHediffsTags>
			<li>Advanced</li>
		</techHediffsTags>
		<inventoryOptions>
			<skipChance>0.9</skipChance>
			<subOptionsChooseOne>
				<li>
					<thingDef>MedicineUltratech</thingDef>
					<countRange>1</countRange>
				</li>
				<li>
					<thingDef>O21_OR_GalacticCredits</thingDef>
					<countRange>10~300</countRange>
				</li>
			</subOptionsChooseOne>
		</inventoryOptions>
		<techHediffsChance>0</techHediffsChance>
    <initialWillRange>5~10</initialWillRange>
    <initialResistanceRange>10~20</initialResistanceRange>
	</PawnKindDef>

</Defs>
