<?xml version="1.0" encoding="UTF-8"?>
<Defs>

  <ResearchTabDef>
    <defName>CEC_ResearchTabCorellianStarships</defName>
    <label>Starships</label>
  </ResearchTabDef>

  <ResearchProjectDef ParentName="ShipResearchProjectBase">
    <defName>CEC_Basics</defName>
    <label>Hypertech Starships</label>
    <description>Construct the structural and supportive elements of a corellian starship.</description>
    <baseCost>1000</baseCost>
    <techLevel>Spacer</techLevel>
    <prerequisites>
      <li>ShipEngine</li>
    </prerequisites>
    <tab>CEC_ResearchTabCorellianStarships</tab>
    <researchViewX>0</researchViewX>
    <researchViewY>0</researchViewY>
  </ResearchProjectDef>
  
  <!--Turrets-->
  <ResearchProjectDef ParentName="ShipResearchProjectBase">
    <defName>CEC_Turbolaser_Turrets</defName>
    <label>Turbolaser</label>
    <description>Add turbolaser turrets to your star ships for ship-to-ship combat. They run on tibanna gas.</description>
    <baseCost>4000</baseCost>
    <techLevel>Spacer</techLevel>
    <prerequisites>
      <li>CEC_Basics</li>
    </prerequisites>
    <tab>CEC_ResearchTabCorellianStarships</tab>
    <researchViewX>0</researchViewX>
    <researchViewY>1.5</researchViewY>
  </ResearchProjectDef>

  <ResearchProjectDef ParentName="ShipResearchProjectBase">
    <defName>CEC_LaserCannon_Turrets</defName>
    <label>Laser Cannon</label>
    <description>Add laser cannon turrets to your star ships for ship-to-ship combat. They run on tibanna gas. They are less powerful, but they have a point-defense function.</description>
    <baseCost>3000</baseCost>
    <techLevel>Spacer</techLevel>
    <prerequisites>
      <li>CEC_Basics</li>
    </prerequisites>
    <tab>CEC_ResearchTabCorellianStarships</tab>
    <researchViewX>0</researchViewX>
    <researchViewY>2.25</researchViewY>
  </ResearchProjectDef>

  <ResearchProjectDef ParentName="ShipResearchProjectBase">
    <defName>CEC_TorpedoLauncher_Turrets</defName>
    <label>Torpedo Launcher</label>
    <description>Add torpedo launchers to your star ships for ship-to-ship combat. You can load up to 20 proton torpedos.</description>
    <baseCost>3000</baseCost>
    <techLevel>Spacer</techLevel>
    <prerequisites>
      <li>CEC_Basics</li>
    </prerequisites>
    <tab>CEC_ResearchTabCorellianStarships</tab>
    <researchViewX>0</researchViewX>
    <researchViewY>3</researchViewY>
  </ResearchProjectDef>

  <ResearchProjectDef ParentName="ShipResearchProjectBase">
    <defName>CEC_StarFighter_Turrets</defName>
    <label>Star Fighter (Turrets)</label>
    <description>Add star fighters to your star ships for ship-to-ship combat. They function like the other turrets.</description>
    <baseCost>500</baseCost>
    <techLevel>Spacer</techLevel>
    <prerequisites>
      <li>CEC_Basics</li>
    </prerequisites>
    <tab>CEC_ResearchTabCorellianStarships</tab>
    <researchViewX>0</researchViewX>
    <researchViewY>3.75</researchViewY>
  </ResearchProjectDef>

  <!--Star Ships-->
  <ResearchProjectDef ParentName="ShipResearchProjectBase">
    <defName>CEC_CEC_Civilian_Parts</defName>
    <label>CEC - Civilian</label>
    <description>Build CEC civilian star ships with preformed ship parts. A set of ion engines is provided for each ship. These can be used in orbit.</description>
    <baseCost>4000</baseCost>
    <techLevel>Spacer</techLevel>
    <prerequisites>
      <li>CEC_Basics</li>
    </prerequisites>
    <tab>CEC_ResearchTabCorellianStarships</tab>
    <researchViewX>1</researchViewX>
    <researchViewY>0</researchViewY>
  </ResearchProjectDef>

  <ResearchProjectDef ParentName="ShipResearchProjectBase">
    <defName>CEC_CEC_CloneWars_Parts</defName>
    <label>CEC - Clone Wars Retrofit</label>
    <description>Build CEC retrofited star ships with preformed ship parts. A set of ion engines is provided for each ship. These can be used in orbit.</description>
    <baseCost>1500</baseCost>
    <techLevel>Spacer</techLevel>
    <prerequisites>
      <li>CEC_CEC_Civilian_Parts</li>
    </prerequisites>
    <tab>CEC_ResearchTabCorellianStarships</tab>
    <researchViewX>2</researchViewX>
    <researchViewY>0</researchViewY>
  </ResearchProjectDef>

  <ResearchProjectDef ParentName="ShipResearchProjectBase">
    <defName>CEC_CEC_ImpGozanti_Parts</defName>
    <label>CEC - Imperial Gozanti</label>
    <description>Build two imperial gozanti-class cruisers with preformed ship parts. A set of ion engines is provided for each ship. These can be used in orbit.</description>
    <baseCost>1500</baseCost>
    <techLevel>Spacer</techLevel>
    <prerequisites>
      <li>CEC_CEC_Civilian_Parts</li>
    </prerequisites>
    <tab>CEC_ResearchTabCorellianStarships</tab>
    <researchViewX>3</researchViewX>
    <researchViewY>0</researchViewY>
  </ResearchProjectDef>

  <ResearchProjectDef ParentName="ShipResearchProjectBase">
    <defName>CEC_CEC_CISGozanti_Parts</defName>
    <label>CEC - CIS Gozanti</label>
    <description>Build a CIS gozanti-class cruiser with preformed ship parts. A set of ion engines is provided for each ship. These can be used in orbit.</description>
    <baseCost>1000</baseCost>
    <techLevel>Spacer</techLevel>
    <prerequisites>
      <li>CEC_CEC_Civilian_Parts</li>
    </prerequisites>
    <tab>CEC_ResearchTabCorellianStarships</tab>
    <researchViewX>4</researchViewX>
    <researchViewY>0</researchViewY>
  </ResearchProjectDef>

  <ResearchProjectDef ParentName="ShipResearchProjectBase">
    <defName>CEC_CEC_Armed_Parts</defName>
    <label>CEC - Armed</label>
    <description>Build CEC armed star ships with preformed ship parts. A set of ion engines is provided for each ship. These can be used in orbit.</description>
    <baseCost>4000</baseCost>
    <techLevel>Spacer</techLevel>
    <prerequisites>
      <li>CEC_Basics</li>
    </prerequisites>
    <tab>CEC_ResearchTabCorellianStarships</tab>
    <researchViewX>1</researchViewX>
    <researchViewY>0.75</researchViewY>
  </ResearchProjectDef>

  <ResearchProjectDef ParentName="ShipResearchProjectBase">
    <defName>CEC_CEC_Freighters_Parts</defName>
    <label>CEC - Freighters</label>
    <description>Build CEC freighters with preformed ship parts. A set of ion engines is provided for each ship. These can be used in orbit.</description>
    <baseCost>2000</baseCost>
    <techLevel>Spacer</techLevel>
    <prerequisites>
      <li>CEC_Basics</li>
    </prerequisites>
    <tab>CEC_ResearchTabCorellianStarships</tab>
    <researchViewX>1</researchViewX>
    <researchViewY>1.5</researchViewY>
  </ResearchProjectDef>

  <ResearchProjectDef ParentName="ShipResearchProjectBase">
    <defName>CEC_Sienar_Parts</defName>
    <label>Sienar Fleet Systems</label>
    <description>Build Sienar Fleet Systems star ships with preformed ship parts. A set of ion engines is provided for each ship. These can be used in orbit.</description>
    <baseCost>1500</baseCost>
    <techLevel>Spacer</techLevel>
    <prerequisites>
      <li>CEC_Basics</li>
    </prerequisites>
    <tab>CEC_ResearchTabCorellianStarships</tab>
    <researchViewX>1</researchViewX>
    <researchViewY>2.25</researchViewY>
  </ResearchProjectDef>

  <ResearchProjectDef ParentName="ShipResearchProjectBase">
    <defName>CEC_KDY_CloneWars_Parts</defName>
    <label>KDY - Clone Wars</label>
    <description>Build KDY clone wars star ships with preformed ship parts. A set of ion engines is provided for each ship. These can be used in orbit.</description>
    <baseCost>2500</baseCost>
    <techLevel>Spacer</techLevel>
    <prerequisites>
      <li>CEC_Basics</li>
    </prerequisites>
    <tab>CEC_ResearchTabCorellianStarships</tab>
    <researchViewX>1</researchViewX>
    <researchViewY>3</researchViewY>
  </ResearchProjectDef>
  
  <ResearchProjectDef ParentName="ShipResearchProjectBase">
    <defName>CEC_KDY_Victory_Parts</defName>
    <label>Victor Initiative Project</label>
    <description>Build a victory-class star destroyer with preformed ship parts. A set of ion engines is provided for each ship. These can be used in orbit.</description>
    <baseCost>1000</baseCost>
    <techLevel>Spacer</techLevel>
    <prerequisites>
      <li>CEC_KDY_CloneWars_Parts</li>
      <li>CEC_Rendili_Parts</li>
    </prerequisites>
    <tab>CEC_ResearchTabCorellianStarships</tab>
    <researchViewX>2</researchViewX>
    <researchViewY>3</researchViewY>
  </ResearchProjectDef>

  <ResearchProjectDef ParentName="ShipResearchProjectBase">
    <defName>CEC_KDY_EarlyEmpire_Parts</defName>
    <label>KDY - Early Empire</label>
    <description>Build KDY early empire star ships with preformed ship parts. A set of ion engines is provided for each ship. These can be used in orbit.</description>
    <baseCost>3000</baseCost>
    <techLevel>Spacer</techLevel>
    <prerequisites>
      <li>CEC_Basics</li>
    </prerequisites>
    <tab>CEC_ResearchTabCorellianStarships</tab>
    <researchViewX>1</researchViewX>
    <researchViewY>3.75</researchViewY>
  </ResearchProjectDef>

  <ResearchProjectDef ParentName="ShipResearchProjectBase">
    <defName>CEC_KDY_RebelRetrofit_Parts</defName>
    <label>KDY - Rebel Retrofit</label>
    <description>Rebuild KDY early empire star ships with preformed ship parts. A set of ion engines is provided for each ship. These can be used in orbit.</description>
    <baseCost>1000</baseCost>
    <techLevel>Spacer</techLevel>
    <prerequisites>
      <li>CEC_KDY_EarlyEmpire_Parts</li>
    </prerequisites>
    <tab>CEC_ResearchTabCorellianStarships</tab>
    <researchViewX>2</researchViewX>
    <researchViewY>3.75</researchViewY>
  </ResearchProjectDef>

  <ResearchProjectDef ParentName="ShipResearchProjectBase">
    <defName>CEC_KDY_Empire_Parts</defName>
    <label>KDY - Empire</label>
    <description>Build KDY empire star ships with preformed ship parts. A set of ion engines is provided for each ship. These can be used in orbit.</description>
    <baseCost>4000</baseCost>
    <techLevel>Spacer</techLevel>
    <prerequisites>
      <li>CEC_Basics</li>
    </prerequisites>
    <tab>CEC_ResearchTabCorellianStarships</tab>
    <researchViewX>1</researchViewX>
    <researchViewY>4.5</researchViewY>
  </ResearchProjectDef>

  <ResearchProjectDef ParentName="ShipResearchProjectBase">
    <defName>CEC_KDY_Onager_Parts</defName>
    <label>KDY - Onager-Class Star Destroyer</label>
    <description>Build an onager-class star destroyer with preformed ship parts. A set of ion engines is provided for each ship. These can be used in orbit.</description>
    <baseCost>2000</baseCost>
    <techLevel>Spacer</techLevel>
    <prerequisites>
      <li>CEC_KDY_Empire_Parts</li>
    </prerequisites>
    <tab>CEC_ResearchTabCorellianStarships</tab>
    <researchViewX>2</researchViewX>
    <researchViewY>4.5</researchViewY>
  </ResearchProjectDef>

  <ResearchProjectDef ParentName="ShipResearchProjectBase">
    <defName>CEC_KDY_Freighters_Parts</defName>
    <label>KDY - Freighters</label>
    <description>Build KDY freighters with preformed ship parts. A set of ion engines is provided for each ship. These can be used in orbit.</description>
    <baseCost>1500</baseCost>
    <techLevel>Spacer</techLevel>
    <prerequisites>
      <li>CEC_Basics</li>
    </prerequisites>
    <tab>CEC_ResearchTabCorellianStarships</tab>
    <researchViewX>1</researchViewX>
    <researchViewY>5.25</researchViewY>
  </ResearchProjectDef>

  <ResearchProjectDef ParentName="ShipResearchProjectBase">
    <defName>CEC_Sorosuub_Parts</defName>
    <label>Sorosuub Corperation</label>
    <description>Build Sorosuub Corperation star ships with preformed ship parts. A set of ion engines is provided for each ship. These can be used in orbit.</description>
    <baseCost>1500</baseCost>
    <techLevel>Spacer</techLevel>
    <prerequisites>
      <li>CEC_Basics</li>
    </prerequisites>
    <tab>CEC_ResearchTabCorellianStarships</tab>
    <researchViewX>1</researchViewX>
    <researchViewY>6.75</researchViewY>
  </ResearchProjectDef>

  <ResearchProjectDef ParentName="ShipResearchProjectBase">
    <defName>CEC_Rendili_Parts</defName>
    <label>Rendili Stardrive</label>
    <description>Build Rendili Stardrive star ships with preformed ship parts. A set of ion engines is provided for each ship. These can be used in orbit.</description>
    <baseCost>1500</baseCost>
    <techLevel>Spacer</techLevel>
    <prerequisites>
      <li>CEC_Basics</li>
    </prerequisites>
    <tab>CEC_ResearchTabCorellianStarships</tab>
    <researchViewX>1</researchViewX>
    <researchViewY>6</researchViewY>
  </ResearchProjectDef>

  <ResearchProjectDef ParentName="ShipResearchProjectBase">
    <defName>CEC_HoerschKessel_Parts</defName>
    <label>Hoersch-Kessel Drive Inc.</label>
    <description>Build CIS star ships with preformed ship parts. A set of ion engines is provided for each ship. These can be used in orbit.</description>
    <baseCost>3500</baseCost>
    <techLevel>Spacer</techLevel>
    <prerequisites>
      <li>CEC_Basics</li>
    </prerequisites>
    <tab>CEC_ResearchTabCorellianStarships</tab>
    <researchViewX>1</researchViewX>
    <researchViewY>7.5</researchViewY>
  </ResearchProjectDef>

  <ResearchProjectDef ParentName="ShipResearchProjectBase">
    <defName>CEC_Quarran_Parts</defName>
    <label>Free Dac Volunteers Engineering Corps</label>
    <description>Build quarran CIS star ships with preformed ship parts. A set of ion engines is provided for each ship. These can be used in orbit.</description>
    <baseCost>2500</baseCost>
    <techLevel>Spacer</techLevel>
    <prerequisites>
      <li>CEC_Basics</li>
    </prerequisites>
    <tab>CEC_ResearchTabCorellianStarships</tab>
    <researchViewX>1</researchViewX>
    <researchViewY>8.25</researchViewY>
  </ResearchProjectDef>

  <ResearchProjectDef ParentName="ShipResearchProjectBase">
    <defName>CEC_MegaIonCannon_Turrets</defName>
    <label>Mega Ion Cannon</label>
    <description>Add a mega ion cannon to your star ships for ship-to-ship combat. This functions like a spinal weapon. Should deactivate many parts of a star ship, but needs lots of power and time to cool down.</description>
    <baseCost>10000</baseCost>
    <techLevel>Spacer</techLevel>
    <prerequisites>
      <li>CEC_Quarran_Parts</li>
    </prerequisites>
    <tab>CEC_ResearchTabCorellianStarships</tab>
    <researchViewX>0</researchViewX>
    <researchViewY>8.25</researchViewY>
  </ResearchProjectDef>

  <!--<ResearchProjectDef ParentName="ShipResearchProjectBase">
    <defName>CEC_MonCalamari_Parts</defName>
    <label>Mon Calamari Shipyards</label>
    <description>Build mon calamri star ships with preformed ship parts. A set of ion engines is provided for each ship. These can be used in orbit.</description>
    <baseCost>3000</baseCost>
    <techLevel>Spacer</techLevel>
    <prerequisites>
      <li>CEC_Basics</li>
    </prerequisites>
    <tab>CEC_ResearchTabCorellianStarships</tab>
    <researchViewX>1</researchViewX>
    <researchViewY>9</researchViewY>
  </ResearchProjectDef>-->

</Defs>