<?xml version="1.0" encoding="utf-8" ?>
<Defs>
  
  <DesignatorDropdownGroupDef>
    <defName>CEC_CR90_Dropdown</defName>
  </DesignatorDropdownGroupDef>

  <DesignatorDropdownGroupDef>
    <defName>CEC_CCC_Dropdown</defName>
  </DesignatorDropdownGroupDef>

  <DesignatorDropdownGroupDef>
    <defName>CEC_CC70R_Dropdown</defName>
  </DesignatorDropdownGroupDef>

  <DesignatorDropdownGroupDef>
    <defName>CEC_SCC_Dropdown</defName>
  </DesignatorDropdownGroupDef>

  <DesignatorDropdownGroupDef>
    <defName>CEC_IGCC_Dropdown</defName>
  </DesignatorDropdownGroupDef>

  <DesignatorDropdownGroupDef>
    <defName>CEC_RGCC_Dropdown</defName>
  </DesignatorDropdownGroupDef>

  <DesignatorDropdownGroupDef>
    <defName>CEC_IPV2SC_Dropdown</defName>
  </DesignatorDropdownGroupDef>

  <DesignatorDropdownGroupDef>
    <defName>CEC_CSS1SS_Dropdown</defName>
  </DesignatorDropdownGroupDef>

  <DesignatorDropdownGroupDef>
    <defName>CEC_CR20TC_Dropdown</defName>
  </DesignatorDropdownGroupDef>

  <DesignatorDropdownGroupDef>
    <defName>CEC_DP20F_Dropdown</defName>
  </DesignatorDropdownGroupDef>

  <DesignatorDropdownGroupDef>
    <defName>CEC_ACAC_Dropdown</defName>
  </DesignatorDropdownGroupDef>
  
  <DesignatorDropdownGroupDef>
    <defName>CEC_PCF_Dropdown</defName>
  </DesignatorDropdownGroupDef>

  <DesignatorDropdownGroupDef>
    <defName>CEC_RACLC_Dropdown</defName>
  </DesignatorDropdownGroupDef>
  
  <DesignatorDropdownGroupDef>
    <defName>CEC_IACLC_Dropdown</defName>
  </DesignatorDropdownGroupDef>

  <DesignatorDropdownGroupDef>
    <defName>CEC_VCSD_Dropdown</defName>
  </DesignatorDropdownGroupDef>

  <DesignatorDropdownGroupDef>
    <defName>CEC_GCSD_Dropdown</defName>
  </DesignatorDropdownGroupDef>

  <DesignatorDropdownGroupDef>
    <defName>CEC_ICSD_Dropdown</defName>
  </DesignatorDropdownGroupDef>

  <DesignatorDropdownGroupDef>
    <defName>CEC_OCSD_Dropdown</defName>
  </DesignatorDropdownGroupDef>

  <DesignatorDropdownGroupDef>
    <defName>CEC_IVCSD_Dropdown</defName>
  </DesignatorDropdownGroupDef>

  <DesignatorDropdownGroupDef>
    <defName>CEC_RCC_Dropdown</defName>
  </DesignatorDropdownGroupDef>

  <DesignatorDropdownGroupDef>
    <defName>CEC_LCF_Dropdown</defName>
  </DesignatorDropdownGroupDef>

  <DesignatorDropdownGroupDef>
    <defName>CEC_QCC_Dropdown</defName>
  </DesignatorDropdownGroupDef>

  <DesignatorDropdownGroupDef>
    <defName>CEC_INBF_Dropdown</defName>
  </DesignatorDropdownGroupDef>

  <DesignatorDropdownGroupDef>
    <defName>CEC_RNBF_Dropdown</defName>
  </DesignatorDropdownGroupDef>

  <DesignatorDropdownGroupDef>
    <defName>CEC_VCC_Dropdown</defName>
  </DesignatorDropdownGroupDef>

  <DesignatorDropdownGroupDef>
    <defName>CEC_DCHC_Dropdown</defName>
  </DesignatorDropdownGroupDef>
  
  <!--New (1)--> 
  <DesignatorDropdownGroupDef>
    <defName>CEC_CISGCC_Dropdown</defName>
  </DesignatorDropdownGroupDef>

  <DesignatorDropdownGroupDef>
    <defName>CEC_CISSS_Dropdown</defName>
  </DesignatorDropdownGroupDef>

  <DesignatorDropdownGroupDef>
    <defName>CEC_RCLD_Dropdown</defName>
  </DesignatorDropdownGroupDef>

  <DesignatorDropdownGroupDef>
    <defName>CEC_MCSF_Dropdown</defName>
  </DesignatorDropdownGroupDef>

  <DesignatorDropdownGroupDef>
    <defName>CEC_PCD_Dropdown</defName>
  </DesignatorDropdownGroupDef>

  <DesignatorDropdownGroupDef>
    <defName>CEC_LCC_Dropdown</defName>
  </DesignatorDropdownGroupDef>

  <!--New (2)-->
  <DesignatorDropdownGroupDef>
    <defName>CEC_C4CT_Dropdown</defName>
  </DesignatorDropdownGroupDef>

  <DesignatorDropdownGroupDef>
    <defName>CEC_C6EP_Dropdown</defName>
  </DesignatorDropdownGroupDef>

  <DesignatorDropdownGroupDef>
    <defName>CEC_ESB_Dropdown</defName>
  </DesignatorDropdownGroupDef>

  <DesignatorDropdownGroupDef>
    <defName>CEC_GR75_Dropdown</defName>
  </DesignatorDropdownGroupDef>

  <DesignatorDropdownGroupDef>
    <defName>CEC_TR19_Dropdown</defName>
  </DesignatorDropdownGroupDef>

  <DesignatorDropdownGroupDef>
    <defName>CEC_VCX100_Dropdown</defName>
  </DesignatorDropdownGroupDef>

  <DesignatorDropdownGroupDef>
    <defName>CEC_YT_Dropdown</defName>
  </DesignatorDropdownGroupDef>

  <DesignatorDropdownGroupDef>
    <defName>CEC_ZCS_Dropdown</defName>
  </DesignatorDropdownGroupDef>
  
    
</Defs>