﻿<?xml version="1.0" encoding="utf-8"?>
<Defs>

  <TraderKindDef>
    <defName>CEC_Orbital_ShipParts</defName>
    <label>Galactic Starship Corporation</label>
    <orbital>true</orbital>
    <stockGenerators>
      <!-- ShipParts -->
      <li Class="StockGenerator_Tag">
        <tradeTag>CEC_OrbitalTrader_Tag</tradeTag>
        <thingDefCountRange>30~50</thingDefCountRange>
        <countRange>1~5</countRange>
      </li>
      <!-- Buying -->
      <li Class="StockGenerator_BuyTradeTag"><tag>CEC_OrbitalTrader_Tag</tag></li>
    </stockGenerators>
  </TraderKindDef>

</Defs>
