﻿<?xml version="1.0" encoding="utf-8" ?>
<Defs>

  <DesignatorDropdownGroupDef>
    <defName>CEC_Hangar_Dropdown</defName>
  </DesignatorDropdownGroupDef>

  <DesignatorDropdownGroupDef>
    <defName>CEC_Floor_Dropdown</defName>
  </DesignatorDropdownGroupDef>

  <DesignatorDropdownGroupDef>
    <defName>CEC_ShipWall_Dropdown</defName>
  </DesignatorDropdownGroupDef>

  <DesignatorDropdownGroupDef>
    <defName>CEC_CargoWall_Dropdown</defName>
  </DesignatorDropdownGroupDef>

  <!--Ship Hull-->
  <ThingDef ParentName="BuildingBase">
    <defName>CEC_ShipWall</defName>
    <label>starship ship hull</label>
    <description>The structural elements of a starship's hull. Includes conduits for power, life-support gases, and coolant.</description>
    <thingClass>Building</thingClass>
    <graphicData>
      <texPath>Structure/CorellianShipWalls</texPath>
      <graphicClass>Graphic_Single</graphicClass>
      <linkType>CornerFiller</linkType>
      <linkFlags>
        <li>Wall</li>
        <li>Rock</li>
      </linkFlags>
      <damageData>
        <cornerTL>Damage/Corner</cornerTL>
        <cornerTR>Damage/Corner</cornerTR>
        <cornerBL>Damage/Corner</cornerBL>
        <cornerBR>Damage/Corner</cornerBR>
        <edgeTop>Damage/Edge</edgeTop>
        <edgeBot>Damage/Edge</edgeBot>
        <edgeLeft>Damage/Edge</edgeLeft>
        <edgeRight>Damage/Edge</edgeRight>
      </damageData>
    </graphicData>
    <uiIconPath>Structure/CorellianShipWalls_MenuIcon</uiIconPath>
    <altitudeLayer>Building</altitudeLayer>
    <passability>Impassable</passability>
    <neverMultiSelect>true</neverMultiSelect>
    <blockWind>true</blockWind>
    <castEdgeShadows>true</castEdgeShadows>
    <fillPercent>1</fillPercent>
    <blockLight>true</blockLight>
    <canOverlapZones>false</canOverlapZones>
    <statBases>
      <WorkToBuild>1600</WorkToBuild>
      <MaxHitPoints>1000</MaxHitPoints>
      <Flammability>0</Flammability>
    </statBases>
    <designationCategory>CEC_Category</designationCategory>
    <placingDraggableDimensions>1</placingDraggableDimensions>
    <comps>
      <li Class="CompProperties_Power">
        <compClass>CompPowerTransmitter</compClass>
        <transmitsPower>true</transmitsPower>
      </li>
      <li Class="CompProperties_ShipPart"/>
      <li Class="CompProperties_RoofMe"/>
      <li Class="CompProperties_ShipHeat">
        <compClass>CompShipHeat</compClass>
      </li>
    </comps>
    <building>
      <shipPart>true</shipPart>
      <blueprintGraphicData>
        <texPath>Things/Building/Linked/Wall_Blueprint_Atlas</texPath>
      </blueprintGraphicData>
    </building>
    <costList>
      <O21_OR_Durasteel>10</O21_OR_Durasteel>
    </costList>
    <terrainAffordanceNeeded>Heavy</terrainAffordanceNeeded>
    <staticSunShadowHeight>1.0</staticSunShadowHeight>
    <researchPrerequisites>
      <li>CEC_Basics</li>
    </researchPrerequisites>
    <designationHotKey>Misc1</designationHotKey>
    <holdsRoof>true</holdsRoof>
    <designatorDropdown>CEC_ShipWall_Dropdown</designatorDropdown>
  </ThingDef>

  <ThingDef ParentName="BuildingBase">
    <defName>CEC_ShipWall_Unpowered</defName>
    <label>starship ship hull (unpowered)</label>
    <description>The structural elements of a starship's hull.</description>
    <thingClass>Building</thingClass>
    <graphicData>
      <texPath>Structure/CorellianShipWalls</texPath>
      <graphicClass>Graphic_Single</graphicClass>
      <linkType>CornerFiller</linkType>
      <linkFlags>
        <li>Wall</li>
        <li>Rock</li>
      </linkFlags>
      <damageData>
        <cornerTL>Damage/Corner</cornerTL>
        <cornerTR>Damage/Corner</cornerTR>
        <cornerBL>Damage/Corner</cornerBL>
        <cornerBR>Damage/Corner</cornerBR>
        <edgeTop>Damage/Edge</edgeTop>
        <edgeBot>Damage/Edge</edgeBot>
        <edgeLeft>Damage/Edge</edgeLeft>
        <edgeRight>Damage/Edge</edgeRight>
      </damageData>
    </graphicData>
    <uiIconPath>Structure/CorellianShipWalls_MenuIcon</uiIconPath>
    <altitudeLayer>Building</altitudeLayer>
    <passability>Impassable</passability>
    <neverMultiSelect>true</neverMultiSelect>
    <blockWind>true</blockWind>
    <castEdgeShadows>true</castEdgeShadows>
    <fillPercent>1</fillPercent>
    <blockLight>true</blockLight>
    <canOverlapZones>false</canOverlapZones>
    <statBases>
      <WorkToBuild>1600</WorkToBuild>
      <MaxHitPoints>1000</MaxHitPoints>
      <Flammability>0</Flammability>
    </statBases>
    <designationCategory>CEC_Category</designationCategory>
    <placingDraggableDimensions>1</placingDraggableDimensions>
    <comps>
      <li Class="CompProperties_ShipPart"/>
      <li Class="CompProperties_RoofMe"/>
    </comps>
    <building>
      <shipPart>true</shipPart>
      <blueprintGraphicData>
        <texPath>Things/Building/Linked/Wall_Blueprint_Atlas</texPath>
      </blueprintGraphicData>
    </building>
    <costList>
      <O21_OR_Durasteel>8</O21_OR_Durasteel>
    </costList>
    <terrainAffordanceNeeded>Heavy</terrainAffordanceNeeded>
    <staticSunShadowHeight>1.0</staticSunShadowHeight>
    <researchPrerequisites>
      <li>CEC_Basics</li>
    </researchPrerequisites>
    <holdsRoof>true</holdsRoof>
    <designatorDropdown>CEC_ShipWall_Dropdown</designatorDropdown>
  </ThingDef>
  
  <!--Cargo Hull-->
  <ThingDef ParentName="BuildingBase">
    <defName>CEC_CargoWall</defName>
    <label>cargo hull</label>
    <description>The structural elements of a cargo container.</description>
    <thingClass>Building</thingClass>
    <graphicData>
      <texPath>Structure/CorellianCargoWalls</texPath>
      <graphicClass>Graphic_Single</graphicClass>
      <linkType>Asymmetric</linkType>
      <linkFlags>
        <li>Fences</li>
      </linkFlags>
      <asymmetricLink>
        <linkFlags>
          <li>Wall</li>
          <li>Rock</li>
        </linkFlags>
        <linkToDoors>true</linkToDoors>
        <drawDoorBorderEast>
          <color>(0,0,0)</color>
          <size>(0.04, 0.77)</size>
          <offset>(0.5, 0, -0.08)</offset>
        </drawDoorBorderEast>
        <drawDoorBorderWest>
          <color>(0,0,0)</color>
          <size>(0.04, 0.77)</size>
          <offset>(-0.5, 0, -0.08)</offset>
        </drawDoorBorderWest>
      </asymmetricLink>
      <shadowData>
        <volume>(0.3, 0.5, 0.3)</volume>
        <offset>(0,0,-0.23)</offset>
      </shadowData>
      <damageData>
        <rect>(0.35,0.1,0.3,0.7)</rect>
      </damageData>
    </graphicData>
    <uiIconPath>Structure/CorellianCargoWalls_MenuIcon</uiIconPath>
    <altitudeLayer>Building</altitudeLayer>
    <passability>Impassable</passability>
    <neverMultiSelect>true</neverMultiSelect>
    <blockWind>true</blockWind>
    <castEdgeShadows>true</castEdgeShadows>
    <fillPercent>1</fillPercent>
    <blockLight>true</blockLight>
    <canOverlapZones>false</canOverlapZones>
    <coversFloor>false</coversFloor>
    <statBases>
      <WorkToBuild>800</WorkToBuild>
      <MaxHitPoints>500</MaxHitPoints>
      <Flammability>0</Flammability>
    </statBases>
    <designationCategory>CEC_Category</designationCategory>
    <placingDraggableDimensions>1</placingDraggableDimensions>
    <comps>
      <li Class="CompProperties_ShipPart"/>
      <li Class="CompProperties_RoofMe"/>
    </comps>
    <building>
      <shipPart>true</shipPart>
      <blueprintGraphicData>
        <texPath>Structure/CorellianCargoWalls_Blueprint</texPath>
      </blueprintGraphicData>
    </building>
    <costList>
      <O21_OR_Durasteel>5</O21_OR_Durasteel>
    </costList>
    <terrainAffordanceNeeded>Medium</terrainAffordanceNeeded>
    <!--<staticSunShadowHeight>1.0</staticSunShadowHeight>-->
    <researchPrerequisites>
      <li>CEC_Basics</li>
    </researchPrerequisites>
    <holdsRoof>true</holdsRoof>
    <designatorDropdown>CEC_CargoWall_Dropdown</designatorDropdown>
  </ThingDef>
  
  <!--Magnetic Shield-->
  <ThingDef ParentName="BuildingBase">
    <defName>CEC_MagneticShieldWall</defName>
    <label>magnetic field wall</label>
    <description>Magnetic fields were used throughout the galaxy to contain the atmosphere within starship hangars.</description>
    <thingClass>Building</thingClass>
    <graphicData>
      <texPath>Structure/CorellianHangarWalls</texPath>
      <graphicClass>Graphic_Single</graphicClass>
      <linkType>Basic</linkType>
      <linkFlags>
        <li>Wall</li>
      </linkFlags>
      <damageData>
        <enabled>false</enabled>
      </damageData>
    </graphicData>
    <uiIconPath>Structure/CorellianHangarWalls_MenuIcon</uiIconPath>
    <altitudeLayer>Building</altitudeLayer>
    <passability>Impassable</passability>
    <neverMultiSelect>true</neverMultiSelect>
    <blockWind>true</blockWind>
    <castEdgeShadows>true</castEdgeShadows>
    <fillPercent>1</fillPercent>
    <pathCost>0</pathCost>
    <blockLight>false</blockLight>
    <canOverlapZones>false</canOverlapZones>
    <statBases>
      <WorkToBuild>1600</WorkToBuild>
      <MaxHitPoints>400</MaxHitPoints>
      <Flammability>0</Flammability>
    </statBases>
    <designationCategory>CEC_Category</designationCategory>
    <placingDraggableDimensions>1</placingDraggableDimensions>
    <comps>
      <li Class="CompProperties_Power">
        <compClass>CompPowerTrader</compClass>
        <basePowerConsumption>40</basePowerConsumption>
        <transmitsPower>true</transmitsPower>
      </li>
      <li Class="CompProperties_ShipPart"/>
      <li Class="CompProperties_RoofMe"/>
      <li Class="CompProperties_ShipHeat">
        <compClass>CompShipHeat</compClass>
      </li>
    </comps>
    <building>
      <shipPart>true</shipPart>
      <blueprintGraphicData>
        <texPath>Things/Building/Linked/Wall_Blueprint_Atlas</texPath>
      </blueprintGraphicData>
    </building>
    <costList>
      <O21_OR_Durasteel>4</O21_OR_Durasteel>
      <ComponentIndustrial>1</ComponentIndustrial>
    </costList>
    <terrainAffordanceNeeded>Heavy</terrainAffordanceNeeded>
    <staticSunShadowHeight>1.0</staticSunShadowHeight>
    <researchPrerequisites>
      <li>CEC_Basics</li>
    </researchPrerequisites>
    <holdsRoof>true</holdsRoof>
    <designatorDropdown>CEC_Hangar_Dropdown</designatorDropdown>
  </ThingDef>

  <!--Ship Airlock-->
  <ThingDef ParentName="BuildingBase">
    <defName>CEC_ShipDoor</defName>
    <label>starship ship airlock</label>
    <description>Allows access to a ship or divides rooms inside it. Low-energy plasma barriers prevent gases from escaping.</description>
    <category>Building</category>
    <thingClass>Building_ShipAirlock</thingClass>
    <designationCategory>CEC_Category</designationCategory>
    <altitudeLayer>DoorMoveable</altitudeLayer>
    <fillPercent>1</fillPercent>
    <useHitPoints>true</useHitPoints>
    <graphicData>
      <texPath>Structure/CorellianShipDoor_Mover</texPath>
      <graphicClass>Graphic_Single</graphicClass>
      <damageData>
        <enabled>false</enabled>
      </damageData>
    </graphicData>
    <uiIconPath>Structure/CorellianShipDoor_MenuIcon</uiIconPath>
    <costList>
      <O21_OR_Durasteel>50</O21_OR_Durasteel>
      <O21_OR_ComponentHypertech>2</O21_OR_ComponentHypertech>
    </costList>
    <comps>
      <li Class="CompProperties_Power">
        <compClass>CompPowerTrader</compClass>
        <basePowerConsumption>50</basePowerConsumption>
        <transmitsPower>true</transmitsPower>
      </li>
      <li Class="CompProperties_ShipPart"/>
      <li Class="CompProperties_Forbiddable"/>
      <li Class="CompProperties_RoofMe"/>
      <li Class="CompProperties_ShipHeat">
        <compClass>CompShipHeat</compClass>
      </li>
    </comps>
    <designationHotKey>Misc2</designationHotKey>
    <researchPrerequisites>
      <li>CEC_Basics</li>
    </researchPrerequisites>
    <statBases>
      <WorkToBuild>1200</WorkToBuild>
      <MaxHitPoints>500</MaxHitPoints>
      <Flammability>0.0</Flammability>
    </statBases>
    <selectable>true</selectable>
    <tickerType>Normal</tickerType>
    <rotatable>false</rotatable>
    <soundImpactDefault>BulletImpact_Metal</soundImpactDefault>
    <terrainAffordanceNeeded>Light</terrainAffordanceNeeded>
    <holdsRoof>true</holdsRoof>
    <staticSunShadowHeight>1.0</staticSunShadowHeight>
    <blockLight>true</blockLight>
    <drawerType>RealtimeOnly</drawerType>
    <building>
      <shipPart>true</shipPart>
      <isInert>true</isInert>
      <canPlaceOverWall>true</canPlaceOverWall>
      <soundDoorOpenPowered>Door_OpenPowered</soundDoorOpenPowered>
      <soundDoorClosePowered>Door_ClosePowered</soundDoorClosePowered>
      <soundDoorOpenManual>Door_OpenManual</soundDoorOpenManual>
      <soundDoorCloseManual>Door_CloseManual</soundDoorCloseManual>
      <blueprintGraphicData>
        <texPath>Things/Building/Door/Door_Blueprint</texPath>
      </blueprintGraphicData>
      <blueprintClass>Blueprint_Door</blueprintClass>
    </building>
    <leaveResourcesWhenKilled>false</leaveResourcesWhenKilled>
    <designatorDropdown>CEC_ShipWall_Dropdown</designatorDropdown>
  </ThingDef>

  <!--Cargo Airlock-->
  <ThingDef ParentName="BuildingBase">
    <defName>CEC_CargoDoor</defName>
    <label>cargo airlock</label>
    <description>Allows access to a cargo container or divides rooms inside it. Low-energy plasma barriers prevent gases from escaping.</description>
    <category>Building</category>
    <thingClass>Building_ShipAirlock</thingClass>
    <designationCategory>CEC_Category</designationCategory>
    <altitudeLayer>DoorMoveable</altitudeLayer>
    <fillPercent>1</fillPercent>
    <useHitPoints>true</useHitPoints>
    <graphicData>
      <texPath>Structure/CorellianCargoDoor_Mover</texPath>
      <graphicClass>Graphic_Single</graphicClass>
      <damageData>
        <enabled>false</enabled>
      </damageData>
    </graphicData>
    <uiIconPath>Structure/CorellianCargoDoor_MenuIcon</uiIconPath>
    <costList>
      <O21_OR_Durasteel>25</O21_OR_Durasteel>
      <O21_OR_ComponentHypertech>2</O21_OR_ComponentHypertech>
    </costList>
    <comps>
      <li Class="CompProperties_ShipPart"/>
      <li Class="CompProperties_Forbiddable"/>
      <li Class="CompProperties_RoofMe"/>
    </comps>
    <researchPrerequisites>
      <li>CEC_Basics</li>
    </researchPrerequisites>
    <statBases>
      <WorkToBuild>1200</WorkToBuild>
      <MaxHitPoints>500</MaxHitPoints>
      <Flammability>0.0</Flammability>
    </statBases>
    <selectable>true</selectable>
    <tickerType>Normal</tickerType>
    <rotatable>false</rotatable>
    <soundImpactDefault>BulletImpact_Metal</soundImpactDefault>
    <terrainAffordanceNeeded>Light</terrainAffordanceNeeded>
    <holdsRoof>true</holdsRoof>
    <staticSunShadowHeight>0</staticSunShadowHeight>
    <blockLight>true</blockLight>
    <drawerType>RealtimeOnly</drawerType>
    <building>
      <shipPart>true</shipPart>
      <isInert>true</isInert>
      <canPlaceOverWall>true</canPlaceOverWall>
      <soundDoorOpenPowered>Door_OpenPowered</soundDoorOpenPowered>
      <soundDoorClosePowered>Door_ClosePowered</soundDoorClosePowered>
      <soundDoorOpenManual>Door_OpenManual</soundDoorOpenManual>
      <soundDoorCloseManual>Door_CloseManual</soundDoorCloseManual>
      <blueprintGraphicData>
        <texPath>Things/Building/Door/Door_Blueprint</texPath>
      </blueprintGraphicData>
      <blueprintClass>Blueprint_Door</blueprintClass>
    </building>
    <leaveResourcesWhenKilled>false</leaveResourcesWhenKilled>
    <designatorDropdown>CEC_CargoWall_Dropdown</designatorDropdown>
  </ThingDef>

  <!--Magnetic Shield Airlock-->
  <ThingDef ParentName="BuildingBase">
    <defName>CEC_MagneticShieldDoor</defName>
    <label>magnetic field airlock</label>
    <description>Allows access to a ship or divides rooms inside it. Magnetic fields were used throughout the galaxy to contain the atmosphere within starship hangars.</description>
    <category>Building</category>
    <thingClass>Building_ShipAirlock</thingClass>
    <designationCategory>CEC_Category</designationCategory>
    <fillPercent>1</fillPercent>
    <useHitPoints>true</useHitPoints>
    <graphicData>
      <texPath>Structure/CorellianHangarDoor_Mover</texPath>
      <graphicClass>Graphic_Single</graphicClass>
      <damageData>
        <enabled>false</enabled>
      </damageData>
    </graphicData>
    <uiIconPath>Structure/CorellianHangarDoor_MenuIcon</uiIconPath>
    <placingDraggableDimensions>1</placingDraggableDimensions>
    <costList>
      <O21_OR_Durasteel>4</O21_OR_Durasteel>
      <O21_OR_ComponentHypertech>1</O21_OR_ComponentHypertech>
    </costList>
    <comps>
      <li Class="CompProperties_Power">
        <compClass>CompPowerTrader</compClass>
        <basePowerConsumption>50</basePowerConsumption>
        <transmitsPower>true</transmitsPower>
      </li>
      <li Class="CompProperties_ShipPart"/>
      <li Class="CompProperties_Forbiddable"/>
      <li Class="CompProperties_RoofMe"/>
      <li Class="CompProperties_ShipHeat">
        <compClass>CompShipHeat</compClass>
      </li>
    </comps>
    <researchPrerequisites>
      <li>CEC_Basics</li>
    </researchPrerequisites>
    <statBases>
      <WorkToBuild>1200</WorkToBuild>
      <MaxHitPoints>200</MaxHitPoints>
      <Flammability>0.0</Flammability>
    </statBases>
    <selectable>true</selectable>
    <tickerType>Normal</tickerType>
    <rotatable>false</rotatable>
    <soundImpactDefault>BulletImpact_Metal</soundImpactDefault>
    <terrainAffordanceNeeded>Light</terrainAffordanceNeeded>
    <holdsRoof>true</holdsRoof>
    <staticSunShadowHeight>1.0</staticSunShadowHeight>
    <blockLight>false</blockLight>
    <drawerType>RealtimeOnly</drawerType>
    <building>
      <shipPart>true</shipPart>
      <isInert>true</isInert>
      <canPlaceOverWall>true</canPlaceOverWall>
      <soundDoorOpenPowered>Door_OpenPowered</soundDoorOpenPowered>
      <soundDoorClosePowered>Door_ClosePowered</soundDoorClosePowered>
      <soundDoorOpenManual>Door_OpenManual</soundDoorOpenManual>
      <soundDoorCloseManual>Door_CloseManual</soundDoorCloseManual>
      <blueprintGraphicData>
        <texPath>Things/Building/Door/Door_Blueprint</texPath>
      </blueprintGraphicData>
      <blueprintClass>Blueprint_Door</blueprintClass>
    </building>
    <leaveResourcesWhenKilled>false</leaveResourcesWhenKilled>
    <altitudeLayer>WorldClipper</altitudeLayer>
    <designatorDropdown>CEC_Hangar_Dropdown</designatorDropdown>
  </ThingDef>

  <!--Ship Hulltiles-->
  <TerrainDef ParentName="TerrainRoadBase">
    <defName>CEC_ShipFloorA</defName>
    <label>corellian hull floor (horizontal)</label>
    <description>Spaceworthy hull floor. Must be placed inside an outer hull and on hull plating.</description>
    <texturePath>Structure/CorellianShipFloorA</texturePath>
    <uiIconPath>Structure/CorellianShipFloorA_MenuIcon</uiIconPath>
    <edgeType>Hard</edgeType>
    <renderPrecedence>340</renderPrecedence>
    <pathCost>5</pathCost>
    <layerable>true</layerable>
    <statBases>
      <WorkToBuild>650</WorkToBuild>
      <Flammability>0.0</Flammability>
      <Beauty>1</Beauty>
      <Cleanliness>0.1</Cleanliness>
    </statBases>
    <costList>
      <Steel>4</Steel>
    </costList>
    <affordances>
      <li>Light</li>
      <li>Medium</li>
      <li>Heavy</li>
    </affordances>
    <fertility>0.0</fertility>
    <terrainAffordanceNeeded>Heavy</terrainAffordanceNeeded>
    <designationCategory>CEC_Category</designationCategory>
    <constructEffect>ConstructMetal</constructEffect>
    <researchPrerequisites>
      <li>CEC_Basics</li>
    </researchPrerequisites>
    <designatorDropdown>CEC_Floor_Dropdown</designatorDropdown>
  </TerrainDef>

  <TerrainDef ParentName="TerrainRoadBase">
    <defName>CEC_ShipFloorB</defName>
    <label>corellian hull floor (vertical)</label>
    <description>Spaceworthy hull floor. Must be placed inside an outer hull and on hull plating.</description>
    <texturePath>Structure/CorellianShipFloorB</texturePath>
    <uiIconPath>Structure/CorellianShipFloorB_MenuIcon</uiIconPath>
    <edgeType>Hard</edgeType>
    <renderPrecedence>340</renderPrecedence>
    <pathCost>1</pathCost>
    <layerable>true</layerable>
    <statBases>
      <WorkToBuild>650</WorkToBuild>
      <Flammability>0.0</Flammability>
      <Beauty>1</Beauty>
      <Cleanliness>0.1</Cleanliness>
    </statBases>
    <costList>
      <Steel>4</Steel>
    </costList>
    <affordances>
      <li>Light</li>
      <li>Medium</li>
      <li>Heavy</li>
    </affordances>
    <fertility>0.0</fertility>
    <terrainAffordanceNeeded>Heavy</terrainAffordanceNeeded>
    <designationCategory>CEC_Category</designationCategory>
    <constructEffect>ConstructMetal</constructEffect>
    <researchPrerequisites>
      <li>CEC_Basics</li>
    </researchPrerequisites>
    <designatorDropdown>CEC_Floor_Dropdown</designatorDropdown>
  </TerrainDef>
  
  <!--Shuttle Bay-->
  <ThingDef ParentName="BuildingBase">
    <defName>CEC_HangarFloor</defName>
    <label>magnetic field floor</label>
    <description>Magnetic fields were used throughout the galaxy to contain the atmosphere within starship hangars.</description>
    <thingClass>Building</thingClass>
    <graphicData>
      <texPath>Structure/CorellianHangarFloor</texPath>
      <graphicClass>Graphic_Single</graphicClass>
      <drawSize>(13,11)</drawSize>
      <damageData>
        <cornerTL>Damage/Corner</cornerTL>
        <cornerTR>Damage/Corner</cornerTR>
        <cornerBL>Damage/Corner</cornerBL>
        <cornerBR>Damage/Corner</cornerBR>
      </damageData>
    </graphicData>
    <researchPrerequisites>
      <li>CEC_Basics</li>
    </researchPrerequisites>
    <altitudeLayer>DoorMoveable</altitudeLayer>
    <passability>Standable</passability>
    <fillPercent>0.1</fillPercent>
    <statBases>
      <WorkToBuild>7000</WorkToBuild>
      <MaxHitPoints>700</MaxHitPoints>
      <Flammability>0</Flammability>
    </statBases>
    <size>(13,11)</size>
    <designationCategory>CEC_Category</designationCategory>
    <building>
      <shipPart>true</shipPart>
      <isEdifice>false</isEdifice>
    </building>
    <costList>
      <O21_OR_Durasteel>420</O21_OR_Durasteel>
      <O21_OR_ComponentHypertech>12</O21_OR_ComponentHypertech>
    </costList>
    <comps>
      <li Class="CompProperties_ShipPart"/>
    </comps>
    <placeWorkers>
      <li>PlaceWorker_InsideStarship</li>
    </placeWorkers>
    <terrainAffordanceNeeded>Heavy</terrainAffordanceNeeded>
    <staticSunShadowHeight>1.0</staticSunShadowHeight>
    <designatorDropdown>CEC_Hangar_Dropdown</designatorDropdown>
  </ThingDef>

</Defs>
