<Defs>

  <DesignatorDropdownGroupDef>
    <defName>CEC_SpinalSuperweapon_Dropdown</defName>
  </DesignatorDropdownGroupDef>
  
  <DesignatorDropdownGroupDef>
    <defName>CEC_SpinalMegaIon_Dropdown</defName>
  </DesignatorDropdownGroupDef>

  <!--=========Turbolaser=========-->

  <!--3x3-->
  <ThingDef ParentName="CEC_ArtilleryBase_Turbolaser">
    <defName>CEC_ShipTurretBase_TurbolaserM</defName>
    <label>quad turbolaser (victory-class star destroyer)</label>
    <description>A large automatic blaster turret. It runs on Tibanna and must be kept fueled.</description>
    <graphicData>
      <texPath>Turrets2/VictoryClassStarDestroyerTurretBase1</texPath>
      <drawSize>(5,5)</drawSize>
    </graphicData>
    <size>(3,3)</size>
    <building>
      <turretGunDef>CEC_ShipTurret_TurbolaserM</turretGunDef>
      <turretTopDrawSize>6</turretTopDrawSize>
    </building>
    <uiIconPath>Turrets2/VictoryClassStarDestroyerTurret1</uiIconPath>
    <altitudeLayer>WorldClipper</altitudeLayer>
  </ThingDef>

  <ThingDef ParentName="CEC_ArtilleryTurret">
    <defName>CEC_ShipTurret_TurbolaserM</defName>
    <label>quad turbolaser (victory-class star destroyer)</label>
    <description>A self-loading large-bore cannon designed to attach to a turret.</description>
    <graphicData>
      <texPath>Turrets2/VictoryClassStarDestroyerTurret1</texPath>
    </graphicData>
    <verbs>
      <li>
        <defaultProjectile>CEC_Bullet_TurbolaserGreen</defaultProjectile>
        <spawnDef>CEC_Proj_TurbolaserGreen</spawnDef>
        <label>fire ionized bolt</label>
        <verbClass>Verb_LaunchProjectileShip</verbClass>
        <hasStandardCommand>true</hasStandardCommand>
        <range>12.9</range>
        <warmupTime>0.5</warmupTime>
        <burstShotCount>4</burstShotCount>
        <noiseRadius>4</noiseRadius>
        <ai_IsBuildingDestroyer>true</ai_IsBuildingDestroyer>
        <soundCast>O21_Shot_BlasterBolt</soundCast>
        <soundCastTail>GunTail_Heavy</soundCastTail>
        <muzzleFlashScale>12</muzzleFlashScale>
        <requireLineOfSight>false</requireLineOfSight>
        <targetParams>
          <canTargetLocations>true</canTargetLocations>
        </targetParams>
        <rangedFireRulepack>Combat_RangedFire_Thrown</rangedFireRulepack>
      </li>
    </verbs>
  </ThingDef>
  
  <ThingDef ParentName="CEC_ArtilleryBase_Turbolaser">
    <defName>CEC_ShipTurretBase_TurbolaserN</defName>
    <label>dual turbolaser (gladiator-class star destroyer)</label>
    <description>A large automatic blaster turret. It runs on Tibanna and must be kept fueled.</description>
    <graphicData>
      <texPath>Turrets2/GladiatorClassStarDestroyerTurretBase1</texPath>
      <drawSize>(5,5)</drawSize>
    </graphicData>
    <size>(3,3)</size>
    <building>
      <turretGunDef>CEC_ShipTurret_TurbolaserN</turretGunDef>
      <turretTopDrawSize>6</turretTopDrawSize>
    </building>
    <uiIconPath>Turrets2/GladiatorClassStarDestroyerTurret1</uiIconPath>
    <altitudeLayer>WorldClipper</altitudeLayer>
  </ThingDef>

  <ThingDef ParentName="CEC_ArtilleryTurret">
    <defName>CEC_ShipTurret_TurbolaserN</defName>
    <label>dual turbolaser (gladiator-class star destroyer)</label>
    <description>A self-loading large-bore cannon designed to attach to a turret.</description>
    <graphicData>
      <texPath>Turrets2/GladiatorClassStarDestroyerTurret1</texPath>
    </graphicData>
    <verbs>
      <li>
        <defaultProjectile>CEC_Bullet_TurbolaserGreen</defaultProjectile>
        <spawnDef>CEC_Proj_TurbolaserGreen</spawnDef>
        <label>fire ionized bolt</label>
        <verbClass>Verb_LaunchProjectileShip</verbClass>
        <hasStandardCommand>true</hasStandardCommand>
        <range>12.9</range>
        <warmupTime>0.5</warmupTime>
        <burstShotCount>2</burstShotCount>
        <noiseRadius>4</noiseRadius>
        <ai_IsBuildingDestroyer>true</ai_IsBuildingDestroyer>
        <soundCast>O21_Shot_BlasterBolt</soundCast>
        <soundCastTail>GunTail_Heavy</soundCastTail>
        <muzzleFlashScale>12</muzzleFlashScale>
        <requireLineOfSight>false</requireLineOfSight>
        <targetParams>
          <canTargetLocations>true</canTargetLocations>
        </targetParams>
        <rangedFireRulepack>Combat_RangedFire_Thrown</rangedFireRulepack>
      </li>
    </verbs>
  </ThingDef>
    
  <ThingDef ParentName="CEC_ArtilleryBase_Turbolaser">
    <defName>CEC_ShipTurretBase_TurbolaserO</defName>
    <label>dual turbolaser (onager-class star destroyer)</label>
    <description>A large automatic blaster turret. It runs on Tibanna and must be kept fueled.</description>
    <graphicData>
      <texPath>Turrets2/OnagerClassStarDestroyerTurretBase1</texPath>
      <drawSize>(5,5)</drawSize>
    </graphicData>
    <size>(3,3)</size>
    <building>
      <turretGunDef>CEC_ShipTurret_TurbolaserO</turretGunDef>
      <turretTopDrawSize>6</turretTopDrawSize>
    </building>
    <uiIconPath>Turrets2/OnagerClassStarDestroyerTurret1</uiIconPath>
    <altitudeLayer>WorldClipper</altitudeLayer>
  </ThingDef>

  <ThingDef ParentName="CEC_ArtilleryTurret">
    <defName>CEC_ShipTurret_TurbolaserO</defName>
    <label>dual turbolaser (onager-class star destroyer)</label>
    <description>A self-loading large-bore cannon designed to attach to a turret.</description>
    <graphicData>
      <texPath>Turrets2/OnagerClassStarDestroyerTurret1</texPath>
    </graphicData>
    <verbs>
      <li>
        <defaultProjectile>CEC_Bullet_TurbolaserGreen</defaultProjectile>
        <spawnDef>CEC_Proj_TurbolaserGreen</spawnDef>
        <label>fire ionized bolt</label>
        <verbClass>Verb_LaunchProjectileShip</verbClass>
        <hasStandardCommand>true</hasStandardCommand>
        <range>12.9</range>
        <warmupTime>0.5</warmupTime>
        <burstShotCount>2</burstShotCount>
        <noiseRadius>4</noiseRadius>
        <ai_IsBuildingDestroyer>true</ai_IsBuildingDestroyer>
        <soundCast>O21_Shot_BlasterBolt</soundCast>
        <soundCastTail>GunTail_Heavy</soundCastTail>
        <muzzleFlashScale>12</muzzleFlashScale>
        <requireLineOfSight>false</requireLineOfSight>
        <targetParams>
          <canTargetLocations>true</canTargetLocations>
        </targetParams>
        <rangedFireRulepack>Combat_RangedFire_Thrown</rangedFireRulepack>
      </li>
    </verbs>
  </ThingDef>
    
  <ThingDef ParentName="CEC_ArtilleryBase_Turbolaser">
    <defName>CEC_ShipTurretBase_TurbolaserP</defName>
    <label>quad turbolaser (imperial-class star destroyer)</label>
    <description>A large automatic blaster turret. It runs on Tibanna and must be kept fueled.</description>
    <graphicData>
      <texPath>Turrets2/ImperialClassStarDestroyerTurretBase1</texPath>
      <drawSize>(5,5)</drawSize>
    </graphicData>
    <size>(3,3)</size>
    <building>
      <turretGunDef>CEC_ShipTurret_TurbolaserP</turretGunDef>
      <turretTopDrawSize>6</turretTopDrawSize>
    </building>
    <uiIconPath>Turrets2/ImperialClassStarDestroyerTurret1</uiIconPath>
    <altitudeLayer>WorldClipper</altitudeLayer>
  </ThingDef>

  <ThingDef ParentName="CEC_ArtilleryTurret">
    <defName>CEC_ShipTurret_TurbolaserP</defName>
    <label>quad turbolaser (imperial-class star destroyer)</label>
    <description>A self-loading large-bore cannon designed to attach to a turret.</description>
    <graphicData>
      <texPath>Turrets2/ImperialClassStarDestroyerTurret1</texPath>
    </graphicData>
    <verbs>
      <li>
        <defaultProjectile>CEC_Bullet_TurbolaserGreen</defaultProjectile>
        <spawnDef>CEC_Proj_TurbolaserGreen</spawnDef>
        <label>fire ionized bolt</label>
        <verbClass>Verb_LaunchProjectileShip</verbClass>
        <hasStandardCommand>true</hasStandardCommand>
        <range>12.9</range>
        <warmupTime>0.5</warmupTime>
        <burstShotCount>4</burstShotCount>
        <noiseRadius>4</noiseRadius>
        <ai_IsBuildingDestroyer>true</ai_IsBuildingDestroyer>
        <soundCast>O21_Shot_BlasterBolt</soundCast>
        <soundCastTail>GunTail_Heavy</soundCastTail>
        <muzzleFlashScale>12</muzzleFlashScale>
        <requireLineOfSight>false</requireLineOfSight>
        <targetParams>
          <canTargetLocations>true</canTargetLocations>
        </targetParams>
        <rangedFireRulepack>Combat_RangedFire_Thrown</rangedFireRulepack>
      </li>
    </verbs>
  </ThingDef>
  
  <ThingDef ParentName="CEC_ArtilleryBase_Turbolaser">
    <defName>CEC_ShipTurretBase_TurbolaserQ</defName>
    <label>triple turbolaser (imperial-class star destroyer)</label>
    <description>A large automatic blaster turret. It runs on Tibanna and must be kept fueled.</description>
    <graphicData>
      <texPath>Turrets2/ImperialClassStarDestroyerTurretBase2</texPath>
      <drawSize>(5,5)</drawSize>
    </graphicData>
    <size>(3,3)</size>
    <building>
      <turretGunDef>CEC_ShipTurret_TurbolaserQ</turretGunDef>
      <turretTopDrawSize>6</turretTopDrawSize>
    </building>
    <uiIconPath>Turrets2/ImperialClassStarDestroyerTurret2</uiIconPath>
    <altitudeLayer>WorldClipper</altitudeLayer>
  </ThingDef>

  <ThingDef ParentName="CEC_ArtilleryTurret">
    <defName>CEC_ShipTurret_TurbolaserQ</defName>
    <label>triple turbolaser (imperial-class star destroyer)</label>
    <description>A self-loading large-bore cannon designed to attach to a turret.</description>
    <graphicData>
      <texPath>Turrets2/ImperialClassStarDestroyerTurret2</texPath>
    </graphicData>
    <verbs>
      <li>
        <defaultProjectile>CEC_Bullet_TurbolaserGreen</defaultProjectile>
        <spawnDef>CEC_Proj_TurbolaserGreen</spawnDef>
        <label>fire ionized bolt</label>
        <verbClass>Verb_LaunchProjectileShip</verbClass>
        <hasStandardCommand>true</hasStandardCommand>
        <range>12.9</range>
        <warmupTime>0.5</warmupTime>
        <burstShotCount>3</burstShotCount>
        <noiseRadius>4</noiseRadius>
        <ai_IsBuildingDestroyer>true</ai_IsBuildingDestroyer>
        <soundCast>O21_Shot_BlasterBolt</soundCast>
        <soundCastTail>GunTail_Heavy</soundCastTail>
        <muzzleFlashScale>12</muzzleFlashScale>
        <requireLineOfSight>false</requireLineOfSight>
        <targetParams>
          <canTargetLocations>true</canTargetLocations>
        </targetParams>
        <rangedFireRulepack>Combat_RangedFire_Thrown</rangedFireRulepack>
      </li>
    </verbs>
  </ThingDef>
  
  <ThingDef ParentName="CEC_ArtilleryBase_Turbolaser">
    <defName>CEC_ShipTurretBase_TurbolaserR</defName>
    <label>dual turbolaser (lancer-class frigate)</label>
    <description>A large automatic blaster turret. It runs on Tibanna and must be kept fueled.</description>
    <graphicData>
      <texPath>Turrets2/LancerClassFrigateTurretBase1</texPath>
      <drawSize>(5,5)</drawSize>
    </graphicData>
    <size>(1,3)</size>
    <building>
      <turretGunDef>CEC_ShipTurret_TurbolaserR</turretGunDef>
      <turretTopDrawSize>5</turretTopDrawSize>
    </building>
    <uiIconPath>Turrets2/LancerClassFrigateTurret1</uiIconPath>
    <altitudeLayer>WorldClipper</altitudeLayer>
  </ThingDef>

  <ThingDef ParentName="CEC_ArtilleryTurret">
    <defName>CEC_ShipTurret_TurbolaserR</defName>
    <label>dual turbolaser (lancer-class frigate)</label>
    <description>A self-loading large-bore cannon designed to attach to a turret.</description>
    <graphicData>
      <texPath>Turrets2/LancerClassFrigateTurret1</texPath>
    </graphicData>
    <verbs>
      <li>
        <defaultProjectile>CEC_Bullet_TurbolaserGreen</defaultProjectile>
        <spawnDef>CEC_Proj_TurbolaserGreen</spawnDef>
        <label>fire ionized bolt</label>
        <verbClass>Verb_LaunchProjectileShip</verbClass>
        <hasStandardCommand>true</hasStandardCommand>
        <range>12.9</range>
        <warmupTime>0.5</warmupTime>
        <burstShotCount>2</burstShotCount>
        <noiseRadius>4</noiseRadius>
        <ai_IsBuildingDestroyer>true</ai_IsBuildingDestroyer>
        <soundCast>O21_Shot_BlasterBolt</soundCast>
        <soundCastTail>GunTail_Heavy</soundCastTail>
        <muzzleFlashScale>12</muzzleFlashScale>
        <requireLineOfSight>false</requireLineOfSight>
        <targetParams>
          <canTargetLocations>true</canTargetLocations>
        </targetParams>
        <rangedFireRulepack>Combat_RangedFire_Thrown</rangedFireRulepack>
      </li>
    </verbs>
  </ThingDef>

  <ThingDef ParentName="CEC_ArtilleryBase_Turbolaser">
    <defName>CEC_ShipTurretBase_TurbolaserS</defName>
    <label>dual turbolaser (quasar-class carrier)</label>
    <description>A large automatic blaster turret. It runs on Tibanna and must be kept fueled.</description>
    <graphicData>
      <texPath>Turrets2/QuasarClassCarrierTurretBase</texPath>
      <drawSize>(5,5)</drawSize>
    </graphicData>
    <size>(3,3)</size>
    <building>
      <turretGunDef>CEC_ShipTurret_TurbolaserS</turretGunDef>
      <turretTopDrawSize>6</turretTopDrawSize>
    </building>
    <uiIconPath>Turrets2/QuasarClassCarrierTurret</uiIconPath>
    <altitudeLayer>VisEffects</altitudeLayer>
  </ThingDef>

  <ThingDef ParentName="CEC_ArtilleryTurret">
    <defName>CEC_ShipTurret_TurbolaserS</defName>
    <label>dual turbolaser (quasar-class carrier)</label>
    <description>A self-loading large-bore cannon designed to attach to a turret.</description>
    <graphicData>
      <texPath>Turrets2/QuasarClassCarrierTurret</texPath>
    </graphicData>
    <verbs>
      <li>
        <defaultProjectile>CEC_Bullet_TurbolaserGreen</defaultProjectile>
        <spawnDef>CEC_Proj_TurbolaserGreen</spawnDef>
        <label>fire ionized bolt</label>
        <verbClass>Verb_LaunchProjectileShip</verbClass>
        <hasStandardCommand>true</hasStandardCommand>
        <range>12.9</range>
        <warmupTime>0.5</warmupTime>
        <burstShotCount>2</burstShotCount>
        <noiseRadius>4</noiseRadius>
        <ai_IsBuildingDestroyer>true</ai_IsBuildingDestroyer>
        <soundCast>O21_Shot_BlasterBolt</soundCast>
        <soundCastTail>GunTail_Heavy</soundCastTail>
        <muzzleFlashScale>12</muzzleFlashScale>
        <requireLineOfSight>false</requireLineOfSight>
        <targetParams>
          <canTargetLocations>true</canTargetLocations>
        </targetParams>
        <rangedFireRulepack>Combat_RangedFire_Thrown</rangedFireRulepack>
      </li>
    </verbs>
  </ThingDef>

  <ThingDef ParentName="CEC_ArtilleryBase_Turbolaser">
    <defName>CEC_ShipTurretBase_TurbolaserT</defName>
    <label>dual turbolaser (vigil-class corvette)</label>
    <description>A large automatic blaster turret. It runs on Tibanna and must be kept fueled.</description>
    <graphicData>
      <texPath>Turrets2/VigilClassCorvetteTurretBase1</texPath>
      <drawSize>(5,5)</drawSize>
    </graphicData>
    <size>(3,3)</size>
    <building>
      <turretGunDef>CEC_ShipTurret_TurbolaserT</turretGunDef>
      <turretTopDrawSize>5</turretTopDrawSize>
    </building>
    <uiIconPath>Turrets2/VigilClassCorvetteTurret1</uiIconPath>
    <altitudeLayer>WorldClipper</altitudeLayer>
  </ThingDef>

  <ThingDef ParentName="CEC_ArtilleryTurret">
    <defName>CEC_ShipTurret_TurbolaserT</defName>
    <label>dual turbolaser (vigil-class corvette)</label>
    <description>A self-loading large-bore cannon designed to attach to a turret.</description>
    <graphicData>
      <texPath>Turrets2/VigilClassCorvetteTurret1</texPath>
    </graphicData>
    <verbs>
      <li>
        <defaultProjectile>CEC_Bullet_TurbolaserGreen</defaultProjectile>
        <spawnDef>CEC_Proj_TurbolaserGreen</spawnDef>
        <label>fire ionized bolt</label>
        <verbClass>Verb_LaunchProjectileShip</verbClass>
        <hasStandardCommand>true</hasStandardCommand>
        <range>12.9</range>
        <warmupTime>0.5</warmupTime>
        <burstShotCount>2</burstShotCount>
        <noiseRadius>4</noiseRadius>
        <ai_IsBuildingDestroyer>true</ai_IsBuildingDestroyer>
        <soundCast>O21_Shot_BlasterBolt</soundCast>
        <soundCastTail>GunTail_Heavy</soundCastTail>
        <muzzleFlashScale>12</muzzleFlashScale>
        <requireLineOfSight>false</requireLineOfSight>
        <targetParams>
          <canTargetLocations>true</canTargetLocations>
        </targetParams>
        <rangedFireRulepack>Combat_RangedFire_Thrown</rangedFireRulepack>
      </li>
    </verbs>
  </ThingDef>

  <ThingDef ParentName="CEC_ArtilleryBase_Turbolaser">
    <defName>CEC_ShipTurretBase_TurbolaserUA</defName>
    <label>dual turbolaser (nebulon-b frigate)</label>
    <description>A large automatic blaster turret. It runs on Tibanna and must be kept fueled.</description>
    <graphicData>
      <texPath>Turrets2/NebulonBFrigateTurretBase</texPath>
      <drawSize>(5,5)</drawSize>
    </graphicData>
    <size>(3,3)</size>
    <building>
      <turretGunDef>CEC_ShipTurret_TurbolaserUA</turretGunDef>
      <turretTopDrawSize>6</turretTopDrawSize>
    </building>
    <uiIconPath>Turrets2/NebulonBFrigateTurret</uiIconPath>
    <altitudeLayer>WorldClipper</altitudeLayer>
  </ThingDef>

  <ThingDef ParentName="CEC_ArtilleryTurret">
    <defName>CEC_ShipTurret_TurbolaserUA</defName>
    <label>dual turbolaser (nebulon-b frigate)</label>
    <description>A self-loading large-bore cannon designed to attach to a turret.</description>
    <graphicData>
      <texPath>Turrets2/NebulonBFrigateTurret</texPath>
    </graphicData>
    <verbs>
      <li>
        <defaultProjectile>CEC_Bullet_TurbolaserGreen</defaultProjectile>
        <spawnDef>CEC_Proj_TurbolaserGreen</spawnDef>
        <label>fire ionized bolt</label>
        <verbClass>Verb_LaunchProjectileShip</verbClass>
        <hasStandardCommand>true</hasStandardCommand>
        <range>12.9</range>
        <warmupTime>0.5</warmupTime>
        <burstShotCount>2</burstShotCount>
        <noiseRadius>4</noiseRadius>
        <ai_IsBuildingDestroyer>true</ai_IsBuildingDestroyer>
        <soundCast>O21_Shot_BlasterBolt</soundCast>
        <soundCastTail>GunTail_Heavy</soundCastTail>
        <muzzleFlashScale>12</muzzleFlashScale>
        <requireLineOfSight>false</requireLineOfSight>
        <targetParams>
          <canTargetLocations>true</canTargetLocations>
        </targetParams>
        <rangedFireRulepack>Combat_RangedFire_Thrown</rangedFireRulepack>
      </li>
    </verbs>
  </ThingDef>

  <ThingDef ParentName="CEC_ArtilleryBase_Turbolaser">
    <defName>CEC_ShipTurretBase_TurbolaserUB</defName>
    <label>dual turbolaser (nebulon-b frigate)</label>
    <description>A large automatic blaster turret. It runs on Tibanna and must be kept fueled.</description>
    <graphicData>
      <texPath>Turrets2/NebulonBFrigateTurretBase</texPath>
      <drawSize>(5,5)</drawSize>
    </graphicData>
    <size>(3,3)</size>
    <building>
      <turretGunDef>CEC_ShipTurret_TurbolaserUB</turretGunDef>
      <turretTopDrawSize>6</turretTopDrawSize>
    </building>
    <uiIconPath>Turrets2/NebulonBFrigateTurret</uiIconPath>
    <altitudeLayer>WorldClipper</altitudeLayer>
  </ThingDef>

  <ThingDef ParentName="CEC_ArtilleryTurret">
    <defName>CEC_ShipTurret_TurbolaserUB</defName>
    <label>dual turbolaser (nebulon-b frigate)</label>
    <description>A self-loading large-bore cannon designed to attach to a turret.</description>
    <graphicData>
      <texPath>Turrets2/NebulonBFrigateTurret</texPath>
    </graphicData>
    <verbs>
      <li>
        <defaultProjectile>CEC_Bullet_TurbolaserRed</defaultProjectile>
        <spawnDef>CEC_Proj_TurbolaserGreen</spawnDef>
        <label>fire ionized bolt</label>
        <verbClass>Verb_LaunchProjectileShip</verbClass>
        <hasStandardCommand>true</hasStandardCommand>
        <range>12.9</range>
        <warmupTime>0.5</warmupTime>
        <burstShotCount>2</burstShotCount>
        <noiseRadius>4</noiseRadius>
        <ai_IsBuildingDestroyer>true</ai_IsBuildingDestroyer>
        <soundCast>O21_Shot_BlasterBolt</soundCast>
        <soundCastTail>GunTail_Heavy</soundCastTail>
        <muzzleFlashScale>12</muzzleFlashScale>
        <requireLineOfSight>false</requireLineOfSight>
        <targetParams>
          <canTargetLocations>true</canTargetLocations>
        </targetParams>
        <rangedFireRulepack>Combat_RangedFire_Thrown</rangedFireRulepack>
      </li>
    </verbs>
  </ThingDef>
  
  
  <!--3x2-->
  <ThingDef ParentName="CEC_ArtilleryBase_Turbolaser">
    <defName>CEC_ShipTurretBase_TurbolaserRA</defName>
    <label>dual turbolaser (lancer-class frigate)</label>
    <description>A large automatic blaster turret. It runs on Tibanna and must be kept fueled.</description>
    <graphicData>
      <texPath>Turrets2/LancerClassFrigateTurretRight2</texPath>
      <drawSize>(5,4)</drawSize>
    </graphicData>
    <size>(3,2)</size>
    <building>
      <turretGunDef>CEC_ShipTurret_TurbolaserRAB</turretGunDef>
      <turretTopDrawSize>6</turretTopDrawSize>
    </building>
    <uiIconPath>Turrets2/LancerClassFrigateTurretRight2</uiIconPath>
    <altitudeLayer>Filth</altitudeLayer>
  </ThingDef>

  <ThingDef ParentName="CEC_ArtilleryBase_Turbolaser">
    <defName>CEC_ShipTurretBase_TurbolaserRB</defName>
    <label>dual turbolaser (lancer-class frigate)</label>
    <description>A large automatic blaster turret. It runs on Tibanna and must be kept fueled.</description>
    <graphicData>
      <texPath>Turrets2/LancerClassFrigateTurretLeft2</texPath>
      <drawSize>(5,4)</drawSize>
    </graphicData>
    <size>(3,2)</size>
    <building>
      <turretGunDef>CEC_ShipTurret_TurbolaserRAB</turretGunDef>
      <turretTopDrawSize>6</turretTopDrawSize>
    </building>
    <uiIconPath>Turrets2/LancerClassFrigateTurretLeft2</uiIconPath>
    <altitudeLayer>Filth</altitudeLayer>
  </ThingDef>

  <ThingDef ParentName="CEC_ArtilleryTurret">
    <defName>CEC_ShipTurret_TurbolaserRAB</defName>
    <label>dual turbolaser (lancer-class frigate)</label>
    <description>A self-loading large-bore cannon designed to attach to a turret.</description>
    <graphicData>
      <texPath>Turrets/Empty</texPath>
    </graphicData>
    <verbs>
      <li>
        <defaultProjectile>CEC_Bullet_TurbolaserGreen</defaultProjectile>
        <spawnDef>CEC_Proj_TurbolaserGreen</spawnDef>
        <label>fire ionized bolt</label>
        <verbClass>Verb_LaunchProjectileShip</verbClass>
        <hasStandardCommand>true</hasStandardCommand>
        <range>12.9</range>
        <warmupTime>0.5</warmupTime>
        <burstShotCount>2</burstShotCount>
        <noiseRadius>4</noiseRadius>
        <ai_IsBuildingDestroyer>true</ai_IsBuildingDestroyer>
        <soundCast>O21_Shot_BlasterBolt</soundCast>
        <soundCastTail>GunTail_Heavy</soundCastTail>
        <muzzleFlashScale>12</muzzleFlashScale>
        <requireLineOfSight>false</requireLineOfSight>
        <targetParams>
          <canTargetLocations>true</canTargetLocations>
        </targetParams>
        <rangedFireRulepack>Combat_RangedFire_Thrown</rangedFireRulepack>
      </li>
    </verbs>
  </ThingDef>
 
  
  <!--=========Laser Cannon=========-->

  <!--2x1-->
  <ThingDef ParentName="CEC_ArtilleryBase_LaserCannon">
    <defName>CEC_ShipTurretBase_LaserCannonH</defName>
    <label>dual laser cannon (raider-class corvette)</label>
    <designatorDropdown>CEC_LaserCannon_Dropdown</designatorDropdown>
    <description>A large automatic blaster turret. It runs on Tibanna and must be kept fueled.</description>
    <size>(2,1)</size>
    <graphicData>
      <texPath>Turrets2/RaiderClassCorvetteTurret1</texPath>
      <drawSize>(4,3)</drawSize>
    </graphicData>
    <building>
      <turretGunDef>CEC_ShipTurret_LaserCannonH</turretGunDef>
      <turretTopDrawSize>10</turretTopDrawSize>
    </building>
    <uiIconPath>Turrets2/RaiderClassCorvetteTurret1</uiIconPath>
  </ThingDef>

  <ThingDef ParentName="CEC_ArtilleryTurret">
    <defName>CEC_ShipTurret_LaserCannonH</defName>
    <label>dual laser cannon (raider-class corvette)</label>
    <description>A self-loading large-bore cannon designed to attach to a turret.</description>
    <graphicData>
      <texPath>Turrets/Empty</texPath>
    </graphicData>
    <verbs>
      <li>
        <burstShotCount>2</burstShotCount>
        <defaultProjectile>CEC_Bullet_LaserCannonGreen</defaultProjectile>
        <spawnDef>CEC_Proj_LaserCannonGreen</spawnDef>
        <label>fire ionized bolt</label>
        <verbClass>Verb_LaunchProjectileShip</verbClass>
        <hasStandardCommand>true</hasStandardCommand>
        <range>12.9</range>
        <warmupTime>0.5</warmupTime>
        <noiseRadius>6</noiseRadius>
        <ai_IsBuildingDestroyer>true</ai_IsBuildingDestroyer>
        <soundCast>O21_Shot_BlasterBolt</soundCast>
        <soundCastTail>GunTail_Heavy</soundCastTail>
        <muzzleFlashScale>12</muzzleFlashScale>
        <requireLineOfSight>false</requireLineOfSight>
        <targetParams>
          <canTargetLocations>true</canTargetLocations>
        </targetParams>
        <rangedFireRulepack>Combat_RangedFire_Thrown</rangedFireRulepack>
      </li>
    </verbs>
  </ThingDef>
  
  
  <!--3x3-->
  <ThingDef ParentName="CEC_ArtilleryBase_LaserCannon">
    <defName>CEC_ShipTurretBase_LaserCannonI</defName>
    <label>dual laser cannon (vigil-class corvette)</label>
    <designatorDropdown>CEC_LaserCannon_Dropdown</designatorDropdown>
    <description>A large automatic blaster turret. It runs on Tibanna and must be kept fueled.</description>
    <size>(3,3)</size>
    <graphicData>
      <texPath>Turrets2/VigilClassCorvetteTurretBase2</texPath>
      <drawSize>(5,5)</drawSize>
    </graphicData>
    <building>
      <turretGunDef>CEC_ShipTurret_LaserCannonI</turretGunDef>
      <turretTopDrawSize>6</turretTopDrawSize>
    </building>
    <uiIconPath>Turrets2/VigilClassCorvetteTurret2</uiIconPath>
  </ThingDef>

  <ThingDef ParentName="CEC_ArtilleryTurret">
    <defName>CEC_ShipTurret_LaserCannonI</defName>
    <label>dual laser cannon (vigil-class corvette)</label>
    <description>A self-loading large-bore cannon designed to attach to a turret.</description>
    <graphicData>
      <texPath>Turrets2/VigilClassCorvetteTurret2</texPath>
    </graphicData>
    <verbs>
      <li>
        <burstShotCount>2</burstShotCount>
        <defaultProjectile>CEC_Bullet_LaserCannonGreen</defaultProjectile>
        <spawnDef>CEC_Proj_LaserCannonGreen</spawnDef>
        <label>fire ionized bolt</label>
        <verbClass>Verb_LaunchProjectileShip</verbClass>
        <hasStandardCommand>true</hasStandardCommand>
        <range>12.9</range>
        <warmupTime>0.5</warmupTime>
        <noiseRadius>6</noiseRadius>
        <ai_IsBuildingDestroyer>true</ai_IsBuildingDestroyer>
        <soundCast>O21_Shot_BlasterBolt</soundCast>
        <soundCastTail>GunTail_Heavy</soundCastTail>
        <muzzleFlashScale>12</muzzleFlashScale>
        <requireLineOfSight>false</requireLineOfSight>
        <targetParams>
          <canTargetLocations>true</canTargetLocations>
        </targetParams>
        <rangedFireRulepack>Combat_RangedFire_Thrown</rangedFireRulepack>
      </li>
    </verbs>
  </ThingDef>

  
  <!--=========Spinal Superlaser=========-->

  <ThingDef ParentName="BuildingBase">
    <defName>CEC_SpinalEmitter_A</defName>
    <label>spinal capacitor (onager-class star destroyer)</label>
    <designatorDropdown>CEC_SpinalSuperweapon_Dropdown</designatorDropdown>
    <description>The first segment of the superheavy composite beam turbolaser. Connects to one or more amplifiers, then a barrel.</description>
    <graphicData>
      <texPath>Turrets2/OnagerClassStarDestroyerSpinalEmitter</texPath>
      <graphicClass>Graphic_Single</graphicClass>
      <drawSize>(7,3)</drawSize>
      <damageData>
        <enabled>false</enabled>
      </damageData>
    </graphicData>
    <size>(7,3)</size>
    <rotatable>true</rotatable>
    <altitudeLayer>Filth</altitudeLayer>
    <passability>PassThroughOnly</passability>
    <castEdgeShadows>false</castEdgeShadows>
    <fillPercent>0.5</fillPercent>
    <designationCategory>CEC_Category</designationCategory>
    <canOverlapZones>false</canOverlapZones>
    <terrainAffordanceNeeded>Heavy</terrainAffordanceNeeded>
    <blockWind>true</blockWind>
    <blockLight>false</blockLight>
    <holdsRoof>false</holdsRoof>
    <statBases>
      <MaxHitPoints>2000</MaxHitPoints>
      <WorkToBuild>22000</WorkToBuild>
      <Flammability>0.4</Flammability>
    </statBases>
    <costList>
      <O21_OR_Durasteel>460</O21_OR_Durasteel>
      <O21_OR_ComponentHypertech>16</O21_OR_ComponentHypertech>
    </costList>
    <comps>
      <li Class="CompProperties_SpinalMount">
        <emits>true</emits>
        <stackEnd>true</stackEnd>
      </li>
      <li>
        <compClass>CompColorable</compClass>
      </li>
    </comps>
    <placeWorkers>
      <li>PlaceWorker_SpinalMountPort</li>
    </placeWorkers>
    <drawPlaceWorkersWhileSelected>true</drawPlaceWorkersWhileSelected>
    <researchPrerequisites>
      <li>CEC_KDY_Onager_Parts</li>
    </researchPrerequisites>
    <constructionSkillPrerequisite>10</constructionSkillPrerequisite>
    <building>
      <shipPart>true</shipPart>
      <isEdifice>false</isEdifice>
    </building>
  </ThingDef>

  <ThingDef ParentName="BuildingBase">
    <defName>CEC_SpinalAmplifier_A</defName>
    <label>spinal  amplifier (onager-class star destroyer)</label>
    <designatorDropdown>CEC_SpinalSuperweapon_Dropdown</designatorDropdown>
    <description>A middle segment of the superheavy composite beam turbolaser. Attach one or more of these to an emitter, then add a barrel to complete the gun.\n\nIncreases base damage by 15%, but also increases power consumption and heat generated by the same percentage.</description>
    <graphicData>
      <texPath>Turrets2/OnagerClassStarDestroyerSpinalAmplifier</texPath>
      <graphicClass>Graphic_Single</graphicClass>
      <drawSize>(7,1.05)</drawSize>
      <damageData>
        <enabled>false</enabled>
      </damageData>
    </graphicData>
    <size>(7,1)</size>
    <rotatable>true</rotatable>
    <tickerType>Normal</tickerType>
    <altitudeLayer>Filth</altitudeLayer>
    <designationHotKey>Misc12</designationHotKey>
    <passability>PassThroughOnly</passability>
    <castEdgeShadows>false</castEdgeShadows>
    <blockWind>true</blockWind>
    <blockLight>false</blockLight>
    <holdsRoof>false</holdsRoof>
    <fillPercent>0.5</fillPercent>
    <terrainAffordanceNeeded>Heavy</terrainAffordanceNeeded>
    <designationCategory>CEC_Category</designationCategory>
    <statBases>
      <MaxHitPoints>2000</MaxHitPoints>
      <WorkToBuild>22000</WorkToBuild>
      <Flammability>0.4</Flammability>
    </statBases>
    <costList>
      <O21_OR_Durasteel>90</O21_OR_Durasteel>
      <O21_OR_ComponentHypertech>5</O21_OR_ComponentHypertech>
    </costList>
    <comps>
      <li Class="CompProperties_SpinalMount">
        <emits>true</emits>
        <receives>true</receives>
        <ampAmount>0.15</ampAmount>
      </li>
      <li>
        <compClass>CompColorable</compClass>
      </li>
    </comps>
    <placeWorkers>
      <li>PlaceWorker_NeedsSpinalMountPort</li>
      <li>PlaceWorker_SpinalMountPort</li>
    </placeWorkers>
    <researchPrerequisites>
      <li>CEC_KDY_Onager_Parts</li>
    </researchPrerequisites>
    <constructionSkillPrerequisite>10</constructionSkillPrerequisite>
    <building>
      <shipPart>true</shipPart>
      <isEdifice>false</isEdifice>
    </building>
  </ThingDef>

  <ThingDef ParentName="BuildingBase" Name="CEC_SpinalBarrel_A" Abstract="True">
    <description>The final segment of the superheavy composite beam turbolaser.</description>
    <designatorDropdown>CEC_SpinalSuperweapon_Dropdown</designatorDropdown>
    <graphicData>
      <texPath>Turrets2/OnagerClassStarDestroyerSpinalBarrel</texPath>
      <graphicClass>Graphic_Single</graphicClass>
      <drawSize>(7,4)</drawSize>
      <damageData>
        <enabled>false</enabled>
      </damageData>
    </graphicData>
    <thingClass>Building_ShipTurret</thingClass>
    <size>(7,4)</size>
    <rotatable>true</rotatable>
    <tickerType>Normal</tickerType>
    <altitudeLayer>Filth</altitudeLayer>
    <designationHotKey>Misc12</designationHotKey>
    <passability>PassThroughOnly</passability>
    <castEdgeShadows>false</castEdgeShadows>
    <blockWind>true</blockWind>
    <blockLight>false</blockLight>
    <holdsRoof>false</holdsRoof>
    <fillPercent>0.5</fillPercent>
    <terrainAffordanceNeeded>Heavy</terrainAffordanceNeeded>
    <designationCategory>CEC_Category</designationCategory>
    <statBases>
      <MaxHitPoints>2000</MaxHitPoints>
      <WorkToBuild>22000</WorkToBuild>
      <Flammability>0.5</Flammability>
      <RangedWeapon_DamageMultiplier>1.0</RangedWeapon_DamageMultiplier>
    </statBases>
    <comps>
      <li Class="CompProperties_SpinalMount">
        <emits>false</emits>
        <receives>true</receives>
        <color>(1,1,1)</color>
        <destroysHull>false</destroysHull>
      </li>
      <li>
        <compClass>CompColorable</compClass>
      </li>
      <li Class="CompProperties_Explosive">
        <wickTicks>240</wickTicks>
        <explosiveRadius>7.9</explosiveRadius>
        <explosiveDamageType>Bomb</explosiveDamageType>
        <chanceNeverExplodeFromDamage>0.5</chanceNeverExplodeFromDamage>
      </li>
      <li Class="CompProperties_ShipHeat">
        <compClass>CompShipHeatSource</compClass>
        <heatPerPulse>60</heatPerPulse>
        <energyToFire>450</energyToFire>
        <maxRange>150</maxRange>
        <projectileSpeed>3</projectileSpeed>
        <threat>120</threat>
      </li>
      <li Class="CompProperties_Power">
        <compClass>CompPowerTrader</compClass>
        <basePowerConsumption>200</basePowerConsumption>
        <transmitsPower>true</transmitsPower>
        <shortCircuitInRain>false</shortCircuitInRain>
      </li>
      <li Class="CompProperties_Flickable"/>
    </comps>
    <placeWorkers>
      <li>PlaceWorker_NeedsSpinalMountPort</li>
      <li>PlaceWorker_TurretTop</li>
    </placeWorkers>
    <researchPrerequisites>
      <li>CEC_KDY_Onager_Parts</li>
    </researchPrerequisites>
    <constructionSkillPrerequisite>10</constructionSkillPrerequisite>
    <building>
      <shipPart>true</shipPart>
      <isEdifice>false</isEdifice>
      <turretGunDef>CEC_SpinalBarrelTurret_A</turretGunDef>
      <turretBurstWarmupTime>15.0</turretBurstWarmupTime>
      <turretBurstCooldownTime>45.0</turretBurstCooldownTime>
    </building>
    <seeThroughFog>true</seeThroughFog>
  </ThingDef>
  
  <ThingDef ParentName="CEC_SpinalBarrel_A">
    <defName>CEC_SpinalBarrel_A_Green</defName>
    <label>spinal barrel (grenn) (onager-class star destroyer)</label>
    <costList>
      <O21_OR_Durasteel>460</O21_OR_Durasteel>
      <O21_OR_ComponentHypertech>10</O21_OR_ComponentHypertech>
      <O21_OR_KyberCrystal_Green>1</O21_OR_KyberCrystal_Green>
    </costList>
  </ThingDef>

  <ThingDef ParentName="CEC_SpinalBarrel_A">
    <defName>CEC_SpinalBarrel_A_Blue</defName>
    <label>spinal barrel (blue) (onager-class star destroyer)</label>
    <costList>
      <O21_OR_Durasteel>460</O21_OR_Durasteel>
      <O21_OR_ComponentHypertech>10</O21_OR_ComponentHypertech>
      <O21_OR_KyberCrystal_Blue>1</O21_OR_KyberCrystal_Blue>
  </costList>
  </ThingDef>

  <ThingDef ParentName="CEC_SpinalBarrel_A">
    <defName>CEC_SpinalBarrel_A_Yellow</defName>
    <label>spinal barrel (yellow) (onager-class star destroyer)</label>
    <costList>
      <O21_OR_Durasteel>460</O21_OR_Durasteel>
      <O21_OR_ComponentHypertech>10</O21_OR_ComponentHypertech>
      <O21_OR_KyberCrystal_Yellow>1</O21_OR_KyberCrystal_Yellow>
    </costList>
  </ThingDef>

  <ThingDef ParentName="CEC_SpinalBarrel_A">
    <defName>CEC_SpinalBarrel_A_Cyan</defName>
    <label>spinal barrel (cyan) (onager-class star destroyer)</label>
    <costList>
      <O21_OR_Durasteel>460</O21_OR_Durasteel>
      <O21_OR_ComponentHypertech>10</O21_OR_ComponentHypertech>
      <O21_OR_KyberCrystal_Cyan>1</O21_OR_KyberCrystal_Cyan>
    </costList>
  </ThingDef>

  <ThingDef ParentName="CEC_SpinalBarrel_A">
    <defName>CEC_SpinalBarrel_A_Purple</defName>
    <label>spinal barrel (purple) (onager-class star destroyer)</label>
    <costList>
      <O21_OR_Durasteel>460</O21_OR_Durasteel>
      <O21_OR_ComponentHypertech>10</O21_OR_ComponentHypertech>
      <O21_OR_KyberCrystal_Purple>1</O21_OR_KyberCrystal_Purple>
    </costList>
  </ThingDef>

  <ThingDef ParentName="CEC_SpinalBarrel_A">
    <defName>CEC_SpinalBarrel_A_Red</defName>
    <label>spinal barrel (red) (onager-class star destroyer)</label>
    <costList>
      <O21_OR_Durasteel>460</O21_OR_Durasteel>
      <O21_OR_ComponentHypertech>10</O21_OR_ComponentHypertech>
      <O21_OR_KyberCrystal_Red>1</O21_OR_KyberCrystal_Red>
  </costList>
  </ThingDef>

  <ThingDef ParentName="CEC_SpinalBarrel_A">
    <defName>CEC_SpinalBarrel_A_Orange</defName>
    <label>spinal barrel (orange) (onager-class star destroyer)</label>
    <costList>
      <O21_OR_Durasteel>460</O21_OR_Durasteel>
      <O21_OR_ComponentHypertech>10</O21_OR_ComponentHypertech>
      <O21_OR_KyberCrystal_Orange>1</O21_OR_KyberCrystal_Orange>
    </costList>
  </ThingDef>

  <ThingDef ParentName="CEC_SpinalBarrel_A">
    <defName>CEC_SpinalBarrel_A_White</defName>
    <label>spinal barrel (white) (onager-class star destroyer)</label>
    <costList>
      <O21_OR_Durasteel>460</O21_OR_Durasteel>
      <O21_OR_ComponentHypertech>10</O21_OR_ComponentHypertech>
      <O21_OR_KyberCrystal_White>1</O21_OR_KyberCrystal_White>
    </costList>
  </ThingDef>

  <ThingDef ParentName="CEC_SpinalBarrel_A">
    <defName>CEC_SpinalBarrel_A_Synthetic</defName>
    <label>spinal barrel (synthetic) (onager-class star destroyer)</label>
    <costList>
      <O21_OR_Durasteel>460</O21_OR_Durasteel>
      <O21_OR_ComponentHypertech>10</O21_OR_ComponentHypertech>
      <O21_OR_SyntheticCrystal>1</O21_OR_SyntheticCrystal>
    </costList>
  </ThingDef>

  <ThingDef ParentName="BaseShipArtilleryWeapon">
    <defName>CEC_SpinalBarrelTurret_A</defName>
    <label>superheavy composite beam turbolaser</label>
    <description>Capital ship weaponry powered by a kyber crystal</description>
    <graphicData>
      <texPath>Turrets/Empty</texPath>
    </graphicData>
    <verbs>
      <li>
        <label>fire ionized beam</label>
        <verbClass>Verb_LaunchProjectileShip</verbClass>
        <hasStandardCommand>true</hasStandardCommand>
        <range>12.9</range>
        <warmupTime>0</warmupTime>
        <noiseRadius>4</noiseRadius>
        <burstShotCount>40</burstShotCount>
        <ai_IsBuildingDestroyer>true</ai_IsBuildingDestroyer>
        <requireLineOfSight>false</requireLineOfSight>
        <targetParams>
          <canTargetLocations>true</canTargetLocations>
        </targetParams>
        <soundCast>O21_Shot_BlasterBolt</soundCast>
        <soundCastTail>GunTail_Heavy</soundCastTail>
        <muzzleFlashScale>12</muzzleFlashScale>
        <defaultProjectile>CEC_Bullet_SuperTurbolaserWhite</defaultProjectile>
        <spawnDef>CEC_Proj_SuperTurbolaserWhite</spawnDef>
        <rangedFireRulepack>Combat_RangedFire_Thrown</rangedFireRulepack>
        <ticksBetweenBurstShots>1</ticksBetweenBurstShots>
      </li>
    </verbs>
  </ThingDef>

  <ThingDef ParentName="BaseBullet">
    <defName>CEC_Bullet_SuperTurbolaserWhite</defName>
    <label>super ionized beam</label>
    <graphicData>
      <texPath>Turrets/ShipBullet_White</texPath>
      <graphicClass>Graphic_Single</graphicClass>
      <shaderType>TransparentPostLight</shaderType>
      <drawSize>(2,20)</drawSize>
    </graphicData>
    <thingClass>Projectile_SoSFake</thingClass>
    <projectile>
      <damageDef>Bomb</damageDef>
      <speed>200</speed>
      <explosionRadius>0</explosionRadius>
      <soundHitThickRoof>Artillery_HitThickRoof</soundHitThickRoof>
    </projectile>
    <altitudeLayer>MetaOverlays</altitudeLayer>
    <seeThroughFog>true</seeThroughFog>
  </ThingDef>

  <ThingDef ParentName="BaseGrenadeProjectile">
    <defName>CEC_Proj_SuperTurbolaserWhite</defName>
    <label>super ionized beam</label>
    <thingClass>Projectile_ExplosiveShipCombat</thingClass>
    <graphicData>
      <texPath>Turrets/ShipBullet_White</texPath>
      <graphicClass>Graphic_Single</graphicClass>
      <shaderType>TransparentPostLight</shaderType>
      <drawSize>(2,20)</drawSize>
    </graphicData>
    <projectile>
      <explosionRadius>4.9</explosionRadius>
      <damageDef>CEC_Damage_TurbolaserRed</damageDef>
      <speed>200</speed>
    </projectile>
  </ThingDef>
  

  <!--=========Spinal Mega Ion Cannon=========-->

  <ThingDef ParentName="BuildingBase">
    <defName>CEC_SpinalEmitter_B</defName>
    <label>spinal capacitor (mega ion cannon)</label>
    <designatorDropdown>CEC_SpinalMegaIon_Dropdown</designatorDropdown>
    <description>The first segment of the mega ion cannon. Connects to one or more amplifiers, then a barrel.</description>
    <graphicData>
      <texPath>Turrets2/MegaIonCannonSpinalEmitter</texPath>
      <graphicClass>Graphic_Single</graphicClass>
      <drawSize>(7,3)</drawSize>
      <damageData>
        <enabled>false</enabled>
      </damageData>
    </graphicData>
    <size>(7,3)</size>
    <rotatable>true</rotatable>
    <passability>PassThroughOnly</passability>
    <castEdgeShadows>false</castEdgeShadows>
    <fillPercent>0.5</fillPercent>
    <designationCategory>CEC_Category</designationCategory>
    <canOverlapZones>false</canOverlapZones>
    <terrainAffordanceNeeded>Heavy</terrainAffordanceNeeded>
    <blockWind>true</blockWind>
    <blockLight>false</blockLight>
    <holdsRoof>false</holdsRoof>
    <statBases>
      <MaxHitPoints>2000</MaxHitPoints>
      <WorkToBuild>22000</WorkToBuild>
      <Flammability>0.4</Flammability>
    </statBases>
    <costList>
      <O21_OR_Durasteel>460</O21_OR_Durasteel>
      <O21_OR_ComponentHypertech>16</O21_OR_ComponentHypertech>
    </costList>
    <comps>
      <li Class="CompProperties_SpinalMount">
        <emits>true</emits>
        <stackEnd>true</stackEnd>
      </li>
      <li>
        <compClass>CompColorable</compClass>
      </li>
    </comps>
    <placeWorkers>
      <li>PlaceWorker_SpinalMountPort</li>
    </placeWorkers>
    <drawPlaceWorkersWhileSelected>true</drawPlaceWorkersWhileSelected>
    <researchPrerequisites>
      <li>CEC_MegaIonCannon_Turrets</li>
    </researchPrerequisites>
    <constructionSkillPrerequisite>10</constructionSkillPrerequisite>
    <building>
      <shipPart>true</shipPart>
      <isEdifice>false</isEdifice>
    </building>
    <altitudeLayer>LowPlant</altitudeLayer>
  </ThingDef>

  <ThingDef ParentName="BuildingBase">
    <defName>CEC_SpinalAmplifier_B</defName>
    <label>spinal  amplifier (mega ion cannon)</label>
    <designatorDropdown>CEC_SpinalMegaIon_Dropdown</designatorDropdown>
    <description>A middle segment of the mega ion cannon. Attach one or more of these to an emitter, then add a barrel to complete the gun.\n\nIncreases base damage by 20%, but also increases power consumption and heat generated by the same percentage.</description>
    <graphicData>
      <texPath>Turrets2/MegaIonCannonSpinalAmplifier</texPath>
      <graphicClass>Graphic_Single</graphicClass>
      <drawSize>(7,1)</drawSize>
      <damageData>
        <enabled>false</enabled>
      </damageData>
    </graphicData>
    <size>(7,1)</size>
    <rotatable>true</rotatable>
    <tickerType>Normal</tickerType>
    <designationHotKey>Misc12</designationHotKey>
    <passability>PassThroughOnly</passability>
    <castEdgeShadows>false</castEdgeShadows>
    <blockWind>true</blockWind>
    <blockLight>false</blockLight>
    <holdsRoof>false</holdsRoof>
    <fillPercent>0.5</fillPercent>
    <terrainAffordanceNeeded>Heavy</terrainAffordanceNeeded>
    <designationCategory>CEC_Category</designationCategory>
    <statBases>
      <MaxHitPoints>2000</MaxHitPoints>
      <WorkToBuild>22000</WorkToBuild>
      <Flammability>0.4</Flammability>
    </statBases>
    <costList>
      <O21_OR_Durasteel>90</O21_OR_Durasteel>
      <O21_OR_ComponentHypertech>6</O21_OR_ComponentHypertech>
    </costList>
    <comps>
      <li Class="CompProperties_SpinalMount">
        <emits>true</emits>
        <receives>true</receives>
        <ampAmount>0.20</ampAmount>
      </li>
      <li>
        <compClass>CompColorable</compClass>
      </li>
    </comps>
    <placeWorkers>
      <li>PlaceWorker_NeedsSpinalMountPort</li>
      <li>PlaceWorker_SpinalMountPort</li>
    </placeWorkers>
    <researchPrerequisites>
      <li>CEC_MegaIonCannon_Turrets</li>
    </researchPrerequisites>
    <constructionSkillPrerequisite>10</constructionSkillPrerequisite>
    <building>
      <shipPart>true</shipPart>
      <isEdifice>false</isEdifice>
    </building>
    <altitudeLayer>LowPlant</altitudeLayer>
  </ThingDef>

  <ThingDef ParentName="BuildingBase">
    <defName>CEC_SpinalBarrel_B</defName>
    <label>spinal barrel (mega ion cannon)</label>
    <costList>
      <O21_OR_Durasteel>460</O21_OR_Durasteel>
      <O21_OR_ComponentHypertech>20</O21_OR_ComponentHypertech>
    </costList>
    <description>The final segment of the mega ion cannon. Produces a large emp field. Range only 50% of combat area. Has a longer cooldown and needs lots of energy (1000).</description>
    <designatorDropdown>CEC_SpinalMegaIon_Dropdown</designatorDropdown>
    <graphicData>
      <texPath>Turrets2/MegaIonCannonSpinalBarrel</texPath>
      <graphicClass>Graphic_Single</graphicClass>
      <drawSize>(7,4)</drawSize>
      <damageData>
        <enabled>false</enabled>
      </damageData>
    </graphicData>
    <thingClass>Building_ShipTurret</thingClass>
    <size>(7,4)</size>
    <rotatable>true</rotatable>
    <tickerType>Normal</tickerType>
    <designationHotKey>Misc12</designationHotKey>
    <passability>PassThroughOnly</passability>
    <castEdgeShadows>false</castEdgeShadows>
    <blockWind>true</blockWind>
    <blockLight>false</blockLight>
    <holdsRoof>false</holdsRoof>
    <fillPercent>0.5</fillPercent>
    <terrainAffordanceNeeded>Heavy</terrainAffordanceNeeded>
    <designationCategory>CEC_Category</designationCategory>
    <statBases>
      <MaxHitPoints>2000</MaxHitPoints>
      <WorkToBuild>22000</WorkToBuild>
      <Flammability>0.5</Flammability>
      <RangedWeapon_DamageMultiplier>1.0</RangedWeapon_DamageMultiplier>
    </statBases>
    <comps>
      <li Class="CompProperties_SpinalMount">
        <emits>false</emits>
        <receives>true</receives>
        <color>(1,1,1)</color>
        <destroysHull>false</destroysHull>
      </li>
      <li>
        <compClass>CompColorable</compClass>
      </li>
      <li Class="CompProperties_Explosive">
        <wickTicks>240</wickTicks>
        <explosiveRadius>7.9</explosiveRadius>
        <explosiveDamageType>Bomb</explosiveDamageType>
        <chanceNeverExplodeFromDamage>0.5</chanceNeverExplodeFromDamage>
      </li>
      <li Class="CompProperties_ShipHeat">
        <compClass>CompShipHeatSource</compClass>
        <heatPerPulse>60</heatPerPulse>
        <energyToFire>1000</energyToFire>
        <maxRange>100</maxRange>
        <projectileSpeed>1</projectileSpeed>
        <threat>100</threat>
      </li>
      <li Class="CompProperties_Power">
        <compClass>CompPowerTrader</compClass>
        <basePowerConsumption>200</basePowerConsumption>
        <transmitsPower>true</transmitsPower>
        <shortCircuitInRain>false</shortCircuitInRain>
      </li>
      <li Class="CompProperties_Flickable"/>
    </comps>
    <placeWorkers>
      <li>PlaceWorker_NeedsSpinalMountPort</li>
      <li>PlaceWorker_TurretTop</li>
    </placeWorkers>
    <researchPrerequisites>
      <li>CEC_MegaIonCannon_Turrets</li>
    </researchPrerequisites>
    <constructionSkillPrerequisite>10</constructionSkillPrerequisite>
    <building>
      <shipPart>true</shipPart>
      <isEdifice>false</isEdifice>
      <turretGunDef>CEC_SpinalBarrelTurret_B</turretGunDef>
      <turretBurstWarmupTime>15.0</turretBurstWarmupTime>
      <turretBurstCooldownTime>100.0</turretBurstCooldownTime>
    </building>
    <seeThroughFog>true</seeThroughFog>
    <altitudeLayer>LowPlant</altitudeLayer>
  </ThingDef>
  

  <ThingDef ParentName="BaseShipArtilleryWeapon">
    <defName>CEC_SpinalBarrelTurret_B</defName>
    <label>mega ion cannon</label>
    <description>Capital ship weaponry powered by a large amount of energy.</description>
    <graphicData>
      <texPath>Turrets/Empty</texPath>
    </graphicData>
    <verbs>
      <li>
        <label>fire ion beam</label>
        <verbClass>Verb_LaunchProjectileShip</verbClass>
        <hasStandardCommand>true</hasStandardCommand>
        <range>12.9</range>
        <warmupTime>0</warmupTime>
        <noiseRadius>4</noiseRadius>
        <burstShotCount>1</burstShotCount>
        <ai_IsBuildingDestroyer>true</ai_IsBuildingDestroyer>
        <requireLineOfSight>false</requireLineOfSight>
        <targetParams>
          <canTargetLocations>true</canTargetLocations>
        </targetParams>
        <soundCast>O21_Shot_BlasterBolt</soundCast>
        <soundCastTail>GunTail_Heavy</soundCastTail>
        <muzzleFlashScale>12</muzzleFlashScale>
        <defaultProjectile>CEC_Bullet_MegaIon</defaultProjectile>
        <spawnDef>CEC_Proj_MegaIon</spawnDef>
        <rangedFireRulepack>Combat_RangedFire_Thrown</rangedFireRulepack>
        <ticksBetweenBurstShots>1</ticksBetweenBurstShots>
      </li>
    </verbs>
  </ThingDef>

  <ThingDef ParentName="BaseBullet">
    <defName>CEC_Bullet_MegaIon</defName>
    <label>ion beam</label>
    <graphicData>
      <texPath>Turrets2/ShipBullet_MegaIonS</texPath>
      <graphicClass>Graphic_Single</graphicClass>
      <shaderType>TransparentPostLight</shaderType>
      <drawSize>(5,5)</drawSize>
    </graphicData>
    <thingClass>Projectile_SoSFake</thingClass>
    <projectile>
      <damageDef>EMP</damageDef>
      <speed>200</speed>
      <explosionRadius>0</explosionRadius>
      <soundHitThickRoof>Artillery_HitThickRoof</soundHitThickRoof>
    </projectile>
    <altitudeLayer>MetaOverlays</altitudeLayer>
    <seeThroughFog>true</seeThroughFog>
  </ThingDef>

  <ThingDef ParentName="BaseGrenadeProjectile">
    <defName>CEC_Proj_MegaIon</defName>
    <label>ion beam</label>
    <thingClass>Projectile_ExplosiveShipCombat</thingClass>
    <graphicData>
      <texPath>Turrets2/ShipBullet_MegaIonL</texPath>
      <graphicClass>Graphic_Single</graphicClass>
      <shaderType>TransparentPostLight</shaderType>
      <drawSize>(40,40)</drawSize>
    </graphicData>
    <projectile>
      <explosionRadius>19.9</explosionRadius>
      <damageDef>EMP</damageDef>
      <speed>200</speed>
    </projectile>
  </ThingDef>

</Defs>