<?xml version="1.0" encoding="utf-8" ?>
<Defs>

  <ThingDef ParentName="CEC_ShipPartBase" Name="CEC_ShipPartVenator"  Abstract="True">
    <designatorDropdown>CEC_VCSD_Dropdown</designatorDropdown>
    <researchPrerequisites>
      <li>CEC_KDY_CloneWars_Parts</li>
    </researchPrerequisites>
  </ThingDef>

  <ThingDef ParentName="CEC_ShipPartVenator">
    <defName>Ship_VenatorClassStarDestroyer_Front</defName>
    <label>venator-class star destroyer front</label>
    <graphicData>
      <texPath>ShipParts2/VenatorClassStarDestroyerFront</texPath>
      <drawSize>(7,9)</drawSize>
    </graphicData>
    <size>(7,9)</size>
    <costList>
      <O21_OR_Durasteel>630</O21_OR_Durasteel>
      <O21_OR_ComponentHypertech>1</O21_OR_ComponentHypertech>
    </costList>
    <statBases>
      <MaxHitPoints>12600</MaxHitPoints>
      <WorkToBuild>50400</WorkToBuild>
    </statBases>
  </ThingDef>

  <ThingDef ParentName="CEC_ShipPartVenator">
    <defName>Ship_VenatorClassStarDestroyer_FrontRightA</defName>
    <label>venator-class star destroyer front right 1</label>
    <graphicData>
      <texPath>ShipParts2/VenatorClassStarDestroyerFrontRight1</texPath>
      <drawSize>(13,4)</drawSize>
    </graphicData>
    <size>(13,4)</size>
    <costList>
      <O21_OR_Durasteel>520</O21_OR_Durasteel>
      <O21_OR_ComponentHypertech>1</O21_OR_ComponentHypertech>
    </costList>
    <statBases>
      <MaxHitPoints>10400</MaxHitPoints>
      <WorkToBuild>41600</WorkToBuild>
    </statBases>
    <altitudeLayer>Zone</altitudeLayer>
  </ThingDef>

  <ThingDef ParentName="CEC_ShipPartVenator">
    <defName>Ship_VenatorClassStarDestroyer_FrontRightB</defName>
    <label>venator-class star destroyer front right 2</label>
    <graphicData>
      <texPath>ShipParts2/VenatorClassStarDestroyerFrontRight2</texPath>
      <drawSize>(12,7)</drawSize>
    </graphicData>
    <size>(12,5)</size>
    <costList>
      <O21_OR_Durasteel>600</O21_OR_Durasteel>
      <O21_OR_ComponentHypertech>1</O21_OR_ComponentHypertech>
    </costList>
    <statBases>
      <MaxHitPoints>12000</MaxHitPoints>
      <WorkToBuild>48000</WorkToBuild>
    </statBases>
    <altitudeLayer>Zone</altitudeLayer>
  </ThingDef>

  <ThingDef ParentName="CEC_ShipPartVenator">
    <defName>Ship_VenatorClassStarDestroyer_FrontRightC</defName>
    <label>venator-class star destroyer front right 3</label>
    <graphicData>
      <texPath>ShipParts2/VenatorClassStarDestroyerFrontRight3</texPath>
      <drawSize>(19,7)</drawSize>
    </graphicData>
    <size>(19,7)</size>
    <costList>
      <O21_OR_Durasteel>1330</O21_OR_Durasteel>
      <O21_OR_ComponentHypertech>1</O21_OR_ComponentHypertech>
    </costList>
    <statBases>
      <MaxHitPoints>26600</MaxHitPoints>
      <WorkToBuild>106400</WorkToBuild>
    </statBases>
    <altitudeLayer>Zone</altitudeLayer>
  </ThingDef>

  <ThingDef ParentName="CEC_ShipPartVenator">
    <defName>Ship_VenatorClassStarDestroyer_FrontLeftA</defName>
    <label>venator-class star destroyer front left 1</label>
    <graphicData>
      <texPath>ShipParts2/VenatorClassStarDestroyerFrontLeft1</texPath>
      <drawSize>(13,4)</drawSize>
    </graphicData>
    <size>(13,4)</size>
    <costList>
      <O21_OR_Durasteel>520</O21_OR_Durasteel>
      <O21_OR_ComponentHypertech>1</O21_OR_ComponentHypertech>
    </costList>
    <statBases>
      <MaxHitPoints>10400</MaxHitPoints>
      <WorkToBuild>41600</WorkToBuild>
    </statBases>
    <altitudeLayer>Zone</altitudeLayer>
  </ThingDef>

  <ThingDef ParentName="CEC_ShipPartVenator">
    <defName>Ship_VenatorClassStarDestroyer_FrontLeftB</defName>
    <label>venator-class star destroyer front left 2</label>
    <graphicData>
      <texPath>ShipParts2/VenatorClassStarDestroyerFrontLeft2</texPath>
      <drawSize>(12,7)</drawSize>
    </graphicData>
    <size>(12,5)</size>
    <costList>
      <O21_OR_Durasteel>600</O21_OR_Durasteel>
      <O21_OR_ComponentHypertech>1</O21_OR_ComponentHypertech>
    </costList>
    <statBases>
      <MaxHitPoints>12000</MaxHitPoints>
      <WorkToBuild>48000</WorkToBuild>
    </statBases>
    <altitudeLayer>Zone</altitudeLayer>
  </ThingDef>

  <ThingDef ParentName="CEC_ShipPartVenator">
    <defName>Ship_VenatorClassStarDestroyer_FrontLeftC</defName>
    <label>venator-class star destroyer front left 3</label>
    <graphicData>
      <texPath>ShipParts2/VenatorClassStarDestroyerFrontLeft3</texPath>
      <drawSize>(19,7)</drawSize>
    </graphicData>
    <size>(19,7)</size>
    <costList>
      <O21_OR_Durasteel>1330</O21_OR_Durasteel>
      <O21_OR_ComponentHypertech>1</O21_OR_ComponentHypertech>
    </costList>
    <statBases>
      <MaxHitPoints>26600</MaxHitPoints>
      <WorkToBuild>106400</WorkToBuild>
    </statBases>
    <altitudeLayer>Zone</altitudeLayer>
  </ThingDef>

  <ThingDef ParentName="CEC_ShipPartVenator">
    <defName>Ship_VenatorClassStarDestroyer_SideRightA</defName>
    <label>venator-class star destroyer side right 1</label>
    <graphicData>
      <texPath>ShipParts2/VenatorClassStarDestroyerSideRight1</texPath>
      <drawSize>(21,9)</drawSize>
    </graphicData>
    <size>(21,7)</size>
    <costList>
      <O21_OR_Durasteel>1470</O21_OR_Durasteel>
      <O21_OR_ComponentHypertech>1</O21_OR_ComponentHypertech>
    </costList>
    <statBases>
      <MaxHitPoints>29400</MaxHitPoints>
      <WorkToBuild>117600</WorkToBuild>
    </statBases>
    <altitudeLayer>Zone</altitudeLayer>
  </ThingDef>

  <ThingDef ParentName="CEC_ShipPartVenator">
    <defName>Ship_VenatorClassStarDestroyer_SideRightB</defName>
    <label>venator-class star destroyer side right 2</label>
    <graphicData>
      <texPath>ShipParts2/VenatorClassStarDestroyerSideRight2</texPath>
      <drawSize>(7,8)</drawSize>
    </graphicData>
    <size>(7,8)</size>
    <costList>
      <O21_OR_Durasteel>560</O21_OR_Durasteel>
      <O21_OR_ComponentHypertech>1</O21_OR_ComponentHypertech>
    </costList>
    <statBases>
      <MaxHitPoints>11200</MaxHitPoints>
      <WorkToBuild>44800</WorkToBuild>
    </statBases>
  </ThingDef>

  <ThingDef ParentName="CEC_ShipPartVenator">
    <defName>Ship_VenatorClassStarDestroyer_SideRightC</defName>
    <label>venator-class star destroyer side right 3</label>
    <graphicData>
      <texPath>ShipParts2/VenatorClassStarDestroyerSideRight3</texPath>
      <drawSize>(10,6)</drawSize>
    </graphicData>
    <size>(10,6)</size>
    <costList>
      <O21_OR_Durasteel>600</O21_OR_Durasteel>
      <O21_OR_ComponentHypertech>1</O21_OR_ComponentHypertech>
    </costList>
    <statBases>
      <MaxHitPoints>12000</MaxHitPoints>
      <WorkToBuild>48000</WorkToBuild>
    </statBases>
  </ThingDef>

  <ThingDef ParentName="CEC_ShipPartVenator">
    <defName>Ship_VenatorClassStarDestroyer_SideRightD</defName>
    <label>venator-class star destroyer side right 4</label>
    <graphicData>
      <texPath>ShipParts2/VenatorClassStarDestroyerSideRight4</texPath>
      <drawSize>(15,8)</drawSize>
    </graphicData>
    <size>(15,6)</size>
    <costList>
      <O21_OR_Durasteel>900</O21_OR_Durasteel>
      <O21_OR_ComponentHypertech>1</O21_OR_ComponentHypertech>
    </costList>
    <statBases>
      <MaxHitPoints>18000</MaxHitPoints>
      <WorkToBuild>72000</WorkToBuild>
    </statBases>
  </ThingDef>

  <ThingDef ParentName="CEC_ShipPartVenator">
    <defName>Ship_VenatorClassStarDestroyer_SideRightE</defName>
    <label>venator-class star destroyer side right 5</label>
    <graphicData>
      <texPath>ShipParts2/VenatorClassStarDestroyerSideRight5</texPath>
      <drawSize>(6,4)</drawSize>
    </graphicData>
    <size>(6,4)</size>
    <costList>
      <O21_OR_Durasteel>240</O21_OR_Durasteel>
      <O21_OR_ComponentHypertech>1</O21_OR_ComponentHypertech>
    </costList>
    <statBases>
      <MaxHitPoints>4800</MaxHitPoints>
      <WorkToBuild>19200</WorkToBuild>
    </statBases>
  </ThingDef>

  <ThingDef ParentName="CEC_ShipPartVenator">
    <defName>Ship_VenatorClassStarDestroyer_SideLeftA</defName>
    <label>venator-class star destroyer side left 1</label>
    <graphicData>
      <texPath>ShipParts2/VenatorClassStarDestroyerSideLeft1</texPath>
      <drawSize>(21,9)</drawSize>
    </graphicData>
    <size>(21,7)</size>
    <costList>
      <O21_OR_Durasteel>1470</O21_OR_Durasteel>
      <O21_OR_ComponentHypertech>1</O21_OR_ComponentHypertech>
    </costList>
    <statBases>
      <MaxHitPoints>29400</MaxHitPoints>
      <WorkToBuild>117600</WorkToBuild>
    </statBases>
    <altitudeLayer>Zone</altitudeLayer>
  </ThingDef>

  <ThingDef ParentName="CEC_ShipPartVenator">
    <defName>Ship_VenatorClassStarDestroyer_SideLeftB</defName>
    <label>venator-class star destroyer side left 2</label>
    <graphicData>
      <texPath>ShipParts2/VenatorClassStarDestroyerSideLeft2</texPath>
      <drawSize>(7,8)</drawSize>
    </graphicData>
    <size>(7,8)</size>
    <costList>
      <O21_OR_Durasteel>560</O21_OR_Durasteel>
      <O21_OR_ComponentHypertech>1</O21_OR_ComponentHypertech>
    </costList>
    <statBases>
      <MaxHitPoints>11200</MaxHitPoints>
      <WorkToBuild>44800</WorkToBuild>
    </statBases>
  </ThingDef>

  <ThingDef ParentName="CEC_ShipPartVenator">
    <defName>Ship_VenatorClassStarDestroyer_SideLeftC</defName>
    <label>venator-class star destroyer side left 3</label>
    <graphicData>
      <texPath>ShipParts2/VenatorClassStarDestroyerSideLeft3</texPath>
      <drawSize>(10,6)</drawSize>
    </graphicData>
    <size>(10,6)</size>
    <costList>
      <O21_OR_Durasteel>600</O21_OR_Durasteel>
      <O21_OR_ComponentHypertech>1</O21_OR_ComponentHypertech>
    </costList>
    <statBases>
      <MaxHitPoints>12000</MaxHitPoints>
      <WorkToBuild>48000</WorkToBuild>
    </statBases>
  </ThingDef>

  <ThingDef ParentName="CEC_ShipPartVenator">
    <defName>Ship_VenatorClassStarDestroyer_SideLeftD</defName>
    <label>venator-class star destroyer side left 4</label>
    <graphicData>
      <texPath>ShipParts2/VenatorClassStarDestroyerSideLeft4</texPath>
      <drawSize>(15,8)</drawSize>
    </graphicData>
    <size>(15,6)</size>
    <costList>
      <O21_OR_Durasteel>900</O21_OR_Durasteel>
      <O21_OR_ComponentHypertech>1</O21_OR_ComponentHypertech>
    </costList>
    <statBases>
      <MaxHitPoints>18000</MaxHitPoints>
      <WorkToBuild>72000</WorkToBuild>
    </statBases>
  </ThingDef>

  <ThingDef ParentName="CEC_ShipPartVenator">
    <defName>Ship_VenatorClassStarDestroyer_SideLeftE</defName>
    <label>venator-class star destroyer side left 5</label>
    <graphicData>
      <texPath>ShipParts2/VenatorClassStarDestroyerSideLeft5</texPath>
      <drawSize>(6,4)</drawSize>
    </graphicData>
    <size>(6,4)</size>
    <costList>
      <O21_OR_Durasteel>240</O21_OR_Durasteel>
      <O21_OR_ComponentHypertech>1</O21_OR_ComponentHypertech>
    </costList>
    <statBases>
      <MaxHitPoints>4800</MaxHitPoints>
      <WorkToBuild>19200</WorkToBuild>
    </statBases>
  </ThingDef>

  <ThingDef ParentName="CEC_ShipPartVenator">
    <defName>Ship_VenatorClassStarDestroyer_BackRightA</defName>
    <label>venator-class star destroyer back right 1</label>
    <graphicData>
      <texPath>ShipParts2/VenatorClassStarDestroyerBackRight1</texPath>
      <drawSize>(22,18)</drawSize>
    </graphicData>
    <size>(22,18)</size>
    <costList>
      <O21_OR_Durasteel>3960</O21_OR_Durasteel>
      <O21_OR_ComponentHypertech>1</O21_OR_ComponentHypertech>
    </costList>
    <statBases>
      <MaxHitPoints>79200</MaxHitPoints>
      <WorkToBuild>316800</WorkToBuild>
    </statBases>
  </ThingDef>

  <ThingDef ParentName="CEC_ShipPartVenator">
    <defName>Ship_VenatorClassStarDestroyer_BackRightB</defName>
    <label>venator-class star destroyer back right 2</label>
    <graphicData>
      <texPath>ShipParts2/VenatorClassStarDestroyerBackRight2</texPath>
      <drawSize>(9,16)</drawSize>
    </graphicData>
    <size>(7,16)</size>
    <costList>
      <O21_OR_Durasteel>1120</O21_OR_Durasteel>
      <O21_OR_ComponentHypertech>1</O21_OR_ComponentHypertech>
    </costList>
    <statBases>
      <MaxHitPoints>22400</MaxHitPoints>
      <WorkToBuild>89600</WorkToBuild>
    </statBases>
  </ThingDef>

  <ThingDef ParentName="CEC_ShipPartVenator">
    <defName>Ship_VenatorClassStarDestroyer_BackLeftA</defName>
    <label>venator-class star destroyer back left 1</label>
    <graphicData>
      <texPath>ShipParts2/VenatorClassStarDestroyerBackLeft1</texPath>
      <drawSize>(22,18)</drawSize>
    </graphicData>
    <size>(22,18)</size>
    <costList>
      <O21_OR_Durasteel>3960</O21_OR_Durasteel>
      <O21_OR_ComponentHypertech>1</O21_OR_ComponentHypertech>
    </costList>
    <statBases>
      <MaxHitPoints>79200</MaxHitPoints>
      <WorkToBuild>316800</WorkToBuild>
    </statBases>
  </ThingDef>

  <ThingDef ParentName="CEC_ShipPartVenator">
    <defName>Ship_VenatorClassStarDestroyer_BackLeftB</defName>
    <label>venator-class star destroyer back left 2</label>
    <graphicData>
      <texPath>ShipParts2/VenatorClassStarDestroyerBackLeft2</texPath>
      <drawSize>(9,16)</drawSize>
    </graphicData>
    <size>(7,16)</size>
    <costList>
      <O21_OR_Durasteel>1120</O21_OR_Durasteel>
      <O21_OR_ComponentHypertech>1</O21_OR_ComponentHypertech>
    </costList>
    <statBases>
      <MaxHitPoints>22400</MaxHitPoints>
      <WorkToBuild>89600</WorkToBuild>
    </statBases>
  </ThingDef>

  <ThingDef ParentName="CEC_ShipPartVenator">
    <defName>Ship_VenatorClassStarDestroyer_Back</defName>
    <label>venator-class star destroyer back</label>
    <graphicData>
      <texPath>ShipParts2/VenatorClassStarDestroyerBack</texPath>
      <drawSize>(22,7)</drawSize>
    </graphicData>
    <size>(22,7)</size>
    <costList>
      <O21_OR_Durasteel>1540</O21_OR_Durasteel>
      <O21_OR_ComponentHypertech>1</O21_OR_ComponentHypertech>
    </costList>
    <statBases>
      <MaxHitPoints>30800</MaxHitPoints>
      <WorkToBuild>123200</WorkToBuild>
    </statBases>
  </ThingDef>

  <ThingDef ParentName="CEC_ShipPartVenator">
    <defName>Ship_VenatorClassStarDestroyer_EngineBlockRightA</defName>
    <label>venator-class star destroyer engine block right 1</label>
    <graphicData>
      <texPath>ShipParts2/VenatorClassStarDestroyerEngineBlockRight1</texPath>
      <drawSize>(16,10)</drawSize>
    </graphicData>
    <size>(16,6)</size>
    <costList>
      <O21_OR_Durasteel>1600</O21_OR_Durasteel>
      <O21_OR_ComponentHypertech>1</O21_OR_ComponentHypertech>
    </costList>
    <statBases>
      <MaxHitPoints>32000</MaxHitPoints>
      <WorkToBuild>128000</WorkToBuild>
    </statBases>
  </ThingDef>

  <ThingDef ParentName="CEC_ShipPartVenator">
    <defName>Ship_VenatorClassStarDestroyer_EngineBlockRightB</defName>
    <label>venator-class star destroyer engine block right 2</label>
    <graphicData>
      <texPath>ShipParts2/VenatorClassStarDestroyerEngineBlockRight2</texPath>
      <drawSize>(18,17)</drawSize>
    </graphicData>
    <size>(12,17)</size>
    <costList>
      <O21_OR_Durasteel>2040</O21_OR_Durasteel>
      <O21_OR_ComponentHypertech>1</O21_OR_ComponentHypertech>
    </costList>
    <statBases>
      <MaxHitPoints>40800</MaxHitPoints>
      <WorkToBuild>163200</WorkToBuild>
    </statBases>
  </ThingDef>

  <ThingDef ParentName="CEC_ShipPartVenator">
    <defName>Ship_VenatorClassStarDestroyer_EngineBlockLeftA</defName>
    <label>venator-class star destroyer engine block left 1</label>
    <graphicData>
      <texPath>ShipParts2/VenatorClassStarDestroyerEngineBlockLeft1</texPath>
      <drawSize>(16,10)</drawSize>
    </graphicData>
    <size>(16,6)</size>
    <costList>
      <O21_OR_Durasteel>1600</O21_OR_Durasteel>
      <O21_OR_ComponentHypertech>1</O21_OR_ComponentHypertech>
    </costList>
    <statBases>
      <MaxHitPoints>32000</MaxHitPoints>
      <WorkToBuild>128000</WorkToBuild>
    </statBases>
  </ThingDef>

  <ThingDef ParentName="CEC_ShipPartVenator">
    <defName>Ship_VenatorClassStarDestroyer_EngineBlockLeftB</defName>
    <label>venator-class star destroyer engine block left 2</label>
    <graphicData>
      <texPath>ShipParts2/VenatorClassStarDestroyerEngineBlockLeft2</texPath>
      <drawSize>(18,17)</drawSize>
    </graphicData>
    <size>(12,17)</size>
    <costList>
      <O21_OR_Durasteel>2040</O21_OR_Durasteel>
      <O21_OR_ComponentHypertech>1</O21_OR_ComponentHypertech>
    </costList>
    <statBases>
      <MaxHitPoints>40800</MaxHitPoints>
      <WorkToBuild>163200</WorkToBuild>
    </statBases>
  </ThingDef>

  <ThingDef ParentName="CEC_ShipPartVenator">
    <defName>Ship_VenatorClassStarDestroyer_Top</defName>
    <label>venator-class star destroyer top</label>
    <graphicData>
      <texPath>ShipParts2/VenatorClassStarDestroyerTop</texPath>
      <drawSize>(45,7)</drawSize>
    </graphicData>
    <size>(3,5)</size>
    <costList>
      <O21_OR_Durasteel>150</O21_OR_Durasteel>
      <O21_OR_ComponentHypertech>1</O21_OR_ComponentHypertech>
    </costList>
    <statBases>
      <MaxHitPoints>3000</MaxHitPoints>
      <WorkToBuild>12000</WorkToBuild>
    </statBases>
    <altitudeLayer>WorldClipper</altitudeLayer>
  </ThingDef>

  <!--Engine-->
	<ThingDef ParentName="CEC_ShipEngineBase" Name="CEC_ShipPartVenator_Engine"   Abstract="True">
    <description>...</description>
		<designatorDropdown>CEC_VCSD_Dropdown</designatorDropdown>
    <researchPrerequisites>
      <li>CEC_KDY_CloneWars_Parts</li>
    </researchPrerequisites>
		<costList>
      <O21_OR_Durasteel>500</O21_OR_Durasteel>
      <O21_OR_ComponentHypertech>3</O21_OR_ComponentHypertech>
    </costList>
    <statBases>
      <MaxHitPoints>5000</MaxHitPoints>
      <WorkToBuild>22000</WorkToBuild>
    </statBases>
		<comps>
			<li Class="CompProperties_Refuelable">
				<fuelCapacity>2500.0</fuelCapacity>
				<targetFuelLevelConfigurable>true</targetFuelLevelConfigurable>
				<fuelFilter>
					<thingDefs>
						<li>Chemfuel</li>
					</thingDefs>
				</fuelFilter>
				<consumeFuelOnlyWhenUsed>true</consumeFuelOnlyWhenUsed>
				<autoRefuelPercent>1</autoRefuelPercent>
				<showFuelGizmo>false</showFuelGizmo>
				<drawOutOfFuelOverlay>false</drawOutOfFuelOverlay>
				<drawFuelGaugeInMap>false</drawFuelGaugeInMap>
				<showAllowAutoRefuelToggle>true</showAllowAutoRefuelToggle>
			</li>
			<li Class="CompProperties_EngineTrail">
				<thrust>5</thrust>
			</li>
		</comps>
	</ThingDef>

  <ThingDef ParentName="CEC_ShipPartVenator_Engine">
    <defName>Ship_VenatorClassStarDestroyer_EngineRA</defName>
    <label>venator-class star destroyer engine right 1</label>
    <graphicData>
      <texPath>ShipParts2/VenatorClassStarDestroyerEngineRight1</texPath>
      <drawSize>(7,3)</drawSize>
    </graphicData>
    <size>(7,3)</size>
  </ThingDef>

  <ThingDef ParentName="CEC_ShipPartVenator_Engine">
    <defName>Ship_VenatorClassStarDestroyer_EngineRB</defName>
    <label>venator-class star destroyer engine right 2</label>
    <graphicData>
      <texPath>ShipParts2/VenatorClassStarDestroyerEngineRight2</texPath>
      <drawSize>(7,3)</drawSize>
    </graphicData>
    <size>(7,3)</size>
  </ThingDef>

  <ThingDef ParentName="CEC_ShipPartVenator_Engine">
    <defName>Ship_VenatorClassStarDestroyer_EngineLA</defName>
    <label>venator-class star destroyer engine left 1</label>
    <graphicData>
      <texPath>ShipParts2/VenatorClassStarDestroyerEngineLeft1</texPath>
      <drawSize>(7,3)</drawSize>
    </graphicData>
    <size>(7,3)</size>
  </ThingDef>

  <ThingDef ParentName="CEC_ShipPartVenator_Engine">
    <defName>Ship_VenatorClassStarDestroyer_EngineLB</defName>
    <label>venator-class star destroyer engine left 2</label>
    <graphicData>
      <texPath>ShipParts2/VenatorClassStarDestroyerEngineLeft2</texPath>
      <drawSize>(7,3)</drawSize>
    </graphicData>
    <size>(7,3)</size>
  </ThingDef>
  
</Defs>