<?xml version="1.0" encoding="utf-8" ?>
<Defs>

  <ThingDef ParentName="CEC_ShipPartBase" Name="CEC_ShipPartOnager"  Abstract="True">
    <designatorDropdown>CEC_OCSD_Dropdown</designatorDropdown>
    <researchPrerequisites>
      <li>CEC_KDY_Onager_Parts</li>
    </researchPrerequisites>
  </ThingDef>

  <ThingDef ParentName="CEC_ShipPartOnager">
    <defName>Ship_OnagerClassStarDestroyer_WingRightA</defName>
    <label>onager-class star destroyer wing right 1</label>
    <graphicData>
      <texPath>ShipParts3/OnagerClassStarDestroyerWingRight1</texPath>
      <drawSize>(7,32)</drawSize>
    </graphicData>
    <size>(7,32)</size>
    <costList>
      <O21_OR_Durasteel>2240</O21_OR_Durasteel>
      <O21_OR_ComponentHypertech>1</O21_OR_ComponentHypertech>
    </costList>
    <statBases>
      <MaxHitPoints>44800</MaxHitPoints>
      <WorkToBuild>179200</WorkToBuild>
    </statBases>
  </ThingDef>

  <ThingDef ParentName="CEC_ShipPartOnager">
    <defName>Ship_OnagerClassStarDestroyer_WingRightB</defName>
    <label>onager-class star destroyer wing right 2</label>
    <graphicData>
      <texPath>ShipParts3/OnagerClassStarDestroyerWingRight2</texPath>
      <drawSize>(5,13)</drawSize>
    </graphicData>
    <size>(5,13)</size>
    <costList>
      <O21_OR_Durasteel>650</O21_OR_Durasteel>
      <O21_OR_ComponentHypertech>1</O21_OR_ComponentHypertech>
    </costList>
    <statBases>
      <MaxHitPoints>13000</MaxHitPoints>
      <WorkToBuild>52000</WorkToBuild>
    </statBases>
  </ThingDef>

  <ThingDef ParentName="CEC_ShipPartOnager">
    <defName>Ship_OnagerClassStarDestroyer_WingRightC</defName>
    <label>onager-class star destroyer wing right 3</label>
    <graphicData>
      <texPath>ShipParts3/OnagerClassStarDestroyerWingRight3</texPath>
      <drawSize>(11,5)</drawSize>
    </graphicData>
    <size>(11,5)</size>
    <costList>
      <O21_OR_Durasteel>550</O21_OR_Durasteel>
      <O21_OR_ComponentHypertech>1</O21_OR_ComponentHypertech>
    </costList>
    <statBases>
      <MaxHitPoints>11000</MaxHitPoints>
      <WorkToBuild>44000</WorkToBuild>
    </statBases>
  </ThingDef>

  <ThingDef ParentName="CEC_ShipPartOnager">
    <defName>Ship_OnagerClassStarDestroyer_WingRightD</defName>
    <label>onager-class star destroyer wing right 4</label>
    <graphicData>
      <texPath>ShipParts3/OnagerClassStarDestroyerWingRight4</texPath>
      <drawSize>(3,13)</drawSize>
    </graphicData>
    <size>(3,13)</size>
    <costList>
      <O21_OR_Durasteel>390</O21_OR_Durasteel>
      <O21_OR_ComponentHypertech>1</O21_OR_ComponentHypertech>
    </costList>
    <statBases>
      <MaxHitPoints>7800</MaxHitPoints>
      <WorkToBuild>31200</WorkToBuild>
    </statBases>
  </ThingDef>

  <ThingDef ParentName="CEC_ShipPartOnager">
    <defName>Ship_OnagerClassStarDestroyer_WingRightE</defName>
    <label>onager-class star destroyer wing right 5</label>
    <graphicData>
      <texPath>ShipParts3/OnagerClassStarDestroyerWingRight5</texPath>
      <drawSize>(4,20)</drawSize>
    </graphicData>
    <size>(4,20)</size>
    <costList>
      <O21_OR_Durasteel>800</O21_OR_Durasteel>
      <O21_OR_ComponentHypertech>1</O21_OR_ComponentHypertech>
    </costList>
    <statBases>
      <MaxHitPoints>16000</MaxHitPoints>
      <WorkToBuild>64000</WorkToBuild>
    </statBases>
  </ThingDef>

  <ThingDef ParentName="CEC_ShipPartOnager">
    <defName>Ship_OnagerClassStarDestroyer_WingLeftA</defName>
    <label>onager-class star destroyer wing left 1</label>
    <graphicData>
      <texPath>ShipParts3/OnagerClassStarDestroyerWingLeft1</texPath>
      <drawSize>(7,32)</drawSize>
    </graphicData>
    <size>(7,32)</size>
    <costList>
      <O21_OR_Durasteel>2240</O21_OR_Durasteel>
      <O21_OR_ComponentHypertech>1</O21_OR_ComponentHypertech>
    </costList>
    <statBases>
      <MaxHitPoints>44800</MaxHitPoints>
      <WorkToBuild>179200</WorkToBuild>
    </statBases>
  </ThingDef>

  <ThingDef ParentName="CEC_ShipPartOnager">
    <defName>Ship_OnagerClassStarDestroyer_WingLeftB</defName>
    <label>onager-class star destroyer wing left 2</label>
    <graphicData>
      <texPath>ShipParts3/OnagerClassStarDestroyerWingLeft2</texPath>
      <drawSize>(5,13)</drawSize>
    </graphicData>
    <size>(5,13)</size>
    <costList>
      <O21_OR_Durasteel>650</O21_OR_Durasteel>
      <O21_OR_ComponentHypertech>1</O21_OR_ComponentHypertech>
    </costList>
    <statBases>
      <MaxHitPoints>13000</MaxHitPoints>
      <WorkToBuild>52000</WorkToBuild>
    </statBases>
  </ThingDef>

  <ThingDef ParentName="CEC_ShipPartOnager">
    <defName>Ship_OnagerClassStarDestroyer_WingLeftC</defName>
    <label>onager-class star destroyer wing left 3</label>
    <graphicData>
      <texPath>ShipParts3/OnagerClassStarDestroyerWingLeft3</texPath>
      <drawSize>(11,5)</drawSize>
    </graphicData>
    <size>(11,5)</size>
    <costList>
      <O21_OR_Durasteel>550</O21_OR_Durasteel>
      <O21_OR_ComponentHypertech>1</O21_OR_ComponentHypertech>
    </costList>
    <statBases>
      <MaxHitPoints>11000</MaxHitPoints>
      <WorkToBuild>44000</WorkToBuild>
    </statBases>
  </ThingDef>

  <ThingDef ParentName="CEC_ShipPartOnager">
    <defName>Ship_OnagerClassStarDestroyer_WingLeftD</defName>
    <label>onager-class star destroyer wing left 4</label>
    <graphicData>
      <texPath>ShipParts3/OnagerClassStarDestroyerWingLeft4</texPath>
      <drawSize>(3,13)</drawSize>
    </graphicData>
    <size>(3,13)</size>
    <costList>
      <O21_OR_Durasteel>390</O21_OR_Durasteel>
      <O21_OR_ComponentHypertech>1</O21_OR_ComponentHypertech>
    </costList>
    <statBases>
      <MaxHitPoints>7800</MaxHitPoints>
      <WorkToBuild>31200</WorkToBuild>
    </statBases>
  </ThingDef>

  <ThingDef ParentName="CEC_ShipPartOnager">
    <defName>Ship_OnagerClassStarDestroyer_WingLeftE</defName>
    <label>onager-class star destroyer wing left 5</label>
    <graphicData>
      <texPath>ShipParts3/OnagerClassStarDestroyerWingLeft5</texPath>
      <drawSize>(4,20)</drawSize>
    </graphicData>
    <size>(4,20)</size>
    <costList>
      <O21_OR_Durasteel>800</O21_OR_Durasteel>
      <O21_OR_ComponentHypertech>1</O21_OR_ComponentHypertech>
    </costList>
    <statBases>
      <MaxHitPoints>16000</MaxHitPoints>
      <WorkToBuild>64000</WorkToBuild>
    </statBases>
  </ThingDef>

  <ThingDef ParentName="CEC_ShipPartOnager">
    <defName>Ship_OnagerClassStarDestroyer_SideRightA</defName>
    <label>onager-class star destroyer side right 1</label>
    <graphicData>
      <texPath>ShipParts3/OnagerClassStarDestroyerSideRight1</texPath>
      <drawSize>(26,8)</drawSize>
    </graphicData>
    <size>(26,8)</size>
    <costList>
      <O21_OR_Durasteel>2080</O21_OR_Durasteel>
      <O21_OR_ComponentHypertech>1</O21_OR_ComponentHypertech>
    </costList>
    <statBases>
      <MaxHitPoints>41600</MaxHitPoints>
      <WorkToBuild>166400</WorkToBuild>
    </statBases>
  </ThingDef>

  <ThingDef ParentName="CEC_ShipPartOnager">
    <defName>Ship_OnagerClassStarDestroyer_SideRightB</defName>
    <label>onager-class star destroyer side right 2</label>
    <graphicData>
      <texPath>ShipParts3/OnagerClassStarDestroyerSideRight2</texPath>
      <drawSize>(33,8)</drawSize>
    </graphicData>
    <size>(33,8)</size>
    <costList>
      <O21_OR_Durasteel>2640</O21_OR_Durasteel>
      <O21_OR_ComponentHypertech>1</O21_OR_ComponentHypertech>
    </costList>
    <statBases>
      <MaxHitPoints>52800</MaxHitPoints>
      <WorkToBuild>211200</WorkToBuild>
    </statBases>
  </ThingDef>

  <ThingDef ParentName="CEC_ShipPartOnager">
    <defName>Ship_OnagerClassStarDestroyer_SideRightC</defName>
    <label>onager-class star destroyer side right 3</label>
    <graphicData>
      <texPath>ShipParts3/OnagerClassStarDestroyerSideRight3</texPath>
      <drawSize>(27,7)</drawSize>
    </graphicData>
    <size>(27,7)</size>
    <costList>
      <O21_OR_Durasteel>1890</O21_OR_Durasteel>
      <O21_OR_ComponentHypertech>1</O21_OR_ComponentHypertech>
    </costList>
    <statBases>
      <MaxHitPoints>37800</MaxHitPoints>
      <WorkToBuild>151200</WorkToBuild>
    </statBases>
  </ThingDef>

  <ThingDef ParentName="CEC_ShipPartOnager">
    <defName>Ship_OnagerClassStarDestroyer_SideRightD</defName>
    <label>onager-class star destroyer side right 4</label>
    <graphicData>
      <texPath>ShipParts3/OnagerClassStarDestroyerSideRight4</texPath>
      <drawSize>(22,7)</drawSize>
    </graphicData>
    <size>(22,7)</size>
    <costList>
      <O21_OR_Durasteel>1540</O21_OR_Durasteel>
      <O21_OR_ComponentHypertech>1</O21_OR_ComponentHypertech>
    </costList>
    <statBases>
      <MaxHitPoints>30800</MaxHitPoints>
      <WorkToBuild>123200</WorkToBuild>
    </statBases>
  </ThingDef>

  <ThingDef ParentName="CEC_ShipPartOnager">
    <defName>Ship_OnagerClassStarDestroyer_SideLeftA</defName>
    <label>onager-class star destroyer side left 1</label>
    <graphicData>
      <texPath>ShipParts3/OnagerClassStarDestroyerSideLeft1</texPath>
      <drawSize>(26,8)</drawSize>
    </graphicData>
    <size>(26,8)</size>
    <costList>
      <O21_OR_Durasteel>2080</O21_OR_Durasteel>
      <O21_OR_ComponentHypertech>1</O21_OR_ComponentHypertech>
    </costList>
    <statBases>
      <MaxHitPoints>41600</MaxHitPoints>
      <WorkToBuild>166400</WorkToBuild>
    </statBases>
  </ThingDef>

  <ThingDef ParentName="CEC_ShipPartOnager">
    <defName>Ship_OnagerClassStarDestroyer_SideLeftB</defName>
    <label>onager-class star destroyer side left 2</label>
    <graphicData>
      <texPath>ShipParts3/OnagerClassStarDestroyerSideLeft2</texPath>
      <drawSize>(33,8)</drawSize>
    </graphicData>
    <size>(33,8)</size>
    <costList>
      <O21_OR_Durasteel>2640</O21_OR_Durasteel>
      <O21_OR_ComponentHypertech>1</O21_OR_ComponentHypertech>
    </costList>
    <statBases>
      <MaxHitPoints>52800</MaxHitPoints>
      <WorkToBuild>211200</WorkToBuild>
    </statBases>
  </ThingDef>

  <ThingDef ParentName="CEC_ShipPartOnager">
    <defName>Ship_OnagerClassStarDestroyer_SideLeftC</defName>
    <label>onager-class star destroyer side left 3</label>
    <graphicData>
      <texPath>ShipParts3/OnagerClassStarDestroyerSideLeft3</texPath>
      <drawSize>(27,7)</drawSize>
    </graphicData>
    <size>(27,7)</size>
    <costList>
      <O21_OR_Durasteel>1890</O21_OR_Durasteel>
      <O21_OR_ComponentHypertech>1</O21_OR_ComponentHypertech>
    </costList>
    <statBases>
      <MaxHitPoints>37800</MaxHitPoints>
      <WorkToBuild>151200</WorkToBuild>
    </statBases>
  </ThingDef>

  <ThingDef ParentName="CEC_ShipPartOnager">
    <defName>Ship_OnagerClassStarDestroyer_SideLeftD</defName>
    <label>onager-class star destroyer side left 4</label>
    <graphicData>
      <texPath>ShipParts3/OnagerClassStarDestroyerSideLeft4</texPath>
      <drawSize>(22,7)</drawSize>
    </graphicData>
    <size>(22,7)</size>
    <costList>
      <O21_OR_Durasteel>1540</O21_OR_Durasteel>
      <O21_OR_ComponentHypertech>1</O21_OR_ComponentHypertech>
    </costList>
    <statBases>
      <MaxHitPoints>30800</MaxHitPoints>
      <WorkToBuild>123200</WorkToBuild>
    </statBases>
  </ThingDef>

  <ThingDef ParentName="CEC_ShipPartOnager">
    <defName>Ship_OnagerClassStarDestroyer_BackRightA</defName>
    <label>onager-class star destroyer back right 1</label>
    <graphicData>
      <texPath>ShipParts3/OnagerClassStarDestroyerBackRight1</texPath>
      <drawSize>(10,12)</drawSize>
    </graphicData>
    <size>(10,10)</size>
    <costList>
      <O21_OR_Durasteel>1000</O21_OR_Durasteel>
      <O21_OR_ComponentHypertech>1</O21_OR_ComponentHypertech>
    </costList>
    <statBases>
      <MaxHitPoints>20000</MaxHitPoints>
      <WorkToBuild>80000</WorkToBuild>
    </statBases>
  </ThingDef>

  <ThingDef ParentName="CEC_ShipPartOnager">
    <defName>Ship_OnagerClassStarDestroyer_BackRightB</defName>
    <label>onager-class star destroyer back right 2</label>
    <graphicData>
      <texPath>ShipParts3/OnagerClassStarDestroyerBackRight2</texPath>
      <drawSize>(12,10)</drawSize>
    </graphicData>
    <size>(12,10)</size>
    <costList>
      <O21_OR_Durasteel>1200</O21_OR_Durasteel>
      <O21_OR_ComponentHypertech>1</O21_OR_ComponentHypertech>
    </costList>
    <statBases>
      <MaxHitPoints>24000</MaxHitPoints>
      <WorkToBuild>96000</WorkToBuild>
    </statBases>
  </ThingDef>

  <ThingDef ParentName="CEC_ShipPartOnager">
    <defName>Ship_OnagerClassStarDestroyer_BackRightC</defName>
    <label>onager-class star destroyer back right 3</label>
    <graphicData>
      <texPath>ShipParts3/OnagerClassStarDestroyerBackRight3</texPath>
      <drawSize>(8,7)</drawSize>
    </graphicData>
    <size>(6,7)</size>
    <costList>
      <O21_OR_Durasteel>4200</O21_OR_Durasteel>
      <O21_OR_ComponentHypertech>1</O21_OR_ComponentHypertech>
    </costList>
    <statBases>
      <MaxHitPoints>8400</MaxHitPoints>
      <WorkToBuild>33600</WorkToBuild>
    </statBases>
  </ThingDef>

  <ThingDef ParentName="CEC_ShipPartOnager">
    <defName>Ship_OnagerClassStarDestroyer_BackLeftA</defName>
    <label>onager-class star destroyer back left 1</label>
    <graphicData>
      <texPath>ShipParts3/OnagerClassStarDestroyerBackLeft1</texPath>
      <drawSize>(10,12)</drawSize>
    </graphicData>
    <size>(10,10)</size>
    <costList>
      <O21_OR_Durasteel>1000</O21_OR_Durasteel>
      <O21_OR_ComponentHypertech>1</O21_OR_ComponentHypertech>
    </costList>
    <statBases>
      <MaxHitPoints>20000</MaxHitPoints>
      <WorkToBuild>80000</WorkToBuild>
    </statBases>
  </ThingDef>

  <ThingDef ParentName="CEC_ShipPartOnager">
    <defName>Ship_OnagerClassStarDestroyer_BackLeftB</defName>
    <label>onager-class star destroyer back left 2</label>
    <graphicData>
      <texPath>ShipParts3/OnagerClassStarDestroyerBackLeft2</texPath>
      <drawSize>(12,10)</drawSize>
    </graphicData>
    <size>(12,10)</size>
    <costList>
      <O21_OR_Durasteel>1200</O21_OR_Durasteel>
      <O21_OR_ComponentHypertech>1</O21_OR_ComponentHypertech>
    </costList>
    <statBases>
      <MaxHitPoints>24000</MaxHitPoints>
      <WorkToBuild>96000</WorkToBuild>
    </statBases>
  </ThingDef>

  <ThingDef ParentName="CEC_ShipPartOnager">
    <defName>Ship_OnagerClassStarDestroyer_BackLeftC</defName>
    <label>onager-class star destroyer back left 3</label>
    <graphicData>
      <texPath>ShipParts3/OnagerClassStarDestroyerBackLeft3</texPath>
      <drawSize>(8,7)</drawSize>
    </graphicData>
    <size>(6,7)</size>
    <costList>
      <O21_OR_Durasteel>4200</O21_OR_Durasteel>
      <O21_OR_ComponentHypertech>1</O21_OR_ComponentHypertech>
    </costList>
    <statBases>
      <MaxHitPoints>8400</MaxHitPoints>
      <WorkToBuild>33600</WorkToBuild>
    </statBases>
  </ThingDef>

  <ThingDef ParentName="CEC_ShipPartOnager">
    <defName>Ship_OnagerClassStarDestroyer_Back</defName>
    <label>onager-class star destroyer back</label>
    <graphicData>
      <texPath>ShipParts3/OnagerClassStarDestroyerBack</texPath>
      <drawSize>(8,13)</drawSize>
    </graphicData>
    <size>(8,13)</size>
    <costList>
      <O21_OR_Durasteel>800</O21_OR_Durasteel>
      <O21_OR_ComponentHypertech>1</O21_OR_ComponentHypertech>
    </costList>
    <statBases>
      <MaxHitPoints>16000</MaxHitPoints>
      <WorkToBuild>64000</WorkToBuild>
    </statBases>
  </ThingDef>

  <ThingDef ParentName="CEC_ShipPartOnager">
    <defName>Ship_OnagerClassStarDestroyer_SpinalHead</defName>
    <label>onager-class star destroyer spinal head</label>
    <designatorDropdown>CEC_SpinalSuperweapon_Dropdown</designatorDropdown>
    <graphicData>
      <texPath>ShipParts3/OnagerClassStarDestroyerSpinalHead</texPath>
      <drawSize>(7,5)</drawSize>
    </graphicData>
    <size>(7,5)</size>
    <costList>
      <O21_OR_Durasteel>350</O21_OR_Durasteel>
      <O21_OR_ComponentHypertech>1</O21_OR_ComponentHypertech>
    </costList>
    <statBases>
      <MaxHitPoints>7000</MaxHitPoints>
      <WorkToBuild>28000</WorkToBuild>
    </statBases>
  </ThingDef>

  <ThingDef ParentName="CEC_ShipPartOnager">
    <defName>Ship_OnagerClassStarDestroyer_SpinalConnection</defName>
    <label>onager-class star destroyer spinal connector</label>
    <designatorDropdown>CEC_SpinalSuperweapon_Dropdown</designatorDropdown>
    <graphicData>
      <texPath>ShipParts3/OnagerClassStarDestroyerSpinalConnection</texPath>
      <drawSize>(7,22)</drawSize>
    </graphicData>
    <size>(7,22)</size>
    <costList>
      <O21_OR_Durasteel>1540</O21_OR_Durasteel>
      <O21_OR_ComponentHypertech>1</O21_OR_ComponentHypertech>
    </costList>
    <statBases>
      <MaxHitPoints>30800</MaxHitPoints>
      <WorkToBuild>123200</WorkToBuild>
    </statBases>
  </ThingDef>

  <ThingDef ParentName="CEC_ShipPartOnager">
    <defName>Ship_OnagerClassStarDestroyer_SpinalTail</defName>
    <label>onager-class star destroyer spinal tail</label>
    <designatorDropdown>CEC_SpinalSuperweapon_Dropdown</designatorDropdown>
    <graphicData>
      <texPath>ShipParts3/OnagerClassStarDestroyerSpinalTail</texPath>
      <drawSize>(7,5)</drawSize>
    </graphicData>
    <size>(7,5)</size>
    <costList>
      <O21_OR_Durasteel>350</O21_OR_Durasteel>
      <O21_OR_ComponentHypertech>1</O21_OR_ComponentHypertech>
    </costList>
    <statBases>
      <MaxHitPoints>7000</MaxHitPoints>
      <WorkToBuild>28000</WorkToBuild>
    </statBases>
  </ThingDef>

  <ThingDef ParentName="CEC_ShipPartOnager">
    <defName>Ship_OnagerClassStarDestroyer_Top</defName>
    <label>onager-class star destroyer top</label>
    <graphicData>
      <texPath>ShipParts3/OnagerClassStarDestroyerTop</texPath>
      <drawSize>(39,15)</drawSize>
    </graphicData>
    <size>(3,7)</size>
    <costList>
      <O21_OR_Durasteel>210</O21_OR_Durasteel>
      <O21_OR_ComponentHypertech>1</O21_OR_ComponentHypertech>
    </costList>
    <statBases>
      <MaxHitPoints>4200</MaxHitPoints>
      <WorkToBuild>16800</WorkToBuild>
    </statBases>
    <altitudeLayer>WorldClipper</altitudeLayer>
  </ThingDef>

  <!--Engine-->
  <ThingDef ParentName="CEC_ShipEngineBase" Name="CEC_ShipPartOnager_Engine"   Abstract="True">
    <description>...</description>
    <designatorDropdown>CEC_OCSD_Dropdown</designatorDropdown>
    <researchPrerequisites>
      <li>CEC_KDY_Onager_Parts</li>
    </researchPrerequisites>
    <costList>
      <O21_OR_Durasteel>500</O21_OR_Durasteel>
      <O21_OR_ComponentHypertech>3</O21_OR_ComponentHypertech>
    </costList>
    <statBases>
      <MaxHitPoints>5000</MaxHitPoints>
      <WorkToBuild>22000</WorkToBuild>
    </statBases>
    <comps>
      <li Class="CompProperties_Refuelable">
        <fuelCapacity>2500.0</fuelCapacity>
        <targetFuelLevelConfigurable>true</targetFuelLevelConfigurable>
        <fuelFilter>
          <thingDefs>
            <li>Chemfuel</li>
          </thingDefs>
        </fuelFilter>
        <consumeFuelOnlyWhenUsed>true</consumeFuelOnlyWhenUsed>
        <autoRefuelPercent>1</autoRefuelPercent>
        <showFuelGizmo>false</showFuelGizmo>
        <drawOutOfFuelOverlay>false</drawOutOfFuelOverlay>
        <drawFuelGaugeInMap>false</drawFuelGaugeInMap>
        <showAllowAutoRefuelToggle>true</showAllowAutoRefuelToggle>
      </li>
      <li Class="CompProperties_EngineTrail">
        <thrust>5</thrust>
      </li>
    </comps>
  </ThingDef>

  <ThingDef ParentName="CEC_ShipPartOnager_Engine">
    <defName>Ship_OnagerClassStarDestroyer_EngineR</defName>
    <label>onager-class star destroyer engine right</label>
    <graphicData>
      <texPath>ShipParts3/OnagerClassStarDestroyerEngineRight</texPath>
      <drawSize>(7,3)</drawSize>
    </graphicData>
    <size>(7,3)</size>
  </ThingDef>

  <ThingDef ParentName="CEC_ShipPartOnager_Engine">
    <defName>Ship_OnagerClassStarDestroyer_EngineL</defName>
    <label>onager-class star destroyer engine left</label>
    <graphicData>
      <texPath>ShipParts3/OnagerClassStarDestroyerEngineLeft</texPath>
      <drawSize>(7,3)</drawSize>
    </graphicData>
    <size>(7,3)</size>
  </ThingDef>
  
</Defs>