<?xml version="1.0" encoding="utf-8" ?>
<Defs>

  <ThingDef ParentName="CEC_ShipPartBase" Name="CEC_ShipPartRebTransport"  Abstract="True">
    <designatorDropdown>CEC_GR75_Dropdown</designatorDropdown>
    <researchPrerequisites>
      <li>CEC_KDY_Freighters_Parts</li>
    </researchPrerequisites>
  </ThingDef>

  <ThingDef ParentName="CEC_ShipPartRebTransport">
    <defName>Ship_GR75MediumTransport_Front</defName>
    <label>GR-75 medium transport front</label>
    <graphicData>
      <texPath>ShipParts6/GR75TransportFront</texPath>
      <drawSize>(3,9)</drawSize>
    </graphicData>
    <size>(3,7)</size>
    <costList>
      <O21_OR_Durasteel>210</O21_OR_Durasteel>
      <O21_OR_ComponentHypertech>1</O21_OR_ComponentHypertech>
    </costList>
    <statBases>
      <MaxHitPoints>4200</MaxHitPoints>
      <WorkToBuild>16800</WorkToBuild>
    </statBases>
  </ThingDef>

  <ThingDef ParentName="CEC_ShipPartRebTransport">
    <defName>Ship_GR75MediumTransport_FrontRight</defName>
    <label>GR-75 medium transport front right</label>
    <graphicData>
      <texPath>ShipParts6/GR75TransportFrontRight</texPath>
      <drawSize>(4,4)</drawSize>
    </graphicData>
    <size>(4,2)</size>
    <costList>
      <O21_OR_Durasteel>80</O21_OR_Durasteel>
      <O21_OR_ComponentHypertech>1</O21_OR_ComponentHypertech>
    </costList>
    <statBases>
      <MaxHitPoints>1600</MaxHitPoints>
      <WorkToBuild>6400</WorkToBuild>
    </statBases>
  </ThingDef>

  <ThingDef ParentName="CEC_ShipPartRebTransport">
    <defName>Ship_GR75MediumTransport_FrontLeft</defName>
    <label>GR-75 medium transport front left</label>
    <graphicData>
      <texPath>ShipParts6/GR75TransportFrontLeft</texPath>
      <drawSize>(4,4)</drawSize>
    </graphicData>
    <size>(4,2)</size>
    <costList>
      <O21_OR_Durasteel>80</O21_OR_Durasteel>
      <O21_OR_ComponentHypertech>1</O21_OR_ComponentHypertech>
    </costList>
    <statBases>
      <MaxHitPoints>1600</MaxHitPoints>
      <WorkToBuild>6400</WorkToBuild>
    </statBases>
  </ThingDef>

  <ThingDef ParentName="CEC_ShipPartRebTransport">
    <defName>Ship_GR75MediumTransport_SideRightA</defName>
    <label>GR-75 medium transport side right 1</label>
    <graphicData>
      <texPath>ShipParts6/GR75TransportSideRight1</texPath>
      <drawSize>(16,1)</drawSize>
    </graphicData>
    <size>(16,1)</size>
    <costList>
      <O21_OR_Durasteel>160</O21_OR_Durasteel>
      <O21_OR_ComponentHypertech>1</O21_OR_ComponentHypertech>
    </costList>
    <statBases>
      <MaxHitPoints>3200</MaxHitPoints>
      <WorkToBuild>12800</WorkToBuild>
    </statBases>
  </ThingDef>

  <ThingDef ParentName="CEC_ShipPartRebTransport">
    <defName>Ship_GR75MediumTransport_SideRightB</defName>
    <label>GR-75 medium transport side right 2</label>
    <graphicData>
      <texPath>ShipParts6/GR75TransportSideRight2</texPath>
      <drawSize>(16,3)</drawSize>
    </graphicData>
    <size>(12,3)</size>
    <costList>
      <O21_OR_Durasteel>360</O21_OR_Durasteel>
      <O21_OR_ComponentHypertech>1</O21_OR_ComponentHypertech>
    </costList>
    <statBases>
      <MaxHitPoints>7200</MaxHitPoints>
      <WorkToBuild>28800</WorkToBuild>
    </statBases>
  </ThingDef>

  <ThingDef ParentName="CEC_ShipPartRebTransport">
    <defName>Ship_GR75MediumTransport_SideLeftA</defName>
    <label>GR-75 medium transport side left 1</label>
    <graphicData>
      <texPath>ShipParts6/GR75TransportSideLeft1</texPath>
      <drawSize>(16,1)</drawSize>
    </graphicData>
    <size>(16,1)</size>
    <costList>
      <O21_OR_Durasteel>160</O21_OR_Durasteel>
      <O21_OR_ComponentHypertech>1</O21_OR_ComponentHypertech>
    </costList>
    <statBases>
      <MaxHitPoints>3200</MaxHitPoints>
      <WorkToBuild>12800</WorkToBuild>
    </statBases>
  </ThingDef>

  <ThingDef ParentName="CEC_ShipPartRebTransport">
    <defName>Ship_GR75MediumTransport_SideLeftB</defName>
    <label>GR-75 medium transport side left 2</label>
    <graphicData>
      <texPath>ShipParts6/GR75TransportSideLeft2</texPath>
      <drawSize>(16,3)</drawSize>
    </graphicData>
    <size>(12,3)</size>
    <costList>
      <O21_OR_Durasteel>360</O21_OR_Durasteel>
      <O21_OR_ComponentHypertech>1</O21_OR_ComponentHypertech>
    </costList>
    <statBases>
      <MaxHitPoints>7200</MaxHitPoints>
      <WorkToBuild>28800</WorkToBuild>
    </statBases>
  </ThingDef>

  <ThingDef ParentName="CEC_ShipPartRebTransport">
    <defName>Ship_GR75MediumTransport_EngineBlock</defName>
    <label>GR-75 medium transport engine block</label>
    <graphicData>
      <texPath>ShipParts6/GR75TransportEngineBlock</texPath>
      <drawSize>(15,9)</drawSize>
    </graphicData>
    <size>(5,3)</size>
    <costList>
      <O21_OR_Durasteel>150</O21_OR_Durasteel>
      <O21_OR_ComponentHypertech>1</O21_OR_ComponentHypertech>
    </costList>
    <statBases>
      <MaxHitPoints>3000</MaxHitPoints>
      <WorkToBuild>12000</WorkToBuild>
    </statBases>
  </ThingDef>

  <!--Engine-->
	<ThingDef ParentName="CEC_ShipEngineBase" Name="CEC_ShipPartRebTransport_Engine"   Abstract="True">
    <description>...</description>
		<graphicData>
			<drawSize>(3,3)</drawSize>
		</graphicData>
    <size>(3,3)</size>
		<designatorDropdown>CEC_GR75_Dropdown</designatorDropdown>
    <researchPrerequisites>
      <li>CEC_KDY_Freighters_Parts</li>
    </researchPrerequisites>
		<costList>
      <O21_OR_Durasteel>300</O21_OR_Durasteel>
      <O21_OR_ComponentHypertech>3</O21_OR_ComponentHypertech>
    </costList>
    <statBases>
      <MaxHitPoints>3000</MaxHitPoints>
      <WorkToBuild>22000</WorkToBuild>
    </statBases>
		<comps>
			<li Class="CompProperties_Refuelable">
				<fuelCapacity>1500.0</fuelCapacity>
				<targetFuelLevelConfigurable>true</targetFuelLevelConfigurable>
				<fuelFilter>
					<thingDefs>
						<li>Chemfuel</li>
					</thingDefs>
				</fuelFilter>
				<consumeFuelOnlyWhenUsed>true</consumeFuelOnlyWhenUsed>
				<autoRefuelPercent>1</autoRefuelPercent>
				<showFuelGizmo>false</showFuelGizmo>
				<drawOutOfFuelOverlay>false</drawOutOfFuelOverlay>
				<drawFuelGaugeInMap>false</drawFuelGaugeInMap>
				<showAllowAutoRefuelToggle>true</showAllowAutoRefuelToggle>
			</li>
			<li Class="CompProperties_EngineTrail">
				<thrust>3</thrust>
			</li>
		</comps>
	</ThingDef>

  <ThingDef ParentName="CEC_ShipPartRebTransport_Engine">
    <defName>Ship_GR75MediumTransport_EngineRight</defName>
    <label>GR-75 medium transport engine right</label>
    <graphicData>
      <texPath>ShipParts6/GR75TransportEngineRight</texPath>
    </graphicData>
  </ThingDef>

  <ThingDef ParentName="CEC_ShipPartRebTransport_Engine">
    <defName>Ship_GR75MediumTransport_EngineLeft</defName>
    <label>GR-75 medium transport engine left</label>
    <graphicData>
      <texPath>ShipParts6/GR75TransportEngineLeft</texPath>
    </graphicData>
  </ThingDef>
  
</Defs>