<?xml version="1.0" encoding="utf-8" ?>
<Defs>

  <ThingDef ParentName="CEC_ShipPartBase" Name="CEC_ShipPartCharger"  Abstract="True">
    <designatorDropdown>CEC_CC70R_Dropdown</designatorDropdown>
    <researchPrerequisites>
      <li>CEC_CEC_CloneWars_Parts</li>
    </researchPrerequisites>
  </ThingDef>

  <ThingDef ParentName="CEC_ShipPartCharger">
    <defName>Ship_ChargerC70Retrofit_Front</defName>
    <label>charger c70 retrofit front</label>
    <graphicData>
      <texPath>ShipParts/ChargerC70RetrofitFront</texPath>
      <drawSize>(6,5)</drawSize>
    </graphicData>
    <size>(6,5)</size>
    <costList>
      <O21_OR_Durasteel>300</O21_OR_Durasteel>
      <O21_OR_ComponentHypertech>1</O21_OR_ComponentHypertech>
    </costList>
    <statBases>
      <MaxHitPoints>6000</MaxHitPoints>
      <WorkToBuild>24000</WorkToBuild>
    </statBases>
  </ThingDef>

  <ThingDef ParentName="CEC_ShipPartCharger">
    <defName>Ship_ChargerC70Retrofit_Right</defName>
    <label>charger c70 retrofit right</label>
    <graphicData>
      <texPath>ShipParts/ChargerC70RetrofitFrontRight</texPath>
      <drawSize>(39,6)</drawSize>
    </graphicData>
    <size>(39,6)</size>
    <costList>
      <O21_OR_Durasteel>2340</O21_OR_Durasteel>
      <O21_OR_ComponentHypertech>1</O21_OR_ComponentHypertech>
    </costList>
    <statBases>
      <MaxHitPoints>46800</MaxHitPoints>
      <WorkToBuild>187200</WorkToBuild>
    </statBases>
  </ThingDef>

  <ThingDef ParentName="CEC_ShipPartCharger">
    <defName>Ship_ChargerC70Retrofit_Left</defName>
    <label>charger c70 retrofit left</label> 
    <graphicData>
      <texPath>ShipParts/ChargerC70RetrofitFrontLeft</texPath>
      <drawSize>(39,6)</drawSize>
    </graphicData>
    <size>(39,6)</size>
    <costList>
      <O21_OR_Durasteel>2340</O21_OR_Durasteel>
      <O21_OR_ComponentHypertech>1</O21_OR_ComponentHypertech>
    </costList>
    <statBases>
      <MaxHitPoints>46800</MaxHitPoints>
      <WorkToBuild>187200</WorkToBuild>
    </statBases>
  </ThingDef>

  <ThingDef ParentName="CEC_ShipPartCharger">
    <defName>Ship_ChargerC70Retrofit_BackEndLeft</defName>
    <label>charger c70 retrofit back end left</label>
    <graphicData>
      <texPath>ShipParts/ChargerC70RetrofitBackLeft2</texPath>
      <drawSize>(4,5)</drawSize>
    </graphicData>
    <size>(4,5)</size>
    <costList>
      <O21_OR_Durasteel>200</O21_OR_Durasteel>
      <O21_OR_ComponentHypertech>1</O21_OR_ComponentHypertech>
    </costList>
    <statBases>
      <MaxHitPoints>4000</MaxHitPoints>
      <WorkToBuild>16000</WorkToBuild>
    </statBases>
  </ThingDef>

  <ThingDef ParentName="CEC_ShipPartCharger">
    <defName>Ship_ChargerC70Retrofit_BackEndRight</defName>
    <label>charger c70 retrofit back end right</label>
    <graphicData>
      <texPath>ShipParts/ChargerC70RetrofitBackRight2</texPath>
      <drawSize>(4,5)</drawSize>
    </graphicData>
    <size>(4,5)</size>
    <costList>
      <O21_OR_Durasteel>200</O21_OR_Durasteel>
      <O21_OR_ComponentHypertech>1</O21_OR_ComponentHypertech>
    </costList>
    <statBases>
      <MaxHitPoints>4000</MaxHitPoints>
      <WorkToBuild>16000</WorkToBuild>
    </statBases>
  </ThingDef>

  <ThingDef ParentName="CEC_ShipPartCharger">
    <defName>Ship_ChargerC70Retrofit_BackLeft</defName>
    <label>charger c70 retrofit back left</label>
    <graphicData>
      <texPath>ShipParts/ChargerC70RetrofitBackLeft1</texPath>
      <drawSize>(6,4)</drawSize>
    </graphicData>
    <size>(4,4)</size>
    <costList>
      <O21_OR_Durasteel>160</O21_OR_Durasteel>
      <O21_OR_ComponentHypertech>1</O21_OR_ComponentHypertech>
    </costList>
    <statBases>
      <MaxHitPoints>3200</MaxHitPoints>
      <WorkToBuild>12800</WorkToBuild>
    </statBases>
  </ThingDef>

  <ThingDef ParentName="CEC_ShipPartCharger">
    <defName>Ship_ChargerC70Retrofit_BackRight</defName>
    <label>charger c70 retrofit back right</label>
    <graphicData>
      <texPath>ShipParts/ChargerC70RetrofitBackRight1</texPath>
      <drawSize>(6,4)</drawSize>
    </graphicData>
    <size>(4,4)</size>
    <costList>
      <O21_OR_Durasteel>160</O21_OR_Durasteel>
      <O21_OR_ComponentHypertech>1</O21_OR_ComponentHypertech>
    </costList>
    <statBases>
      <MaxHitPoints>3200</MaxHitPoints>
      <WorkToBuild>12800</WorkToBuild>
    </statBases>
  </ThingDef>

  <ThingDef ParentName="CEC_ShipPartCharger">
    <defName>Ship_ChargerC70Retrofit_EngineBlock</defName>
    <label>charger c70 retrofit engine block</label>
    <graphicData>
      <texPath>ShipParts/ChargerC70RetrofitEngineBlock</texPath>
      <drawSize>(8,9)</drawSize>
    </graphicData>
    <size>(8,9)</size>
    <costList>
      <O21_OR_Durasteel>720</O21_OR_Durasteel>
      <O21_OR_ComponentHypertech>1</O21_OR_ComponentHypertech>
    </costList>
    <statBases>
      <MaxHitPoints>14400</MaxHitPoints>
      <WorkToBuild>57600</WorkToBuild>
    </statBases>
    <altitudeLayer>Zone</altitudeLayer>
  </ThingDef>

  <ThingDef ParentName="CEC_ShipPartCharger">
    <defName>Ship_ChargerC70Retrofit_EngineConnector</defName>
    <label>charger c70 retrofit engine connector</label>
    <graphicData>
      <texPath>ShipParts/ChargerC70RetrofitConnection</texPath>
      <drawSize>(7,5.3)</drawSize>
    </graphicData>
    <size>(7,5)</size>
    <costList>
      <O21_OR_Durasteel>720</O21_OR_Durasteel>
      <O21_OR_ComponentHypertech>1</O21_OR_ComponentHypertech>
    </costList>
    <statBases>
      <MaxHitPoints>7000</MaxHitPoints>
      <WorkToBuild>28000</WorkToBuild>
    </statBases>
  </ThingDef>

  <ThingDef ParentName="CEC_ShipPartCharger">
    <defName>Ship_ChargerC70Retrofit_Back</defName>
    <label>charger c70 retrofit back</label>
    <graphicData>
      <texPath>ShipParts/ChargerC70RetrofitBack</texPath>
      <drawSize>(1,9)</drawSize>
    </graphicData>
    <size>(1,5)</size>
    <costList>
      <O21_OR_Durasteel>50</O21_OR_Durasteel>
      <O21_OR_ComponentHypertech>1</O21_OR_ComponentHypertech>
    </costList>
    <statBases>
      <MaxHitPoints>1000</MaxHitPoints>
      <WorkToBuild>4000</WorkToBuild>
    </statBases>
  </ThingDef>

  <!--Engine-->
	<ThingDef ParentName="CEC_ShipEngineBase">
		<defName>Ship_ChargerC70Retrofit_Engine</defName>
		<label>charger c70 retrofit engine</label>
    <description>...</description>
		<graphicData>
			<texPath>ShipParts/ChargerC70RetrofitEngine</texPath>
			<drawSize>(9,3)</drawSize>
		</graphicData>
    <size>(9,3)</size>
		<designatorDropdown>CEC_CC70R_Dropdown</designatorDropdown>
    <researchPrerequisites>
      <li>CEC_CEC_CloneWars_Parts</li>
    </researchPrerequisites>
		<costList>
      <O21_OR_Durasteel>300</O21_OR_Durasteel>
      <O21_OR_ComponentHypertech>3</O21_OR_ComponentHypertech>
    </costList>
    <statBases>
      <MaxHitPoints>3000</MaxHitPoints>
      <WorkToBuild>22000</WorkToBuild>
    </statBases>
		<comps>
			<li Class="CompProperties_Refuelable">
				<fuelCapacity>1500.0</fuelCapacity>
				<targetFuelLevelConfigurable>true</targetFuelLevelConfigurable>
				<fuelFilter>
					<thingDefs>
						<li>Chemfuel</li>
					</thingDefs>
				</fuelFilter>
				<consumeFuelOnlyWhenUsed>true</consumeFuelOnlyWhenUsed>
				<autoRefuelPercent>1</autoRefuelPercent>
				<showFuelGizmo>false</showFuelGizmo>
				<drawOutOfFuelOverlay>false</drawOutOfFuelOverlay>
				<drawFuelGaugeInMap>false</drawFuelGaugeInMap>
				<showAllowAutoRefuelToggle>true</showAllowAutoRefuelToggle>
			</li>
			<li Class="CompProperties_EngineTrail">
				<thrust>3</thrust>
			</li>
		</comps>
	</ThingDef>
  
</Defs>