<?xml version="1.0" encoding="utf-8" ?>
<Defs>

  <ThingDef ParentName="CEC_ShipPartBase" Name="CEC_ShipPartCR90"  Abstract="True">
    <designatorDropdown>CEC_CR90_Dropdown</designatorDropdown>
    <researchPrerequisites>
      <li>CEC_CEC_Armed_Parts</li>
    </researchPrerequisites>
  </ThingDef>

  <ThingDef ParentName="CEC_ShipPartCR90">
    <defName>Ship_CR90Corvette_Front</defName>
    <label>CR-90 corvette front</label>
    <graphicData>
      <texPath>ShipParts/CR90CorvetteFront</texPath>
      <drawSize>(2,7)</drawSize>
    </graphicData>
    <size>(2,7)</size>
    <costList>
      <O21_OR_Durasteel>140</O21_OR_Durasteel>
      <O21_OR_ComponentHypertech>1</O21_OR_ComponentHypertech>
    </costList>
    <statBases>
      <MaxHitPoints>2800</MaxHitPoints>
      <WorkToBuild>11200</WorkToBuild>
    </statBases>
  </ThingDef>

  <ThingDef ParentName="CEC_ShipPartCR90">
    <defName>Ship_CR90Corvette_FrontRight</defName>
    <label>CR-90 corvette front right</label>
    <graphicData>
      <texPath>ShipParts/CR90CorvetteFrontRight</texPath>
      <drawSize>(7,4)</drawSize>
    </graphicData>
    <size>(7,4)</size>
    <costList>
      <O21_OR_Durasteel>280</O21_OR_Durasteel>
      <O21_OR_ComponentHypertech>1</O21_OR_ComponentHypertech>
    </costList>
    <statBases>
      <MaxHitPoints>5600</MaxHitPoints>
      <WorkToBuild>22400</WorkToBuild>
    </statBases>
    <altitudeLayer>Zone</altitudeLayer>
  </ThingDef>

  <ThingDef ParentName="CEC_ShipPartCR90">
    <defName>Ship_CR90Corvette_FrontLeft</defName>
    <label>CR-90 corvette front left</label>
    <graphicData>
      <texPath>ShipParts/CR90CorvetteFrontLeft</texPath>
      <drawSize>(7,4)</drawSize>
    </graphicData>
    <size>(7,4)</size>
    <costList>
      <O21_OR_Durasteel>280</O21_OR_Durasteel>
      <O21_OR_ComponentHypertech>1</O21_OR_ComponentHypertech>
    </costList>
    <statBases>
      <MaxHitPoints>5600</MaxHitPoints>
      <WorkToBuild>22400</WorkToBuild>
    </statBases>
    <altitudeLayer>Zone</altitudeLayer>
  </ThingDef>

  <ThingDef ParentName="CEC_ShipPartCR90">
    <defName>Ship_CR90Corvette_Right</defName>
    <label>CR-90 corvette right</label>
    <graphicData>
      <texPath>ShipParts/CR90CorvetteNeckRight</texPath>
      <drawSize>(13,2)</drawSize>
    </graphicData>
    <size>(11,2)</size>
    <costList>
      <O21_OR_Durasteel>260</O21_OR_Durasteel>
      <O21_OR_ComponentHypertech>1</O21_OR_ComponentHypertech>
    </costList>
    <statBases>
      <MaxHitPoints>4400</MaxHitPoints>
      <WorkToBuild>17600</WorkToBuild>
    </statBases>
  </ThingDef>

  <ThingDef ParentName="CEC_ShipPartCR90">
    <defName>Ship_CR90Corvette_Left</defName>
    <label>CR-90 corvette left</label>
    <graphicData>
      <texPath>ShipParts/CR90CorvetteNeckLeft</texPath>
      <drawSize>(13,2)</drawSize>
    </graphicData>
    <size>(11,2)</size>
    <costList>
      <O21_OR_Durasteel>220</O21_OR_Durasteel>
      <O21_OR_ComponentHypertech>1</O21_OR_ComponentHypertech>
    </costList>
    <statBases>
      <MaxHitPoints>440</MaxHitPoints>
      <WorkToBuild>17600</WorkToBuild>
    </statBases>
  </ThingDef>

  <ThingDef ParentName="CEC_ShipPartCR90">
    <defName>Ship_CR90Corvette_SideFrontRight</defName>
    <label>CR-90 corvette side front right</label>
    <graphicData>
      <texPath>ShipParts/CR90CorvetteSideRight1</texPath>
      <drawSize>(4,5)</drawSize>
    </graphicData>
    <size>(4,5)</size>
    <costList>
      <O21_OR_Durasteel>200</O21_OR_Durasteel>
      <O21_OR_ComponentHypertech>1</O21_OR_ComponentHypertech>
    </costList>
    <statBases>
      <MaxHitPoints>4000</MaxHitPoints>
      <WorkToBuild>16000</WorkToBuild>
    </statBases>
    <altitudeLayer>Zone</altitudeLayer>
  </ThingDef>

  <ThingDef ParentName="CEC_ShipPartCR90">
    <defName>Ship_CR90Corvette_SideFrontLeft</defName>
    <label>CR-90 corvette side front left</label>
    <graphicData>
      <texPath>ShipParts/CR90CorvetteSideLeft1</texPath>
      <drawSize>(4,5)</drawSize>
    </graphicData>
    <size>(4,5)</size>
    <costList>
      <O21_OR_Durasteel>200</O21_OR_Durasteel>
      <O21_OR_ComponentHypertech>1</O21_OR_ComponentHypertech>
    </costList>
    <statBases>
      <MaxHitPoints>4000</MaxHitPoints>
      <WorkToBuild>16000</WorkToBuild>
    </statBases>
    <altitudeLayer>Zone</altitudeLayer>
  </ThingDef>

  <ThingDef ParentName="CEC_ShipPartCR90">
    <defName>Ship_CR90Corvette_SideRight</defName>
    <label>CR-90 corvette side right</label>
    <graphicData>
      <texPath>ShipParts/CR90CorvetteSideRight2</texPath>
      <drawSize>(9,4)</drawSize>
    </graphicData>
    <size>(9,4)</size>
    <costList>
      <O21_OR_Durasteel>360</O21_OR_Durasteel>
      <O21_OR_ComponentHypertech>1</O21_OR_ComponentHypertech>
    </costList>
    <statBases>
      <MaxHitPoints>7200</MaxHitPoints>
      <WorkToBuild>28800</WorkToBuild>
    </statBases>
  </ThingDef>

  <ThingDef ParentName="CEC_ShipPartCR90">
    <defName>Ship_CR90Corvette_SideLeft</defName>
    <label>CR-90 corvette side left</label>
    <graphicData>
      <texPath>ShipParts/CR90CorvetteSideLeft2</texPath>
      <drawSize>(9,4)</drawSize>
    </graphicData>
    <size>(9,4)</size>
    <costList>
      <O21_OR_Durasteel>360</O21_OR_Durasteel>
      <O21_OR_ComponentHypertech>1</O21_OR_ComponentHypertech>
    </costList>
    <statBases>
      <MaxHitPoints>7200</MaxHitPoints>
      <WorkToBuild>28800</WorkToBuild>
    </statBases>
  </ThingDef>

  <ThingDef ParentName="CEC_ShipPartCR90">
    <defName>Ship_CR90Corvette_SideEndRight</defName>
    <label>CR-90 corvette side end right</label>
    <graphicData>
      <texPath>ShipParts/CR90CorvetteSideRight3</texPath>
      <drawSize>(15,6)</drawSize>
    </graphicData>
    <size>(15,6)</size>
    <costList>
      <O21_OR_Durasteel>900</O21_OR_Durasteel>
      <O21_OR_ComponentHypertech>1</O21_OR_ComponentHypertech>
    </costList>
    <statBases>
      <MaxHitPoints>18000</MaxHitPoints>
      <WorkToBuild>72000</WorkToBuild>
    </statBases>
  </ThingDef>

  <ThingDef ParentName="CEC_ShipPartCR90">
    <defName>Ship_CR90Corvette_SideEndLeft</defName>
    <label>CR-90 corvette side end left</label>
    <graphicData>
      <texPath>ShipParts/CR90CorvetteSideLeft3</texPath>
      <drawSize>(15,6)</drawSize>
    </graphicData>
    <size>(15,6)</size>
    <costList>
      <O21_OR_Durasteel>900</O21_OR_Durasteel>
      <O21_OR_ComponentHypertech>1</O21_OR_ComponentHypertech>
    </costList>
    <statBases>
      <MaxHitPoints>18000</MaxHitPoints>
      <WorkToBuild>72000</WorkToBuild>
    </statBases>
  </ThingDef>

  <ThingDef ParentName="CEC_ShipPartCR90">
    <defName>Ship_CR90Corvette_SideDockingRight</defName>
    <label>CR-90 corvette side docking right</label>
    <graphicData>
      <texPath>ShipParts/CR90CorvetteBackRight</texPath>
      <drawSize>(7,6)</drawSize>
    </graphicData>
    <size>(7,6)</size>
    <costList>
      <O21_OR_Durasteel>420</O21_OR_Durasteel>
      <O21_OR_ComponentHypertech>1</O21_OR_ComponentHypertech>
    </costList>
    <statBases>
      <MaxHitPoints>8400</MaxHitPoints>
      <WorkToBuild>33600</WorkToBuild>
    </statBases>
  </ThingDef>

  <ThingDef ParentName="CEC_ShipPartCR90">
    <defName>Ship_CR90Corvette_SideDockingLeft</defName>
    <label>CR-90 corvette side docking left</label>
    <graphicData>
      <texPath>ShipParts/CR90CorvetteBackLeft</texPath>
      <drawSize>(7,6)</drawSize>
    </graphicData>
    <size>(7,6)</size>
    <costList>
      <O21_OR_Durasteel>420</O21_OR_Durasteel>
      <O21_OR_ComponentHypertech>1</O21_OR_ComponentHypertech>
    </costList>
    <statBases>
      <MaxHitPoints>8400</MaxHitPoints>
      <WorkToBuild>33600</WorkToBuild>
    </statBases>
  </ThingDef>

  <ThingDef ParentName="CEC_ShipPartCR90">
    <defName>Ship_CR90Corvette_EngineBlock</defName>
    <label>CR-90 corvette engine block</label>
    <graphicData>
      <texPath>ShipParts/CR90CorvetteEngineBlock</texPath>
      <drawSize>(19,27)</drawSize>
    </graphicData>
    <size>(19,27)</size>
    <costList>
      <O21_OR_Durasteel>5130</O21_OR_Durasteel>
      <O21_OR_ComponentHypertech>1</O21_OR_ComponentHypertech>
    </costList>
    <statBases>
      <MaxHitPoints>102600</MaxHitPoints>
      <WorkToBuild>410400</WorkToBuild>
    </statBases>
  </ThingDef>

  <!--Engine-->
  <ThingDef ParentName="CEC_ShipEngineBase" Name="CEC_ShipPartCR90_Engine"   Abstract="True">
    <designatorDropdown>CEC_CR90_Dropdown</designatorDropdown>
    <researchPrerequisites>
      <li>CEC_CEC_Armed_Parts</li>
    </researchPrerequisites>
    <costList>
      <O21_OR_Durasteel>150</O21_OR_Durasteel>
      <O21_OR_ComponentHypertech>2</O21_OR_ComponentHypertech>
    </costList>
    <statBases>
      <MaxHitPoints>1500</MaxHitPoints>
      <WorkToBuild>22000</WorkToBuild>
    </statBases>
    <comps>
      <li Class="CompProperties_Refuelable">
        <fuelCapacity>750.0</fuelCapacity>
        <targetFuelLevelConfigurable>true</targetFuelLevelConfigurable>
        <fuelFilter>
          <thingDefs>
            <li>Chemfuel</li>
          </thingDefs>
        </fuelFilter>
        <consumeFuelOnlyWhenUsed>true</consumeFuelOnlyWhenUsed>
        <autoRefuelPercent>1</autoRefuelPercent>
        <showFuelGizmo>false</showFuelGizmo>
        <drawOutOfFuelOverlay>false</drawOutOfFuelOverlay>
        <drawFuelGaugeInMap>false</drawFuelGaugeInMap>
        <showAllowAutoRefuelToggle>true</showAllowAutoRefuelToggle>
      </li>
    </comps>
  </ThingDef>

  <ThingDef ParentName="CEC_ShipPartCR90_Engine">
    <defName>Ship_CR90Corvette_EngineA</defName>
    <label>CR-90 corvette engine 1</label>
    <graphicData>
      <texPath>ShipParts/CR90CorvetteEngineLeft1</texPath>
      <drawSize>(5,3)</drawSize>
    </graphicData>
    <size>(5,3)</size>
    <comps>
      <li Class="CompProperties_EngineTrail">
        <thrust>2</thrust>
      </li>
    </comps>
  </ThingDef>

  <ThingDef ParentName="CEC_ShipPartCR90_Engine">
    <defName>Ship_CR90Corvette_EngineB</defName>
    <label>CR-90 corvette engine 2</label>
    <graphicData>
      <texPath>ShipParts/CR90CorvetteEngineLeft2</texPath>
      <drawSize>(2,3)</drawSize>
    </graphicData>
    <size>(2,3)</size>
    <comps>
      <li Class="CompProperties_EngineTrail">
        <thrust>1</thrust>
      </li>
    </comps>
  </ThingDef>

  <ThingDef ParentName="CEC_ShipPartCR90_Engine">
    <defName>Ship_CR90Corvette_EngineC</defName>
    <label>CR-90 corvette engine 3</label>
    <graphicData>
      <texPath>ShipParts/CR90CorvetteEngineLeft3</texPath>
      <drawSize>(5,3)</drawSize>
    </graphicData>
    <size>(5,3)</size>
    <comps>
      <li Class="CompProperties_EngineTrail">
        <thrust>2</thrust>
      </li>
    </comps>
  </ThingDef>

  <ThingDef ParentName="CEC_ShipPartCR90_Engine">
    <defName>Ship_CR90Corvette_EngineD</defName>
    <label>CR-90 corvette engine 4</label>
    <graphicData>
      <texPath>ShipParts/CR90CorvetteEngineCentre</texPath>
      <drawSize>(3,3)</drawSize>
    </graphicData>
    <size>(3,3)</size>
    <comps>
      <li Class="CompProperties_EngineTrail">
        <thrust>1</thrust>
      </li>
    </comps>
  </ThingDef>

  <ThingDef ParentName="CEC_ShipPartCR90_Engine">
    <defName>Ship_CR90Corvette_EngineE</defName>
    <label>CR-90 corvette engine 5</label>
    <graphicData>
      <texPath>ShipParts/CR90CorvetteEngineRight3</texPath>
      <drawSize>(5,3)</drawSize>
    </graphicData>
    <size>(5,3)</size>
    <comps>
      <li Class="CompProperties_EngineTrail">
        <thrust>2</thrust>
      </li>
    </comps>
  </ThingDef>

  <ThingDef ParentName="CEC_ShipPartCR90_Engine">
    <defName>Ship_CR90Corvette_EngineF</defName>
    <label>CR-90 corvette engine 6</label>
    <graphicData>
      <texPath>ShipParts/CR90CorvetteEngineRight2</texPath>
      <drawSize>(2,3)</drawSize>
    </graphicData>
    <size>(2,3)</size>
    <comps>
      <li Class="CompProperties_EngineTrail">
        <thrust>1</thrust>
      </li>
    </comps>
  </ThingDef>

  <ThingDef ParentName="CEC_ShipPartCR90_Engine">
    <defName>Ship_CR90Corvette_EngineG</defName>
    <label>CR-90 corvette engine 7</label>
    <graphicData>
      <texPath>ShipParts/CR90CorvetteEngineRight1</texPath>
      <drawSize>(5,3)</drawSize>
    </graphicData>
    <size>(5,3)</size>
    <comps>
      <li Class="CompProperties_EngineTrail">
        <thrust>2</thrust>
      </li>
    </comps>
  </ThingDef>

</Defs>