<?xml version="1.0" encoding="utf-8" ?>
<Defs>

  <ThingDef ParentName="CEC_ShipPartBase" Name="CEC_ShipPartImpNebulon"  Abstract="True">
    <designatorDropdown>CEC_INBF_Dropdown</designatorDropdown>
    <researchPrerequisites>
      <li>CEC_KDY_EarlyEmpire_Parts</li>
    </researchPrerequisites>
  </ThingDef>

  <ThingDef ParentName="CEC_ShipPartImpNebulon">
    <defName>Ship_ImpNebulonBFrigate_Front</defName>
    <label>nebulon-B frigate (imperial) front</label>
    <graphicData>
      <texPath>ShipParts4/ImpNebulonBFrigateFront</texPath>
      <drawSize>(2,5)</drawSize>
    </graphicData>
    <size>(2,5)</size>
    <costList>
      <O21_OR_Durasteel>100</O21_OR_Durasteel>
      <O21_OR_ComponentHypertech>1</O21_OR_ComponentHypertech>
    </costList>
    <statBases>
      <MaxHitPoints>2000</MaxHitPoints>
      <WorkToBuild>8000</WorkToBuild>
    </statBases>
  </ThingDef>

  <ThingDef ParentName="CEC_ShipPartImpNebulon">
    <defName>Ship_ImpNebulonBFrigate_FrontRightA</defName>
    <label>nebulon-B frigate (imperial) front right 1</label>
    <graphicData>
      <texPath>ShipParts4/ImpNebulonBFrigateFrontRight1</texPath>
      <drawSize>(7,2)</drawSize>
    </graphicData>
    <size>(7,2)</size>
    <costList>
      <O21_OR_Durasteel>140</O21_OR_Durasteel>
      <O21_OR_ComponentHypertech>1</O21_OR_ComponentHypertech>
    </costList>
    <statBases>
      <MaxHitPoints>2800</MaxHitPoints>
      <WorkToBuild>11200</WorkToBuild>
    </statBases>
  </ThingDef>

  <ThingDef ParentName="CEC_ShipPartImpNebulon">
    <defName>Ship_ImpNebulonBFrigate_FrontRightB</defName>
    <label>nebulon-B frigate (imperial) front right 2</label>
    <graphicData>
      <texPath>ShipParts4/ImpNebulonBFrigateFrontRight2</texPath>
      <drawSize>(21,4)</drawSize>
    </graphicData>
    <size>(21,4)</size>
    <costList>
      <O21_OR_Durasteel>840</O21_OR_Durasteel>
      <O21_OR_ComponentHypertech>1</O21_OR_ComponentHypertech>
    </costList>
    <statBases>
      <MaxHitPoints>16800</MaxHitPoints>
      <WorkToBuild>67200</WorkToBuild>
    </statBases>
  </ThingDef>

  <ThingDef ParentName="CEC_ShipPartImpNebulon">
    <defName>Ship_ImpNebulonBFrigate_FrontRightC</defName>
    <label>nebulon-B frigate (imperial) front right 3</label>
    <graphicData>
      <texPath>ShipParts4/ImpNebulonBFrigateFrontRight3</texPath>
      <drawSize>(16,2)</drawSize>
    </graphicData>
    <size>(16,2)</size>
    <costList>
      <O21_OR_Durasteel>320</O21_OR_Durasteel>
      <O21_OR_ComponentHypertech>1</O21_OR_ComponentHypertech>
    </costList>
    <statBases>
      <MaxHitPoints>6400</MaxHitPoints>
      <WorkToBuild>25600</WorkToBuild>
    </statBases>
  </ThingDef>

  <ThingDef ParentName="CEC_ShipPartImpNebulon">
    <defName>Ship_ImpNebulonBFrigate_FrontRightD</defName>
    <label>nebulon-B frigate (imperial) front right 4</label>
    <graphicData>
      <texPath>ShipParts4/ImpNebulonBFrigateFrontRight4</texPath>
      <drawSize>(10,3)</drawSize>
    </graphicData>
    <size>(10,3)</size>
    <costList>
      <O21_OR_Durasteel>300</O21_OR_Durasteel>
      <O21_OR_ComponentHypertech>1</O21_OR_ComponentHypertech>
    </costList>
    <statBases>
      <MaxHitPoints>6000</MaxHitPoints>
      <WorkToBuild>24000</WorkToBuild>
    </statBases>
  </ThingDef>

  <ThingDef ParentName="CEC_ShipPartImpNebulon">
    <defName>Ship_ImpNebulonBFrigate_FrontLeftA</defName>
    <label>nebulon-B frigate (imperial) front left 1</label>
    <graphicData>
      <texPath>ShipParts4/ImpNebulonBFrigateFrontLeft1</texPath>
      <drawSize>(7,2)</drawSize>
    </graphicData>
    <size>(7,2)</size>
    <costList>
      <O21_OR_Durasteel>140</O21_OR_Durasteel>
      <O21_OR_ComponentHypertech>1</O21_OR_ComponentHypertech>
    </costList>
    <statBases>
      <MaxHitPoints>2800</MaxHitPoints>
      <WorkToBuild>11200</WorkToBuild>
    </statBases>
  </ThingDef>

  <ThingDef ParentName="CEC_ShipPartImpNebulon">
    <defName>Ship_ImpNebulonBFrigate_FrontLeftB</defName>
    <label>nebulon-B frigate (imperial) front left 2</label>
    <graphicData>
      <texPath>ShipParts4/ImpNebulonBFrigateFrontLeft2</texPath>
      <drawSize>(21,4)</drawSize>
    </graphicData>
    <size>(21,4)</size>
    <costList>
      <O21_OR_Durasteel>840</O21_OR_Durasteel>
      <O21_OR_ComponentHypertech>1</O21_OR_ComponentHypertech>
    </costList>
    <statBases>
      <MaxHitPoints>16800</MaxHitPoints>
      <WorkToBuild>67200</WorkToBuild>
    </statBases>
  </ThingDef>

  <ThingDef ParentName="CEC_ShipPartImpNebulon">
    <defName>Ship_ImpNebulonBFrigate_FrontLeftC</defName>
    <label>nebulon-B frigate (imperial) front left 3</label>
    <graphicData>
      <texPath>ShipParts4/ImpNebulonBFrigateFrontLeft3</texPath>
      <drawSize>(16,2)</drawSize>
    </graphicData>
    <size>(16,2)</size>
    <costList>
      <O21_OR_Durasteel>320</O21_OR_Durasteel>
      <O21_OR_ComponentHypertech>1</O21_OR_ComponentHypertech>
    </costList>
    <statBases>
      <MaxHitPoints>6400</MaxHitPoints>
      <WorkToBuild>25600</WorkToBuild>
    </statBases>
  </ThingDef>

  <ThingDef ParentName="CEC_ShipPartImpNebulon">
    <defName>Ship_ImpNebulonBFrigate_FrontLeftD</defName>
    <label>nebulon-B frigate (imperial) front left 4</label>
    <graphicData>
      <texPath>ShipParts4/ImpNebulonBFrigateFrontLeft4</texPath>
      <drawSize>(10,3)</drawSize>
    </graphicData>
    <size>(10,3)</size>
    <costList>
      <O21_OR_Durasteel>300</O21_OR_Durasteel>
      <O21_OR_ComponentHypertech>1</O21_OR_ComponentHypertech>
    </costList>
    <statBases>
      <MaxHitPoints>6000</MaxHitPoints>
      <WorkToBuild>24000</WorkToBuild>
    </statBases>
  </ThingDef>

  <ThingDef ParentName="CEC_ShipPartImpNebulon">
    <defName>Ship_ImpNebulonBFrigate_SideRightA</defName>
    <label>nebulon-B frigate (imperial) side right 1</label>
    <graphicData>
      <texPath>ShipParts4/ImpNebulonBFrigateSideRight1</texPath>
      <drawSize>(9,4)</drawSize>
    </graphicData>
    <size>(9,4)</size>
    <costList>
      <O21_OR_Durasteel>360</O21_OR_Durasteel>
      <O21_OR_ComponentHypertech>1</O21_OR_ComponentHypertech>
    </costList>
    <statBases>
      <MaxHitPoints>7200</MaxHitPoints>
      <WorkToBuild>28800</WorkToBuild>
    </statBases>
  </ThingDef>

  <ThingDef ParentName="CEC_ShipPartImpNebulon">
    <defName>Ship_ImpNebulonBFrigate_SideRightB</defName>
    <label>nebulon-B frigate (imperial) side right 2</label>
    <graphicData>
      <texPath>ShipParts4/ImpNebulonBFrigateSideRight2</texPath>
      <drawSize>(28,7)</drawSize>
    </graphicData>
    <size>(28,3)</size>
    <costList>
      <O21_OR_Durasteel>840</O21_OR_Durasteel>
      <O21_OR_ComponentHypertech>1</O21_OR_ComponentHypertech>
    </costList>
    <statBases>
      <MaxHitPoints>16800</MaxHitPoints>
      <WorkToBuild>67200</WorkToBuild>
    </statBases>
  </ThingDef>

  <ThingDef ParentName="CEC_ShipPartImpNebulon">
    <defName>Ship_ImpNebulonBFrigate_SideLeftA</defName>
    <label>nebulon-B frigate (imperial) side left 1</label>
    <graphicData>
      <texPath>ShipParts4/ImpNebulonBFrigateSideLeft1</texPath>
      <drawSize>(9,4)</drawSize>
    </graphicData>
    <size>(9,4)</size>
    <costList>
      <O21_OR_Durasteel>360</O21_OR_Durasteel>
      <O21_OR_ComponentHypertech>1</O21_OR_ComponentHypertech>
    </costList>
    <statBases>
      <MaxHitPoints>7200</MaxHitPoints>
      <WorkToBuild>28800</WorkToBuild>
    </statBases>
  </ThingDef>

  <ThingDef ParentName="CEC_ShipPartImpNebulon">
    <defName>Ship_ImpNebulonBFrigate_SideLeftB</defName>
    <label>nebulon-B frigate (imperial) side left 2</label>
    <graphicData>
      <texPath>ShipParts4/ImpNebulonBFrigateSideLeft2</texPath>
      <drawSize>(28,7)</drawSize>
    </graphicData>
    <size>(28,3)</size>
    <costList>
      <O21_OR_Durasteel>840</O21_OR_Durasteel>
      <O21_OR_ComponentHypertech>1</O21_OR_ComponentHypertech>
    </costList>
    <statBases>
      <MaxHitPoints>16800</MaxHitPoints>
      <WorkToBuild>67200</WorkToBuild>
    </statBases>
  </ThingDef>

  <ThingDef ParentName="CEC_ShipPartImpNebulon">
    <defName>Ship_ImpNebulonBFrigate_BackRight</defName>
    <label>nebulon-B frigate (imperial) back right</label>
    <graphicData>
      <texPath>ShipParts4/ImpNebulonBFrigateBackRight</texPath>
      <drawSize>(14,6)</drawSize>
    </graphicData>
    <size>(14,6)</size>
    <costList>
      <O21_OR_Durasteel>840</O21_OR_Durasteel>
      <O21_OR_ComponentHypertech>1</O21_OR_ComponentHypertech>
    </costList>
    <statBases>
      <MaxHitPoints>16800</MaxHitPoints>
      <WorkToBuild>67200</WorkToBuild>
    </statBases>
  </ThingDef>

  <ThingDef ParentName="CEC_ShipPartImpNebulon">
    <defName>Ship_ImpNebulonBFrigate_BackLeft</defName>
    <label>nebulon-B frigate (imperial) back left</label>
    <graphicData>
      <texPath>ShipParts4/ImpNebulonBFrigateBackLeft</texPath>
      <drawSize>(14,6)</drawSize>
    </graphicData>
    <size>(14,6)</size>
    <costList>
      <O21_OR_Durasteel>840</O21_OR_Durasteel>
      <O21_OR_ComponentHypertech>1</O21_OR_ComponentHypertech>
    </costList>
    <statBases>
      <MaxHitPoints>16800</MaxHitPoints>
      <WorkToBuild>67200</WorkToBuild>
    </statBases>
  </ThingDef>

  <ThingDef ParentName="CEC_ShipPartImpNebulon">
    <defName>Ship_ImpNebulonBFrigate_EngineBlock</defName>
    <label>nebulon-B frigate (imperial) engine block</label>
    <graphicData>
      <texPath>ShipParts4/ImpNebulonBFrigateEngineBlock</texPath>
      <drawSize>(12,23)</drawSize>
    </graphicData>
    <size>(6,23)</size>
    <costList>
      <O21_OR_Durasteel>1380</O21_OR_Durasteel>
      <O21_OR_ComponentHypertech>1</O21_OR_ComponentHypertech>
    </costList>
    <statBases>
      <MaxHitPoints>27600</MaxHitPoints>
      <WorkToBuild>110400</WorkToBuild>
    </statBases>
  </ThingDef>

  <!--Engine-->
  <ThingDef ParentName="CEC_ShipEngineBase" Name="CEC_ShipPartImpNebulon_Engine"   Abstract="True">
    <description>...</description>
    <designatorDropdown>CEC_INBF_Dropdown</designatorDropdown>
    <researchPrerequisites>
      <li>CEC_KDY_EarlyEmpire_Parts</li>
    </researchPrerequisites>
    <costList>
      <O21_OR_Durasteel>300</O21_OR_Durasteel>
      <O21_OR_ComponentHypertech>3</O21_OR_ComponentHypertech>
    </costList>
    <statBases>
      <MaxHitPoints>3000</MaxHitPoints>
      <WorkToBuild>22000</WorkToBuild>
    </statBases>
    <comps>
      <li Class="CompProperties_Refuelable">
        <fuelCapacity>1500.0</fuelCapacity>
        <targetFuelLevelConfigurable>true</targetFuelLevelConfigurable>
        <fuelFilter>
          <thingDefs>
            <li>Chemfuel</li>
          </thingDefs>
        </fuelFilter>
        <consumeFuelOnlyWhenUsed>true</consumeFuelOnlyWhenUsed>
        <autoRefuelPercent>1</autoRefuelPercent>
        <showFuelGizmo>false</showFuelGizmo>
        <drawOutOfFuelOverlay>false</drawOutOfFuelOverlay>
        <drawFuelGaugeInMap>false</drawFuelGaugeInMap>
        <showAllowAutoRefuelToggle>true</showAllowAutoRefuelToggle>
      </li>
      <li Class="CompProperties_EngineTrail">
        <thrust>3</thrust>
      </li>
    </comps>
  </ThingDef>

  <ThingDef ParentName="CEC_ShipPartImpNebulon_Engine">
    <defName>Ship_ImpNebulonBFrigate_EngineR</defName>
    <label>nebulon-B frigate (imperial) engine right</label>
    <graphicData>
      <texPath>ShipParts4/ImpNebulonBFrigateEngineRight</texPath>
      <drawSize>(9,3)</drawSize>
    </graphicData>
    <size>(9,3)</size>
  </ThingDef>

  <ThingDef ParentName="CEC_ShipPartImpNebulon_Engine">
    <defName>Ship_ImpNebulonBFrigate_EngineL</defName>
    <label>nebulon-B frigate (imperial) engine left</label>
    <graphicData>
      <texPath>ShipParts4/ImpNebulonBFrigateEngineLeft</texPath>
      <drawSize>(9,3)</drawSize>
    </graphicData>
    <size>(9,3)</size>
  </ThingDef>
  
</Defs>