<?xml version="1.0" encoding="utf-8" ?>
<Defs>

  <ThingDef ParentName="CEC_ShipPartBase" Name="CEC_ShipPartImpGozanti"  Abstract="True">
    <designatorDropdown>CEC_IGCC_Dropdown</designatorDropdown>
    <researchPrerequisites>
      <li>CEC_CEC_ImpGozanti_Parts</li>
    </researchPrerequisites>
  </ThingDef>

  <ThingDef ParentName="CEC_ShipPartImpGozanti">
    <defName>Ship_ImpGozantiClassCruiser_Front</defName>
    <label>gozanti class cruiser (imperial) front</label>
    <graphicData>
      <texPath>ShipParts/ImpGozantiClassCruiserFront</texPath>
      <drawSize>(6,5)</drawSize>
    </graphicData>
    <size>(4,5)</size>
    <costList>
      <O21_OR_Durasteel>200</O21_OR_Durasteel>
      <O21_OR_ComponentHypertech>1</O21_OR_ComponentHypertech>
    </costList>
    <statBases>
      <MaxHitPoints>4000</MaxHitPoints>
      <WorkToBuild>16000</WorkToBuild>
    </statBases>
  </ThingDef>

  <ThingDef ParentName="CEC_ShipPartImpGozanti">
    <defName>Ship_ImpGozantiClassCruiser_RightA</defName>
    <label>gozanti class cruiser (imperial) right</label>
    <graphicData>
      <texPath>ShipParts/ImpGozantiClassCruiserFrontRight</texPath>
      <drawSize>(16,5)</drawSize>
    </graphicData>
    <size>(16,5)</size>
    <costList>
      <O21_OR_Durasteel>800</O21_OR_Durasteel>
      <O21_OR_ComponentHypertech>1</O21_OR_ComponentHypertech>
    </costList>
    <statBases>
      <MaxHitPoints>16000</MaxHitPoints>
      <WorkToBuild>64000</WorkToBuild>
    </statBases>
  </ThingDef>

  <ThingDef ParentName="CEC_ShipPartImpGozanti">
    <defName>Ship_ImpGozantiClassCruiser_LeftA</defName>
    <label>gozanti class cruiser (imperial) left</label> 
    <graphicData>
      <texPath>ShipParts/ImpGozantiClassCruiserFrontLeft</texPath>
      <drawSize>(16,5)</drawSize>
    </graphicData>
    <size>(16,5)</size>
    <costList>
      <O21_OR_Durasteel>800</O21_OR_Durasteel>
      <O21_OR_ComponentHypertech>1</O21_OR_ComponentHypertech>
    </costList>
    <statBases>
      <MaxHitPoints>16000</MaxHitPoints>
      <WorkToBuild>64000</WorkToBuild>
    </statBases>
  </ThingDef>

  <ThingDef ParentName="CEC_ShipPartImpGozanti">
    <defName>Ship_ImpGozantiClassCruiser_RightB</defName>
    <label>gozanti class cruiser (surveillance) right</label>
    <graphicData>
      <texPath>ShipParts/ImpGozantiClassCruiserFrontRightB</texPath>
      <drawSize>(16,5)</drawSize>
    </graphicData>
    <size>(16,5)</size>
    <costList>
      <O21_OR_Durasteel>800</O21_OR_Durasteel>
      <O21_OR_ComponentHypertech>1</O21_OR_ComponentHypertech>
    </costList>
    <statBases>
      <MaxHitPoints>16000</MaxHitPoints>
      <WorkToBuild>64000</WorkToBuild>
    </statBases>
  </ThingDef>

  <ThingDef ParentName="CEC_ShipPartImpGozanti">
    <defName>Ship_ImpGozantiClassCruiser_LeftB</defName>
    <label>gozanti class cruiser (surveillance) left</label>
    <graphicData>
      <texPath>ShipParts/ImpGozantiClassCruiserFrontLeftB</texPath>
      <drawSize>(16,5)</drawSize>
    </graphicData>
    <size>(16,5)</size>
    <costList>
      <O21_OR_Durasteel>800</O21_OR_Durasteel>
      <O21_OR_ComponentHypertech>1</O21_OR_ComponentHypertech>
    </costList>
    <statBases>
      <MaxHitPoints>16000</MaxHitPoints>
      <WorkToBuild>64000</WorkToBuild>
    </statBases>
  </ThingDef>

  <ThingDef ParentName="CEC_ShipPartImpGozanti">
    <defName>Ship_ImpGozantiClassCruiser_BackLeftA</defName>
    <label>gozanti class cruiser (imperial) back left</label>
    <graphicData>
      <texPath>ShipParts/ImpGozantiClassCruiserBackLeft</texPath>
      <drawSize>(12,7)</drawSize>
    </graphicData>
    <size>(12,7)</size>
    <costList>
      <O21_OR_Durasteel>840</O21_OR_Durasteel>
      <O21_OR_ComponentHypertech>1</O21_OR_ComponentHypertech>
    </costList>
    <statBases>
      <MaxHitPoints>16800</MaxHitPoints>
      <WorkToBuild>67200</WorkToBuild>
    </statBases>
  </ThingDef>

  <ThingDef ParentName="CEC_ShipPartImpGozanti">
    <defName>Ship_ImpGozantiClassCruiser_BackRightA</defName>
    <label>gozanti class cruiser (imperial) back right</label>
    <graphicData>
      <texPath>ShipParts/ImpGozantiClassCruiserBackRight</texPath>
      <drawSize>(12,7)</drawSize>
    </graphicData>
    <size>(12,7)</size>
    <costList>
      <O21_OR_Durasteel>840</O21_OR_Durasteel>
      <O21_OR_ComponentHypertech>1</O21_OR_ComponentHypertech>
    </costList>
    <statBases>
      <MaxHitPoints>16800</MaxHitPoints>
      <WorkToBuild>67200</WorkToBuild>
    </statBases>
  </ThingDef>

  <ThingDef ParentName="CEC_ShipPartImpGozanti">
    <defName>Ship_ImpGozantiClassCruiser_BackLeftB</defName>
    <label>gozanti class cruiser (surveillance) back left</label>
    <graphicData>
      <texPath>ShipParts/ImpGozantiClassCruiserBackLeftB</texPath>
      <drawSize>(12,7)</drawSize>
    </graphicData>
    <size>(12,7)</size>
    <costList>
      <O21_OR_Durasteel>840</O21_OR_Durasteel>
      <O21_OR_ComponentHypertech>1</O21_OR_ComponentHypertech>
    </costList>
    <statBases>
      <MaxHitPoints>16800</MaxHitPoints>
      <WorkToBuild>67200</WorkToBuild>
    </statBases>
  </ThingDef>

  <ThingDef ParentName="CEC_ShipPartImpGozanti">
    <defName>Ship_ImpGozantiClassCruiser_BackRightB</defName>
    <label>gozanti class cruiser (surveillance) back right</label>
    <graphicData>
      <texPath>ShipParts/ImpGozantiClassCruiserBackRightB</texPath>
      <drawSize>(12,7)</drawSize>
    </graphicData>
    <size>(12,7)</size>
    <costList>
      <O21_OR_Durasteel>840</O21_OR_Durasteel>
      <O21_OR_ComponentHypertech>1</O21_OR_ComponentHypertech>
    </costList>
    <statBases>
      <MaxHitPoints>16800</MaxHitPoints>
      <WorkToBuild>67200</WorkToBuild>
    </statBases>
  </ThingDef>

  <ThingDef ParentName="CEC_ShipPartImpGozanti">
    <defName>Ship_ImpGozantiClassCruiser_Back</defName>
    <label>gozanti class cruiser (imperial) back</label>
    <graphicData>
      <texPath>ShipParts/ImpGozantiClassCruiserBack</texPath>
      <drawSize>(3,7)</drawSize>
    </graphicData>
    <size>(3,7)</size>
    <costList>
      <O21_OR_Durasteel>210</O21_OR_Durasteel>
      <O21_OR_ComponentHypertech>1</O21_OR_ComponentHypertech>
    </costList>
    <statBases>
      <MaxHitPoints>4200</MaxHitPoints>
      <WorkToBuild>16800</WorkToBuild>
    </statBases>
  </ThingDef>

  <ThingDef ParentName="CEC_ShipPartImpGozanti">
    <defName>Ship_ImpGozantiClassCruiser_Tail</defName>
    <label>gozanti class cruiser (imperial) tail</label>
    <graphicData>
      <texPath>ShipParts/ImpGozantiClassCruiserTail</texPath>
      <drawSize>(7,3)</drawSize>
    </graphicData>
    <size>(7,3)</size>
    <costList>
      <O21_OR_Durasteel>210</O21_OR_Durasteel>
      <O21_OR_ComponentHypertech>1</O21_OR_ComponentHypertech>
    </costList>
    <statBases>
      <MaxHitPoints>4200</MaxHitPoints>
      <WorkToBuild>16800</WorkToBuild>
    </statBases>
  </ThingDef>

  <ThingDef ParentName="CEC_ShipPartImpGozanti">
    <defName>Ship_ImpGozantiClassCruiser_Disk</defName>
    <label>gozanti class cruiser (surveillance) disk</label>
    <graphicData>
      <texPath>ShipParts/ImpGozantiClassCruiserDisk</texPath>
      <drawSize>(13,13)</drawSize>
    </graphicData>
    <tradeability>None</tradeability>
    <size>(13,13)</size>
    <costList>
      <O21_OR_Durasteel>150</O21_OR_Durasteel>
      <O21_OR_ComponentHypertech>6</O21_OR_ComponentHypertech>
      <Gold>70</Gold>
      <AIPersonaCore>1</AIPersonaCore>
    </costList>
    <statBases>
      <MaxHitPoints>33800</MaxHitPoints>
      <WorkToBuild>52000</WorkToBuild>
    </statBases>
    <rotatable>false</rotatable>
    <altitudeLayer>WorldClipper</altitudeLayer>
    <comps>
      <li Class="CompProperties_ShipPart"/>
      <li Class="CompProperties_Power">
        <compClass>CompPowerTrader</compClass>
        <basePowerConsumption>1000</basePowerConsumption>
        <transmitsPower>false</transmitsPower>
      </li>
      <li Class="CompProperties_LongRangeMineralScannerSpaceAI"/>
      <li Class="CompProperties_ShipHeat">
        <compClass>CompShipHeat</compClass>
      </li>
      <li Class="CompProperties_Flickable"/>
      <li Class="CompProperties_BuildingConsciousness">
        <holoHediff>SoSHologramMachine</holoHediff>
        <holoWeapon>HologramLaser</holoWeapon>
        <holoWeaponMelee>HologramSword</holoWeaponMelee>
        <holoShield>HologramShield</holoShield>
      </li>
    </comps>
  </ThingDef>

  <!--Engine-->
  <ThingDef ParentName="CEC_ShipEngineBase">
    <defName>Ship_ImpGozantiClassCruiser_Engine</defName>
    <label>gozanti class cruiser (imperial) engine</label>
    <description>...</description>
    <graphicData>
      <texPath>ShipParts/ImpGozantiClassCruiserEngineBlock</texPath>
      <drawSize>(3,9)</drawSize>
    </graphicData>
    <size>(3,1)</size>
    <designatorDropdown>CEC_IGCC_Dropdown</designatorDropdown>
    <uiIconScale>0.5</uiIconScale>
    <researchPrerequisites>
      <li>CEC_CEC_ImpGozanti_Parts</li>
    </researchPrerequisites>
    <costList>
      <O21_OR_Durasteel>200</O21_OR_Durasteel>
      <O21_OR_ComponentHypertech>2</O21_OR_ComponentHypertech>
    </costList>
    <statBases>
      <MaxHitPoints>2000</MaxHitPoints>
      <WorkToBuild>22000</WorkToBuild>
    </statBases>
    <comps>
      <li Class="CompProperties_Refuelable">
        <fuelCapacity>1000.0</fuelCapacity>
        <targetFuelLevelConfigurable>true</targetFuelLevelConfigurable>
        <fuelFilter>
          <thingDefs>
            <li>Chemfuel</li>
          </thingDefs>
        </fuelFilter>
        <consumeFuelOnlyWhenUsed>true</consumeFuelOnlyWhenUsed>
        <autoRefuelPercent>1</autoRefuelPercent>
        <showFuelGizmo>false</showFuelGizmo>
        <drawOutOfFuelOverlay>false</drawOutOfFuelOverlay>
        <drawFuelGaugeInMap>false</drawFuelGaugeInMap>
        <showAllowAutoRefuelToggle>true</showAllowAutoRefuelToggle>
      </li>
      <li Class="CompProperties_EngineTrail">
        <thrust>2</thrust>
      </li>
    </comps>
  </ThingDef>
  
</Defs>