<?xml version="1.0" encoding="utf-8" ?>
<Defs>

  <ThingDef ParentName="CEC_ShipPartBase" Name="CEC_ShipPartConsular"  Abstract="True">
    <designatorDropdown>CEC_CCC_Dropdown</designatorDropdown>
    <researchPrerequisites>
      <li>CEC_CEC_Civilian_Parts</li>
    </researchPrerequisites>
  </ThingDef>

  <ThingDef ParentName="CEC_ShipPartConsular">
    <defName>Ship_ConsularClassCruiser_Front</defName>
    <label>consular class cruiser front</label>
    <graphicData>
      <texPath>ShipParts/ConsularClassCruiserFront</texPath>
      <drawSize>(2,5)</drawSize>
    </graphicData>
    <size>(2,5)</size>
    <costList>
      <O21_OR_Durasteel>100</O21_OR_Durasteel>
      <O21_OR_ComponentHypertech>1</O21_OR_ComponentHypertech>
    </costList>
    <statBases>
      <MaxHitPoints>2000</MaxHitPoints>
      <WorkToBuild>8000</WorkToBuild>
    </statBases>
  </ThingDef>

  <ThingDef ParentName="CEC_ShipPartConsular">
    <defName>Ship_ConsularClassCruiser_Right</defName>
    <label>consular class cruiser right</label>
    <graphicData>
      <texPath>ShipParts/ConsularClassCruiserFrontRight</texPath>
      <drawSize>(33,5)</drawSize>
    </graphicData>
    <size>(33,5)</size>
    <costList>
      <O21_OR_Durasteel>1650</O21_OR_Durasteel>
      <O21_OR_ComponentHypertech>1</O21_OR_ComponentHypertech>
    </costList>
    <statBases>
      <MaxHitPoints>33000</MaxHitPoints>
      <WorkToBuild>132000</WorkToBuild>
    </statBases>
  </ThingDef>

  <ThingDef ParentName="CEC_ShipPartConsular">
    <defName>Ship_ConsularClassCruiser_Left</defName>
    <label>consular class cruiser left</label>
    <graphicData>
      <texPath>ShipParts/ConsularClassCruiserFrontLeft</texPath>
      <drawSize>(33,5)</drawSize>
    </graphicData>
    <size>(33,5)</size>
    <costList>
      <O21_OR_Durasteel>1650</O21_OR_Durasteel>
      <O21_OR_ComponentHypertech>1</O21_OR_ComponentHypertech>
    </costList>
    <statBases>
      <MaxHitPoints>33000</MaxHitPoints>
      <WorkToBuild>132000</WorkToBuild>
    </statBases>
  </ThingDef>

  <ThingDef ParentName="CEC_ShipPartConsular">
    <defName>Ship_ConsularClassCruiser_BackEndLeft</defName>
    <label>consular class cruiser back end left</label>
    <graphicData>
      <texPath>ShipParts/ConsularClassCruiserBackLeft2</texPath>
      <drawSize>(4,5)</drawSize>
    </graphicData>
    <size>(4,5)</size>
    <costList>
      <O21_OR_Durasteel>200</O21_OR_Durasteel>
      <O21_OR_ComponentHypertech>1</O21_OR_ComponentHypertech>
    </costList>
    <statBases>
      <MaxHitPoints>4000</MaxHitPoints>
      <WorkToBuild>16000</WorkToBuild>
    </statBases>
  </ThingDef>

  <ThingDef ParentName="CEC_ShipPartConsular">
    <defName>Ship_ConsularClassCruiser_BackEndRight</defName>
    <label>consular class cruiser back end right</label>
    <graphicData>
      <texPath>ShipParts/ConsularClassCruiserBackRight2</texPath>
      <drawSize>(4,5)</drawSize>
    </graphicData>
    <size>(4,5)</size>
    <costList>
      <O21_OR_Durasteel>200</O21_OR_Durasteel>
      <O21_OR_ComponentHypertech>1</O21_OR_ComponentHypertech>
    </costList>
    <statBases>
      <MaxHitPoints>4000</MaxHitPoints>
      <WorkToBuild>16000</WorkToBuild>
    </statBases>
  </ThingDef>

  <ThingDef ParentName="CEC_ShipPartConsular">
    <defName>Ship_ConsularClassCruiser_BackLeft</defName>
    <label>consular class cruiser back left</label>
    <graphicData>
      <texPath>ShipParts/ConsularClassCruiserBackLeft1</texPath>
      <drawSize>(6,4)</drawSize>
    </graphicData>
    <size>(4,4)</size>
    <costList>
      <O21_OR_Durasteel>160</O21_OR_Durasteel>
      <O21_OR_ComponentHypertech>1</O21_OR_ComponentHypertech>
    </costList>
    <statBases>
      <MaxHitPoints>3200</MaxHitPoints>
      <WorkToBuild>12800</WorkToBuild>
    </statBases>
  </ThingDef>

  <ThingDef ParentName="CEC_ShipPartConsular">
    <defName>Ship_ConsularClassCruiser_BackRight</defName>
    <label>consular class cruiser back right</label>
    <graphicData>
      <texPath>ShipParts/ConsularClassCruiserBackRight1</texPath>
      <drawSize>(6,4)</drawSize>
    </graphicData>
    <size>(4,4)</size>
    <costList>
      <O21_OR_Durasteel>160</O21_OR_Durasteel>
      <O21_OR_ComponentHypertech>1</O21_OR_ComponentHypertech>
    </costList>
    <statBases>
      <MaxHitPoints>3200</MaxHitPoints>
      <WorkToBuild>12800</WorkToBuild>
    </statBases>
  </ThingDef>

  <ThingDef ParentName="CEC_ShipPartConsular">
    <defName>Ship_ConsularClassCruiser_EngineBlock</defName>
    <label>consular class cruiser engine block</label>
    <graphicData>
      <texPath>ShipParts/ConsularClassCruiserEngineBlock</texPath>
      <drawSize>(8,9)</drawSize>
    </graphicData>
    <size>(8,9)</size>
    <costList>
      <O21_OR_Durasteel>720</O21_OR_Durasteel>
      <O21_OR_ComponentHypertech>1</O21_OR_ComponentHypertech>
    </costList>
    <statBases>
      <MaxHitPoints>14400</MaxHitPoints>
      <WorkToBuild>57600</WorkToBuild>
    </statBases>
    <altitudeLayer>Zone</altitudeLayer>
  </ThingDef>

  <ThingDef ParentName="CEC_ShipPartConsular">
    <defName>Ship_ConsularClassCruiser_EngineConnector</defName>
    <label>consular class cruiser engine connector</label>
    <graphicData>
      <texPath>ShipParts/ConsularClassCruiserConnection</texPath>
      <drawSize>(7,5.3)</drawSize>
    </graphicData>
    <size>(7,5)</size>
    <costList>
      <O21_OR_Durasteel>350</O21_OR_Durasteel>
      <O21_OR_ComponentHypertech>1</O21_OR_ComponentHypertech>
    </costList>
    <statBases>
      <MaxHitPoints>7000</MaxHitPoints>
      <WorkToBuild>28000</WorkToBuild>
    </statBases>
  </ThingDef>

  <ThingDef ParentName="CEC_ShipPartConsular">
    <defName>Ship_ConsularClassCruiser_Back</defName>
    <label>consular class cruiser back</label>
    <graphicData>
      <texPath>ShipParts/ConsularClassCruiserBack</texPath>
      <drawSize>(1,9)</drawSize>
    </graphicData>
    <size>(1,5)</size>
    <costList>
      <O21_OR_Durasteel>50</O21_OR_Durasteel>
      <O21_OR_ComponentHypertech>1</O21_OR_ComponentHypertech>
    </costList>
    <statBases>
      <MaxHitPoints>1000</MaxHitPoints>
      <WorkToBuild>4000</WorkToBuild>
    </statBases>
  </ThingDef>

  <!--Engine-->
  <ThingDef ParentName="CEC_ShipEngineBase">
    <defName>Ship_ConsularClassCruiser_Engine</defName>
    <label>consular class cruiser engine</label>
    <description>...</description>
    <graphicData>
      <texPath>ShipParts/ConsularClassCruiserEngine</texPath>
      <drawSize>(9,3)</drawSize>
    </graphicData>
    <size>(9,3)</size>
    <designatorDropdown>CEC_CCC_Dropdown</designatorDropdown>
    <researchPrerequisites>
      <li>CEC_CEC_Civilian_Parts</li>
    </researchPrerequisites>
    <costList>
      <O21_OR_Durasteel>300</O21_OR_Durasteel>
      <O21_OR_ComponentHypertech>3</O21_OR_ComponentHypertech>
    </costList>
    <statBases>
      <MaxHitPoints>3000</MaxHitPoints>
      <WorkToBuild>22000</WorkToBuild>
    </statBases>
    <comps>
      <li Class="CompProperties_Refuelable">
        <fuelCapacity>1500.0</fuelCapacity>
        <targetFuelLevelConfigurable>true</targetFuelLevelConfigurable>
        <fuelFilter>
          <thingDefs>
            <li>Chemfuel</li>
          </thingDefs>
        </fuelFilter>
        <consumeFuelOnlyWhenUsed>true</consumeFuelOnlyWhenUsed>
        <autoRefuelPercent>1</autoRefuelPercent>
        <showFuelGizmo>false</showFuelGizmo>
        <drawOutOfFuelOverlay>false</drawOutOfFuelOverlay>
        <drawFuelGaugeInMap>false</drawFuelGaugeInMap>
        <showAllowAutoRefuelToggle>true</showAllowAutoRefuelToggle>
      </li>
      <li Class="CompProperties_EngineTrail">
        <thrust>3</thrust>
      </li>
    </comps>
  </ThingDef>

</Defs>