<?xml version="1.0" encoding="utf-8" ?>
<Defs>

  <ThingDef ParentName="CEC_ShipPartBase" Name="CEC_ShipPartYTSeries"  Abstract="True">
    <designatorDropdown>CEC_YT_Dropdown</designatorDropdown>
    <researchPrerequisites>
      <li>CEC_CEC_Freighters_Parts</li>
    </researchPrerequisites>
  </ThingDef>
  
  <!--YT-2400-->
  <ThingDef ParentName="CEC_ShipPartYTSeries">
    <defName>Ship_YT2400LightFreighter_Front</defName>
    <label>YT-2400 light freighter front</label>
    <graphicData>
      <texPath>ShipParts6/YT2400FreighterFront</texPath>
      <drawSize>(4,13)</drawSize>
    </graphicData>
    <size>(2,9)</size>
    <costList>
      <O21_OR_Durasteel>180</O21_OR_Durasteel>
      <O21_OR_ComponentHypertech>1</O21_OR_ComponentHypertech>
    </costList>
    <statBases>
      <MaxHitPoints>3600</MaxHitPoints>
      <WorkToBuild>14400</WorkToBuild>
    </statBases>
  </ThingDef>

  <ThingDef ParentName="CEC_ShipPartYTSeries">
    <defName>Ship_YT2400LightFreighter_FrontLeft</defName>
    <label>YT-2400 light freighter front left</label>
    <graphicData>
      <texPath>ShipParts6/YT2400FreighterFrontLeft</texPath>
      <drawSize>(2,5)</drawSize>
    </graphicData>
    <size>(2,5)</size>
    <costList>
      <O21_OR_Durasteel>100</O21_OR_Durasteel>
      <O21_OR_ComponentHypertech>1</O21_OR_ComponentHypertech>
    </costList>
    <statBases>
      <MaxHitPoints>2000</MaxHitPoints>
      <WorkToBuild>8000</WorkToBuild>
    </statBases>
  </ThingDef>

  <ThingDef ParentName="CEC_ShipPartYTSeries">
    <defName>Ship_YT2400LightFreighter_Side</defName>
    <label>YT-2400 light freighter side</label>
    <graphicData>
      <texPath>ShipParts6/YT2400FreighterSide</texPath>
      <drawSize>(12,3)</drawSize>
    </graphicData>
    <size>(12,3)</size>
    <costList>
      <O21_OR_Durasteel>360</O21_OR_Durasteel>
      <O21_OR_ComponentHypertech>1</O21_OR_ComponentHypertech>
    </costList>
    <statBases>
      <MaxHitPoints>7200</MaxHitPoints>
      <WorkToBuild>28800</WorkToBuild>
    </statBases>
  </ThingDef>

  <ThingDef ParentName="CEC_ShipPartYTSeries">
    <defName>Ship_YT2400LightFreighter_BackLeft</defName>
    <label>YT-2400 light freighter back left</label>
    <graphicData>
      <texPath>ShipParts6/YT2400FreighterBackLeft</texPath>
      <drawSize>(2,7)</drawSize>
    </graphicData>
    <size>(2,5)</size>
    <costList>
      <O21_OR_Durasteel>100</O21_OR_Durasteel>
      <O21_OR_ComponentHypertech>1</O21_OR_ComponentHypertech>
    </costList>
    <statBases>
      <MaxHitPoints>2000</MaxHitPoints>
      <WorkToBuild>8000</WorkToBuild>
    </statBases>
  </ThingDef>
  

  <!--YT-1760-->
  <ThingDef ParentName="CEC_ShipPartYTSeries">
    <defName>Ship_YT1760LightFreighter_Front</defName>
    <label>YT-1760 light freighter front</label>
    <graphicData>
      <texPath>ShipParts6/YT1760FreighterFront</texPath>
      <drawSize>(4,3)</drawSize>
    </graphicData>
    <size>(4,3)</size>
    <costList>
      <O21_OR_Durasteel>120</O21_OR_Durasteel>
      <O21_OR_ComponentHypertech>1</O21_OR_ComponentHypertech>
    </costList>
    <statBases>
      <MaxHitPoints>2400</MaxHitPoints>
      <WorkToBuild>9600</WorkToBuild>
    </statBases>
  </ThingDef>

  <ThingDef ParentName="CEC_ShipPartYTSeries">
    <defName>Ship_YT1760LightFreighter_FrontRight</defName>
    <label>YT-1760 light freighter front right</label>
    <graphicData>
      <texPath>ShipParts6/YT1760FreighterFrontRight</texPath>
      <drawSize>(9,5)</drawSize>
    </graphicData>
    <size>(3,3)</size>
    <costList>
      <O21_OR_Durasteel>90</O21_OR_Durasteel>
      <O21_OR_ComponentHypertech>1</O21_OR_ComponentHypertech>
    </costList>
    <statBases>
      <MaxHitPoints>1800</MaxHitPoints>
      <WorkToBuild>7200</WorkToBuild>
    </statBases>
  </ThingDef>

  <ThingDef ParentName="CEC_ShipPartYTSeries">
    <defName>Ship_YT1760LightFreighter_FrontLeft</defName>
    <label>YT-1760 light freighter front left</label>
    <graphicData>
      <texPath>ShipParts6/YT1760FreighterFrontLeft</texPath>
      <drawSize>(9,5)</drawSize>
    </graphicData>
    <size>(3,3)</size>
    <costList>
      <O21_OR_Durasteel>90</O21_OR_Durasteel>
      <O21_OR_ComponentHypertech>1</O21_OR_ComponentHypertech>
    </costList>
    <statBases>
      <MaxHitPoints>1800</MaxHitPoints>
      <WorkToBuild>7200</WorkToBuild>
    </statBases>
  </ThingDef>

  <ThingDef ParentName="CEC_ShipPartYTSeries">
    <defName>Ship_YT1760LightFreighter_Back</defName>
    <label>YT-1760 light freighter back</label>
    <graphicData>
      <texPath>ShipParts6/YT1760FreighterBack</texPath>
      <drawSize>(6,7)</drawSize>
    </graphicData>
    <size>(6,7)</size>
    <costList>
      <O21_OR_Durasteel>420</O21_OR_Durasteel>
      <O21_OR_ComponentHypertech>1</O21_OR_ComponentHypertech>
    </costList>
    <statBases>
      <MaxHitPoints>8400</MaxHitPoints>
      <WorkToBuild>33600</WorkToBuild>
    </statBases>
  </ThingDef>


  <!--YT-1930-->
  <ThingDef ParentName="CEC_ShipPartYTSeries">
    <defName>Ship_YT1930LightFreighter_BackRight</defName>
    <label>YT-1930 light freighter back right</label>
    <graphicData>
      <texPath>ShipParts6/YT1930FreighterBackRight</texPath>
      <drawSize>(10,5)</drawSize>
    </graphicData>
    <size>(3,3)</size>
    <costList>
      <O21_OR_Durasteel>90</O21_OR_Durasteel>
      <O21_OR_ComponentHypertech>1</O21_OR_ComponentHypertech>
    </costList>
    <statBases>
      <MaxHitPoints>1800</MaxHitPoints>
      <WorkToBuild>7200</WorkToBuild>
    </statBases>
    <altitudeLayer>SmallWire</altitudeLayer>
  </ThingDef>

  <ThingDef ParentName="CEC_ShipPartYTSeries">
    <defName>Ship_YT1930LightFreighter_BackLeft</defName>
    <label>YT-1930 light freighter back left</label>
    <graphicData>
      <texPath>ShipParts6/YT1930FreighterBackLeft</texPath>
      <drawSize>(10,5)</drawSize>
    </graphicData>
    <size>(3,3)</size>
    <costList>
      <O21_OR_Durasteel>90</O21_OR_Durasteel>
      <O21_OR_ComponentHypertech>1</O21_OR_ComponentHypertech>
    </costList>
    <statBases>
      <MaxHitPoints>1800</MaxHitPoints>
      <WorkToBuild>7200</WorkToBuild>
    </statBases>
    <altitudeLayer>SmallWire</altitudeLayer>
  </ThingDef>


  <!--YT-1200-->
  <ThingDef ParentName="CEC_ShipPartYTSeries">
    <defName>Ship_YT1200LightFreighter_Front</defName>
    <label>YT-1200 light freighter front</label>
    <graphicData>
      <texPath>ShipParts6/YT1200FreighterFront</texPath>
      <drawSize>(4,3)</drawSize>
    </graphicData>
    <size>(4,1)</size>
    <costList>
      <O21_OR_Durasteel>40</O21_OR_Durasteel>
      <O21_OR_ComponentHypertech>1</O21_OR_ComponentHypertech>
    </costList>
    <statBases>
      <MaxHitPoints>800</MaxHitPoints>
      <WorkToBuild>3200</WorkToBuild>
    </statBases>
  </ThingDef>

  <ThingDef ParentName="CEC_ShipPartYTSeries">
    <defName>Ship_YT1200LightFreighter_FrontRight</defName>
    <label>YT-1200 light freighter front right</label>
    <graphicData>
      <texPath>ShipParts6/YT1200FreighterFrontRight</texPath>
      <drawSize>(4,5)</drawSize>
    </graphicData>
    <size>(2,3)</size>
    <costList>
      <O21_OR_Durasteel>60</O21_OR_Durasteel>
      <O21_OR_ComponentHypertech>1</O21_OR_ComponentHypertech>
    </costList>
    <statBases>
      <MaxHitPoints>1200</MaxHitPoints>
      <WorkToBuild>4800</WorkToBuild>
    </statBases>
  </ThingDef>

  <ThingDef ParentName="CEC_ShipPartYTSeries">
    <defName>Ship_YT1200LightFreighter_FrontLeft</defName>
    <label>YT-1200 light freighter front left</label>
    <graphicData>
      <texPath>ShipParts6/YT1200FreighterFrontLeft</texPath>
      <drawSize>(3,4)</drawSize>
    </graphicData>
    <size>(2,3)</size>
    <costList>
      <O21_OR_Durasteel>60</O21_OR_Durasteel>
      <O21_OR_ComponentHypertech>1</O21_OR_ComponentHypertech>
    </costList>
    <statBases>
      <MaxHitPoints>1200</MaxHitPoints>
      <WorkToBuild>4800</WorkToBuild>
    </statBases>
  </ThingDef>

  <ThingDef ParentName="CEC_ShipPartYTSeries">
    <defName>Ship_YT1200LightFreighter_Side</defName>
    <label>YT-1200 light freighter side</label>
    <graphicData>
      <texPath>ShipParts6/YT1200FreighterSide</texPath>
      <drawSize>(6,2)</drawSize>
    </graphicData>
    <size>(4,2)</size>
    <costList>
      <O21_OR_Durasteel>80</O21_OR_Durasteel>
      <O21_OR_ComponentHypertech>1</O21_OR_ComponentHypertech>
    </costList>
    <statBases>
      <MaxHitPoints>1600</MaxHitPoints>
      <WorkToBuild>6400</WorkToBuild>
    </statBases>
  </ThingDef>


  <!--YT-1000-->
  <ThingDef ParentName="CEC_ShipPartYTSeries">
    <defName>Ship_YT1000LightFreighter_Front</defName>
    <label>YT-1000 light freighter front</label>
    <graphicData>
      <texPath>ShipParts6/YT1000FreighterFront</texPath>
      <drawSize>(3,3)</drawSize>
    </graphicData>
    <size>(3,3)</size>
    <costList>
      <O21_OR_Durasteel>90</O21_OR_Durasteel>
      <O21_OR_ComponentHypertech>1</O21_OR_ComponentHypertech>
    </costList>
    <statBases>
      <MaxHitPoints>1800</MaxHitPoints>
      <WorkToBuild>7200</WorkToBuild>
    </statBases>
  </ThingDef>

  <ThingDef ParentName="CEC_ShipPartYTSeries">
    <defName>Ship_YT1000LightFreighter_FrontRight</defName>
    <label>YT-1000 light freighter front right</label>
    <graphicData>
      <texPath>ShipParts6/YT1000FreighterFrontRight</texPath>
      <drawSize>(10,8)</drawSize>
    </graphicData>
    <size>(4,2)</size>
    <costList>
      <O21_OR_Durasteel>80</O21_OR_Durasteel>
      <O21_OR_ComponentHypertech>1</O21_OR_ComponentHypertech>
    </costList>
    <statBases>
      <MaxHitPoints>1600</MaxHitPoints>
      <WorkToBuild>6400</WorkToBuild>
    </statBases>
  </ThingDef>

  <ThingDef ParentName="CEC_ShipPartYTSeries">
    <defName>Ship_YT1000LightFreighter_FrontLeft</defName>
    <label>YT-1000 light freighter front left</label>
    <graphicData>
      <texPath>ShipParts6/YT1000FreighterFrontLeft</texPath>
      <drawSize>(10,8)</drawSize>
    </graphicData>
    <size>(4,2)</size>
    <costList>
      <O21_OR_Durasteel>80</O21_OR_Durasteel>
      <O21_OR_ComponentHypertech>1</O21_OR_ComponentHypertech>
    </costList>
    <statBases>
      <MaxHitPoints>1600</MaxHitPoints>
      <WorkToBuild>6400</WorkToBuild>
    </statBases>
  </ThingDef>


  <!--YT-1300-->
  <ThingDef ParentName="CEC_ShipPartYTSeries">
    <defName>Ship_YT1300LightFreighter_FrontA</defName>
    <label>YT-1300 light freighter front A</label>
    <graphicData>
      <texPath>ShipParts6/YT1300FreighterFrontA</texPath>
      <drawSize>(2,3)</drawSize>
    </graphicData>
    <size>(2,1)</size>
    <costList>
      <O21_OR_Durasteel>20</O21_OR_Durasteel>
      <O21_OR_ComponentHypertech>1</O21_OR_ComponentHypertech>
    </costList>
    <statBases>
      <MaxHitPoints>400</MaxHitPoints>
      <WorkToBuild>1600</WorkToBuild>
    </statBases>
  </ThingDef>

  <ThingDef ParentName="CEC_ShipPartYTSeries">
    <defName>Ship_YT1300LightFreighter_FrontB</defName>
    <label>YT-1300 light freighter front B</label>
    <graphicData>
      <texPath>ShipParts6/YT1300FreighterFrontB</texPath>
      <drawSize>(2,3)</drawSize>
    </graphicData>
    <size>(2,1)</size>
    <costList>
      <O21_OR_Durasteel>20</O21_OR_Durasteel>
      <O21_OR_ComponentHypertech>1</O21_OR_ComponentHypertech>
    </costList>
    <statBases>
      <MaxHitPoints>400</MaxHitPoints>
      <WorkToBuild>1600</WorkToBuild>
    </statBases>
  </ThingDef>

  <ThingDef ParentName="CEC_ShipPartYTSeries">
    <defName>Ship_YT1300LightFreighter_FrontC</defName>
    <label>YT-1300 light freighter front C</label>
    <graphicData>
      <texPath>ShipParts6/YT1300FreighterFrontC</texPath>
      <drawSize>(4,5)</drawSize>
    </graphicData>
    <size>(4,3)</size>
    <costList>
      <O21_OR_Durasteel>120</O21_OR_Durasteel>
      <O21_OR_ComponentHypertech>1</O21_OR_ComponentHypertech>
    </costList>
    <statBases>
      <MaxHitPoints>2400</MaxHitPoints>
      <WorkToBuild>9600</WorkToBuild>
    </statBases>
    <altitudeLayer>LowPlant</altitudeLayer>
  </ThingDef>


  <!--YT-2000-->
  <ThingDef ParentName="CEC_ShipPartYTSeries">
    <defName>Ship_YT2000LightFreighter_Front</defName>
    <label>YT-2000 light freighter front</label>
    <graphicData>
      <texPath>ShipParts6/YT2000FreighterFront</texPath>
      <drawSize>(4,5)</drawSize>
    </graphicData>
    <size>(4,3)</size>
    <costList>
      <O21_OR_Durasteel>120</O21_OR_Durasteel>
      <O21_OR_ComponentHypertech>1</O21_OR_ComponentHypertech>
    </costList>
    <statBases>
      <MaxHitPoints>2400</MaxHitPoints>
      <WorkToBuild>9600</WorkToBuild>
    </statBases>
  </ThingDef>

  <ThingDef ParentName="CEC_ShipPartYTSeries">
    <defName>Ship_YT2000LightFreighter_FrontRight</defName>
    <label>YT-2000 light freighter front right</label>
    <graphicData>
      <texPath>ShipParts6/YT2000FreighterFrontRight</texPath>
      <drawSize>(10,8)</drawSize>
    </graphicData>
    <size>(4,2)</size>
    <costList>
      <O21_OR_Durasteel>80</O21_OR_Durasteel>
      <O21_OR_ComponentHypertech>1</O21_OR_ComponentHypertech>
    </costList>
    <statBases>
      <MaxHitPoints>1600</MaxHitPoints>
      <WorkToBuild>6400</WorkToBuild>
    </statBases>
    <altitudeLayer>SmallWire</altitudeLayer>
  </ThingDef>

  <ThingDef ParentName="CEC_ShipPartYTSeries">
    <defName>Ship_YT2000LightFreighter_FrontLeft</defName>
    <label>YT-2000 light freighter front left</label>
    <graphicData>
      <texPath>ShipParts6/YT2000FreighterFrontLeft</texPath>
      <drawSize>(10,8)</drawSize>
    </graphicData>
    <size>(4,2)</size>
    <costList>
      <O21_OR_Durasteel>80</O21_OR_Durasteel>
      <O21_OR_ComponentHypertech>1</O21_OR_ComponentHypertech>
    </costList>
    <statBases>
      <MaxHitPoints>1600</MaxHitPoints>
      <WorkToBuild>6400</WorkToBuild>
    </statBases>
    <altitudeLayer>SmallWire</altitudeLayer>
  </ThingDef>


  <!--YT-Series-->
  <ThingDef ParentName="CEC_ShipPartYTSeries">
    <defName>Ship_YTSeriesLightFreighter_ExtensionRight</defName>
    <label>YT-series light freighter extension right</label>
    <graphicData>
      <texPath>ShipParts6/YTSeriesFreighterExtensionRight</texPath>
      <drawSize>(7,4)</drawSize>
    </graphicData>
    <size>(2,2)</size>
    <costList>
      <O21_OR_Durasteel>40</O21_OR_Durasteel>
      <O21_OR_ComponentHypertech>1</O21_OR_ComponentHypertech>
    </costList>
    <statBases>
      <MaxHitPoints>800</MaxHitPoints>
      <WorkToBuild>3200</WorkToBuild>
    </statBases>
    <altitudeLayer>LowPlant</altitudeLayer>
  </ThingDef>

  <ThingDef ParentName="CEC_ShipPartYTSeries">
    <defName>Ship_YTSeriesLightFreighter_ExtensionLeft</defName>
    <label>YT-series light freighter extension left</label>
    <graphicData>
      <texPath>ShipParts6/YTSeriesFreighterExtensionLeft</texPath>
      <drawSize>(7,4)</drawSize>
    </graphicData>
    <size>(2,2)</size>
    <costList>
      <O21_OR_Durasteel>40</O21_OR_Durasteel>
      <O21_OR_ComponentHypertech>1</O21_OR_ComponentHypertech>
    </costList>
    <statBases>
      <MaxHitPoints>800</MaxHitPoints>
      <WorkToBuild>3200</WorkToBuild>
    </statBases>
    <altitudeLayer>LowPlant</altitudeLayer>
  </ThingDef>

  <ThingDef ParentName="CEC_ShipPartYTSeries">
    <defName>Ship_YTSeriesLightFreighter_FrontRight</defName>
    <label>YT-series light freighter front right</label>
    <graphicData>
      <texPath>ShipParts6/YTSeriesFreighterFrontRight</texPath>
      <drawSize>(10,8)</drawSize>
    </graphicData>
    <size>(4,2)</size>
    <costList>
      <O21_OR_Durasteel>80</O21_OR_Durasteel>
      <O21_OR_ComponentHypertech>1</O21_OR_ComponentHypertech>
    </costList>
    <statBases>
      <MaxHitPoints>1600</MaxHitPoints>
      <WorkToBuild>6400</WorkToBuild>
    </statBases>
  </ThingDef>

  <ThingDef ParentName="CEC_ShipPartYTSeries">
    <defName>Ship_YTSeriesLightFreighter_FrontLeft</defName>
    <label>YT-series light freighter front left</label>
    <graphicData>
      <texPath>ShipParts6/YTSeriesFreighterFrontLeft</texPath>
      <drawSize>(10,8)</drawSize>
    </graphicData>
    <size>(4,2)</size>
    <costList>
      <O21_OR_Durasteel>80</O21_OR_Durasteel>
      <O21_OR_ComponentHypertech>1</O21_OR_ComponentHypertech>
    </costList>
    <statBases>
      <MaxHitPoints>1600</MaxHitPoints>
      <WorkToBuild>6400</WorkToBuild>
    </statBases>
  </ThingDef>

  <ThingDef ParentName="CEC_ShipPartYTSeries">
    <defName>Ship_YTSeriesLightFreighter_MainRight</defName>
    <label>YT-series light freighter main right</label>
    <graphicData>
      <texPath>ShipParts6/YTSeriesFreighterMainRight</texPath>
      <drawSize>(13,6)</drawSize>
    </graphicData>
    <size>(9,2)</size>
    <costList>
      <O21_OR_Durasteel>180</O21_OR_Durasteel>
      <O21_OR_ComponentHypertech>1</O21_OR_ComponentHypertech>
    </costList>
    <statBases>
      <MaxHitPoints>3600</MaxHitPoints>
      <WorkToBuild>14400</WorkToBuild>
    </statBases>
    <altitudeLayer>Zone</altitudeLayer>
  </ThingDef>

  <ThingDef ParentName="CEC_ShipPartYTSeries">
    <defName>Ship_YTSeriesLightFreighter_MainLeft</defName>
    <label>YT-series light freighter main left</label>
    <graphicData>
      <texPath>ShipParts6/YTSeriesFreighterMainLeft</texPath>
      <drawSize>(13,6)</drawSize>
    </graphicData>
    <size>(9,2)</size>
    <costList>
      <O21_OR_Durasteel>180</O21_OR_Durasteel>
      <O21_OR_ComponentHypertech>1</O21_OR_ComponentHypertech>
    </costList>
    <statBases>
      <MaxHitPoints>3600</MaxHitPoints>
      <WorkToBuild>14400</WorkToBuild>
    </statBases>
    <altitudeLayer>Zone</altitudeLayer>
  </ThingDef>
  

  <!--Engine 3 Thrust-->
	<ThingDef ParentName="CEC_ShipEngineBase" Name="CEC_ShipPartYTSeries3_Engine"   Abstract="True">
    <designatorDropdown>CEC_YT_Dropdown</designatorDropdown>
    <researchPrerequisites>
      <li>CEC_CEC_Freighters_Parts</li>
    </researchPrerequisites>
		<costList>
      <O21_OR_Durasteel>300</O21_OR_Durasteel>
      <O21_OR_ComponentHypertech>3</O21_OR_ComponentHypertech>
    </costList>
    <statBases>
      <MaxHitPoints>3000</MaxHitPoints>
      <WorkToBuild>22000</WorkToBuild>
    </statBases>
		<comps>
			<li Class="CompProperties_Refuelable">
				<fuelCapacity>1500.0</fuelCapacity>
				<targetFuelLevelConfigurable>true</targetFuelLevelConfigurable>
				<fuelFilter>
					<thingDefs>
						<li>Chemfuel</li>
					</thingDefs>
				</fuelFilter>
				<consumeFuelOnlyWhenUsed>true</consumeFuelOnlyWhenUsed>
				<autoRefuelPercent>1</autoRefuelPercent>
				<showFuelGizmo>false</showFuelGizmo>
				<drawOutOfFuelOverlay>false</drawOutOfFuelOverlay>
				<drawFuelGaugeInMap>false</drawFuelGaugeInMap>
				<showAllowAutoRefuelToggle>true</showAllowAutoRefuelToggle>
			</li>
			<li Class="CompProperties_EngineTrail">
				<thrust>3</thrust>
			</li>
		</comps>
	</ThingDef>

  <ThingDef ParentName="CEC_ShipPartYTSeries3_Engine">
    <defName>Ship_YT1930LightFreighter_Engine</defName>
    <label>YT-1930 light freighter engine</label>
    <graphicData>
      <texPath>ShipParts6/YT1930FreighterEngine</texPath>
      <drawSize>(7,6)</drawSize>
    </graphicData>
    <size>(5,3)</size>
  </ThingDef>

  <ThingDef ParentName="CEC_ShipPartYTSeries3_Engine">
    <defName>Ship_YT1000LightFreighter_Engine</defName>
    <label>YT-1000 light freighter engine</label>
    <graphicData>
      <texPath>ShipParts6/YT1000FreighterEngine</texPath>
      <drawSize>(13,5)</drawSize>
    </graphicData>
    <size>(9,3)</size>
  </ThingDef>

  <ThingDef ParentName="CEC_ShipPartYTSeries3_Engine">
    <defName>Ship_YT1300LightFreighter_EngineB</defName>
    <label>YT-1300 light freighter engine B</label>
    <graphicData>
      <texPath>ShipParts6/YT1300FreighterEngineB</texPath>
      <drawSize>(9,3)</drawSize>
    </graphicData>
    <size>(9,3)</size>
    <altitudeLayer>Filth</altitudeLayer>
  </ThingDef>

  <ThingDef ParentName="CEC_ShipPartYTSeries3_Engine">
    <defName>Ship_YT1300LightFreighter_EngineC</defName>
    <label>YT-1300 light freighter engine C</label>
    <graphicData>
      <texPath>ShipParts6/YT1300FreighterEngineC</texPath>
      <drawSize>(13,11)</drawSize>
    </graphicData>
    <size>(9,3)</size>
  </ThingDef>

  <ThingDef ParentName="CEC_ShipPartYTSeries3_Engine">
    <defName>Ship_YT1210LightFreighter_Engine</defName>
    <label>YT-1210 light freighter engine</label>
    <graphicData>
      <texPath>ShipParts6/YT1210FreighterEngine</texPath>
      <drawSize>(13,5)</drawSize>
    </graphicData>
    <size>(9,3)</size>
  </ThingDef>

  <ThingDef ParentName="CEC_ShipPartYTSeries3_Engine">
    <defName>Ship_YT1300LightFreighter_EngineA</defName>
    <label>YT-1300 light freighter engine A</label>
    <graphicData>
      <texPath>ShipParts6/YT1300FreighterEngineA</texPath>
      <drawSize>(13,5)</drawSize>
    </graphicData>
    <size>(9,3)</size>
  </ThingDef>

  <ThingDef ParentName="CEC_ShipPartYTSeries3_Engine">
    <defName>Ship_YT2000LightFreighter_Engine</defName>
    <label>YT-2000 light freighter engine</label>
    <graphicData>
      <texPath>ShipParts6/YT2000FreighterEngine</texPath>
      <drawSize>(13,5)</drawSize>
    </graphicData>
    <size>(9,3)</size>
  </ThingDef>

  <ThingDef ParentName="CEC_ShipPartYTSeries3_Engine">
    <defName>Ship_YT2400LightFreighter_Engine</defName>
    <label>YT-2400 light freighter engine</label>
    <graphicData>
      <texPath>ShipParts6/YT2400FreighterEngine</texPath>
      <drawSize>(13,5)</drawSize>
    </graphicData>
    <size>(9,3)</size>
  </ThingDef>


  <!--Engine 2 Thrust-->
  <ThingDef ParentName="CEC_ShipEngineBase" Name="CEC_ShipPartYTSeries2_Engine"   Abstract="True">
    <designatorDropdown>CEC_YT_Dropdown</designatorDropdown>
    <researchPrerequisites>
      <li>CEC_CEC_Freighters_Parts</li>
    </researchPrerequisites>
    <costList>
      <O21_OR_Durasteel>200</O21_OR_Durasteel>
      <O21_OR_ComponentHypertech>3</O21_OR_ComponentHypertech>
    </costList>
    <statBases>
      <MaxHitPoints>2000</MaxHitPoints>
      <WorkToBuild>22000</WorkToBuild>
    </statBases>
    <comps>
      <li Class="CompProperties_Refuelable">
        <fuelCapacity>1000.0</fuelCapacity>
        <targetFuelLevelConfigurable>true</targetFuelLevelConfigurable>
        <fuelFilter>
          <thingDefs>
            <li>Chemfuel</li>
          </thingDefs>
        </fuelFilter>
        <consumeFuelOnlyWhenUsed>true</consumeFuelOnlyWhenUsed>
        <autoRefuelPercent>1</autoRefuelPercent>
        <showFuelGizmo>false</showFuelGizmo>
        <drawOutOfFuelOverlay>false</drawOutOfFuelOverlay>
        <drawFuelGaugeInMap>false</drawFuelGaugeInMap>
        <showAllowAutoRefuelToggle>true</showAllowAutoRefuelToggle>
      </li>
      <li Class="CompProperties_EngineTrail">
        <thrust>2</thrust>
      </li>
    </comps>
  </ThingDef>

  <ThingDef ParentName="CEC_ShipPartYTSeries2_Engine">
    <defName>Ship_YT1760LightFreighter_EngineRight</defName>
    <label>YT-1760 light freighter engine right</label>
    <graphicData>
      <texPath>ShipParts6/YT1760FreighterEngineRight</texPath>
      <drawSize>(5,15)</drawSize>
    </graphicData>
    <size>(3,3)</size>
    <altitudeLayer>SmallWire</altitudeLayer>
  </ThingDef>

  <ThingDef ParentName="CEC_ShipPartYTSeries2_Engine">
    <defName>Ship_YT1760LightFreighter_EngineLeft</defName>
    <label>YT-1760 light freighter engine left</label>
    <graphicData>
      <texPath>ShipParts6/YT1760FreighterEngineLeft</texPath>
      <drawSize>(5,15)</drawSize>
    </graphicData>
    <size>(3,3)</size>
    <altitudeLayer>SmallWire</altitudeLayer>
  </ThingDef>

  <ThingDef ParentName="CEC_ShipPartYTSeries2_Engine">
    <defName>Ship_YT1200LightFreighter_Engine</defName>
    <label>YT-1200 light freighter engine</label>
    <graphicData>
      <texPath>ShipParts6/YT1200FreighterEngine</texPath>
      <drawSize>(13,5)</drawSize>
    </graphicData>
    <size>(9,3)</size>
  </ThingDef>
  
  
</Defs>