<?xml version="1.0" encoding="utf-8" ?>
<Defs>

  <ThingDef ParentName="CEC_ShipPartBase" Name="CEC_ShipPartTroopCarrier"  Abstract="True">
    <designatorDropdown>CEC_CR20TC_Dropdown</designatorDropdown>
    <researchPrerequisites>
      <li>CEC_CEC_CloneWars_Parts</li>
    </researchPrerequisites>
  </ThingDef>

  <ThingDef ParentName="CEC_ShipPartTroopCarrier">
    <defName>Ship_CR20TroopCarrier_Front</defName>
    <label>CR20 troop carrier front</label>
    <graphicData>
      <texPath>ShipParts/CR20TroopCarrierFront</texPath>
      <drawSize>(2,5)</drawSize>
    </graphicData>
    <size>(2,5)</size>
    <costList>
      <O21_OR_Durasteel>100</O21_OR_Durasteel>
      <O21_OR_ComponentHypertech>1</O21_OR_ComponentHypertech>
    </costList>
    <statBases>
      <MaxHitPoints>2000</MaxHitPoints>
      <WorkToBuild>8000</WorkToBuild>
    </statBases>
  </ThingDef>

  <ThingDef ParentName="CEC_ShipPartTroopCarrier">
    <defName>Ship_CR20TroopCarrier_FrontLeft</defName>
    <label>CR20 troop carrier left</label>
    <graphicData>
      <texPath>ShipParts/CR20TroopCarrierFrontLeft</texPath>
      <drawSize>(19,2)</drawSize>
    </graphicData>
    <size>(19,2)</size>
    <costList>
      <O21_OR_Durasteel>380</O21_OR_Durasteel>
      <O21_OR_ComponentHypertech>1</O21_OR_ComponentHypertech>
    </costList>
    <statBases>
      <MaxHitPoints>7600</MaxHitPoints>
      <WorkToBuild>30400</WorkToBuild>
    </statBases>
  </ThingDef>

  <ThingDef ParentName="CEC_ShipPartTroopCarrier">
    <defName>Ship_CR20TroopCarrier_FrontRight</defName>
    <label>CR20 troop carrier right</label>
    <graphicData>
      <texPath>ShipParts/CR20TroopCarrierFrontRight</texPath>
      <drawSize>(19,2)</drawSize>
    </graphicData>
    <size>(19,2)</size>
    <costList>
      <O21_OR_Durasteel>380</O21_OR_Durasteel>
      <O21_OR_ComponentHypertech>1</O21_OR_ComponentHypertech>
    </costList>
    <statBases>
      <MaxHitPoints>7600</MaxHitPoints>
      <WorkToBuild>30400</WorkToBuild>
    </statBases>
  </ThingDef>

  <ThingDef ParentName="CEC_ShipPartTroopCarrier">
    <defName>Ship_CR20TroopCarrier_BackLeft</defName>
    <label>CR20 troop carrier back left</label>
    <graphicData>
      <texPath>ShipParts/CR20TroopCarrierBackLeft</texPath>
      <drawSize>(5,6)</drawSize>
    </graphicData>
    <size>(5,6)</size>
    <costList>
      <O21_OR_Durasteel>300</O21_OR_Durasteel>
      <O21_OR_ComponentHypertech>1</O21_OR_ComponentHypertech>
    </costList>
    <statBases>
      <MaxHitPoints>6000</MaxHitPoints>
      <WorkToBuild>24000</WorkToBuild>
    </statBases>
  </ThingDef>

  <ThingDef ParentName="CEC_ShipPartTroopCarrier">
    <defName>Ship_CR20TroopCarrier_BackRight</defName>
    <label>CR20 troop carrier back right</label>
    <graphicData>
      <texPath>ShipParts/CR20TroopCarrierBackRight</texPath>
      <drawSize>(5,6)</drawSize>
    </graphicData>
    <size>(5,6)</size>
    <costList>
      <O21_OR_Durasteel>300</O21_OR_Durasteel>
      <O21_OR_ComponentHypertech>1</O21_OR_ComponentHypertech>
    </costList>
    <statBases>
      <MaxHitPoints>6000</MaxHitPoints>
      <WorkToBuild>24000</WorkToBuild>
    </statBases>
  </ThingDef>

  <ThingDef ParentName="CEC_ShipPartTroopCarrier">
    <defName>Ship_CR20TroopCarrier_EngineConnector</defName>
    <label>CR20 troop carrier engine connector</label>
    <graphicData>
      <texPath>ShipParts/CR20TroopCarrierConnection</texPath>
      <drawSize>(5,3)</drawSize>
    </graphicData>
    <size>(5,1)</size>
    <costList>
      <O21_OR_Durasteel>50</O21_OR_Durasteel>
      <O21_OR_ComponentHypertech>1</O21_OR_ComponentHypertech>
    </costList>
    <statBases>
      <MaxHitPoints>1000</MaxHitPoints>
      <WorkToBuild>4000</WorkToBuild>
    </statBases>
  </ThingDef>

  <ThingDef ParentName="CEC_ShipPartTroopCarrier">
    <defName>Ship_CR20TroopCarrier_EngineBlock</defName>
    <label>CR20 troop carrier engine block</label>
    <graphicData>
      <texPath>ShipParts/CR20TroopCarrierEngineBlock</texPath>
      <drawSize>(4,5)</drawSize>
    </graphicData>
    <size>(4,5)</size>
    <costList>
      <O21_OR_Durasteel>200</O21_OR_Durasteel>
      <O21_OR_ComponentHypertech>1</O21_OR_ComponentHypertech>
    </costList>
    <statBases>
      <MaxHitPoints>4000</MaxHitPoints>
      <WorkToBuild>16000</WorkToBuild>
    </statBases>
    <altitudeLayer>Zone</altitudeLayer>
  </ThingDef>

  <!--Engine-->
  <ThingDef ParentName="CEC_ShipEngineBase">
    <defName>Ship_CCR20TroopCarrier_Engine</defName>
    <label>CR20 troop carrier engine</label>
    <description>...</description>
    <graphicData>
      <texPath>ShipParts/CR20TroopCarrierEngine</texPath>
      <drawSize>(5,3)</drawSize>
    </graphicData>
    <size>(5,3)</size>
    <designatorDropdown>CEC_CR20TC_Dropdown</designatorDropdown>
    <researchPrerequisites>
      <li>CEC_CEC_CloneWars_Parts</li>
    </researchPrerequisites>
    <costList>
      <O21_OR_Durasteel>100</O21_OR_Durasteel>
      <O21_OR_ComponentHypertech>1</O21_OR_ComponentHypertech>
    </costList>
    <statBases>
      <MaxHitPoints>1000</MaxHitPoints>
      <WorkToBuild>22000</WorkToBuild>
    </statBases>
    <comps>
      <li Class="CompProperties_Refuelable">
        <fuelCapacity>500.0</fuelCapacity>
        <targetFuelLevelConfigurable>true</targetFuelLevelConfigurable>
        <fuelFilter>
          <thingDefs>
            <li>Chemfuel</li>
          </thingDefs>
        </fuelFilter>
        <consumeFuelOnlyWhenUsed>true</consumeFuelOnlyWhenUsed>
        <autoRefuelPercent>1</autoRefuelPercent>
        <showFuelGizmo>false</showFuelGizmo>
        <drawOutOfFuelOverlay>false</drawOutOfFuelOverlay>
        <drawFuelGaugeInMap>false</drawFuelGaugeInMap>
        <showAllowAutoRefuelToggle>true</showAllowAutoRefuelToggle>
      </li>
      <li Class="CompProperties_EngineTrail">
        <thrust>1</thrust>
      </li>
    </comps>
  </ThingDef>
  
</Defs>