<?xml version="1.0" encoding="utf-8" ?>
<Defs>

  <ThingDef ParentName="CEC_ShipPartBase" Name="CEC_ShipPartLancer"  Abstract="True">
    <designatorDropdown>CEC_LCF_Dropdown</designatorDropdown>
    <researchPrerequisites>
      <li>CEC_KDY_EarlyEmpire_Parts</li>
    </researchPrerequisites>
  </ThingDef>

  <ThingDef ParentName="CEC_ShipPartLancer">
    <defName>Ship_LancerClassFrigate_Front</defName>
    <label>lancer-class frigate front</label>
    <graphicData>
      <texPath>ShipParts4/LancerClassFrigateFront</texPath>
      <drawSize>(2,9)</drawSize>
    </graphicData>
    <size>(2,9)</size>
    <costList>
      <O21_OR_Durasteel>180</O21_OR_Durasteel>
      <O21_OR_ComponentHypertech>1</O21_OR_ComponentHypertech>
    </costList>
    <statBases>
      <MaxHitPoints>3600</MaxHitPoints>
      <WorkToBuild>14400</WorkToBuild>
    </statBases>
  </ThingDef>

  <ThingDef ParentName="CEC_ShipPartLancer">
    <defName>Ship_LancerClassFrigate_FrontRightA</defName>
    <label>lancer-class frigate front right 1</label>
    <graphicData>
      <texPath>ShipParts4/LancerClassFrigateFrontRight1</texPath>
      <drawSize>(6,2)</drawSize>
    </graphicData>
    <size>(6,2)</size>
    <costList>
      <O21_OR_Durasteel>120</O21_OR_Durasteel>
      <O21_OR_ComponentHypertech>1</O21_OR_ComponentHypertech>
    </costList>
    <statBases>
      <MaxHitPoints>2400</MaxHitPoints>
      <WorkToBuild>9600</WorkToBuild>
    </statBases>
  </ThingDef>

  <ThingDef ParentName="CEC_ShipPartLancer">
    <defName>Ship_LancerClassFrigate_FrontRightB</defName>
    <label>lancer-class frigate front right 2</label>
    <graphicData>
      <texPath>ShipParts4/LancerClassFrigateFrontRight2</texPath>
      <drawSize>(31,2)</drawSize>
    </graphicData>
    <size>(31,2)</size>
    <costList>
      <O21_OR_Durasteel>620</O21_OR_Durasteel>
      <O21_OR_ComponentHypertech>1</O21_OR_ComponentHypertech>
    </costList>
    <statBases>
      <MaxHitPoints>12400</MaxHitPoints>
      <WorkToBuild>49600</WorkToBuild>
    </statBases>
    <altitudeLayer>Zone</altitudeLayer>
  </ThingDef>

  <ThingDef ParentName="CEC_ShipPartLancer">
    <defName>Ship_LancerClassFrigate_FrontLeftA</defName>
    <label>lancer-class frigate front left 1</label>
    <graphicData>
      <texPath>ShipParts4/LancerClassFrigateFrontLeft1</texPath>
      <drawSize>(6,2)</drawSize>
    </graphicData>
    <size>(6,2)</size>
    <costList>
      <O21_OR_Durasteel>450</O21_OR_Durasteel>
      <O21_OR_ComponentHypertech>1</O21_OR_ComponentHypertech>
    </costList>
    <statBases>
      <MaxHitPoints>9000</MaxHitPoints>
      <WorkToBuild>36000</WorkToBuild>
    </statBases>
  </ThingDef>

  <ThingDef ParentName="CEC_ShipPartLancer">
    <defName>Ship_LancerClassFrigate_FrontLeftB</defName>
    <label>lancer-class frigate front left 2</label>
    <graphicData>
      <texPath>ShipParts4/LancerClassFrigateFrontLeft2</texPath>
      <drawSize>(31,2)</drawSize>
    </graphicData>
    <size>(31,2)</size>
    <costList>
      <O21_OR_Durasteel>620</O21_OR_Durasteel>
      <O21_OR_ComponentHypertech>1</O21_OR_ComponentHypertech>
    </costList>
    <statBases>
      <MaxHitPoints>12400</MaxHitPoints>
      <WorkToBuild>49600</WorkToBuild>
    </statBases>
    <altitudeLayer>Zone</altitudeLayer>
  </ThingDef>

  <ThingDef ParentName="CEC_ShipPartLancer">
    <defName>Ship_LancerClassFrigate_SideRightA</defName>
    <label>lancer-class frigate side right 1</label>
    <graphicData>
      <texPath>ShipParts4/LancerClassFrigateSideRight1</texPath>
      <drawSize>(15,3)</drawSize>
    </graphicData>
    <size>(15,3)</size>
    <costList>
      <O21_OR_Durasteel>450</O21_OR_Durasteel>
      <O21_OR_ComponentHypertech>1</O21_OR_ComponentHypertech>
    </costList>
    <statBases>
      <MaxHitPoints>9000</MaxHitPoints>
      <WorkToBuild>36000</WorkToBuild>
    </statBases>
    <altitudeLayer>Zone</altitudeLayer>
  </ThingDef>

  <ThingDef ParentName="CEC_ShipPartLancer">
    <defName>Ship_LancerClassFrigate_SideRightB</defName>
    <label>lancer-class frigate side right 2</label>
    <graphicData>
      <texPath>ShipParts4/LancerClassFrigateSideRight2</texPath>
      <drawSize>(15,3)</drawSize>
    </graphicData>
    <size>(15,3)</size>
    <costList>
      <O21_OR_Durasteel>450</O21_OR_Durasteel>
      <O21_OR_ComponentHypertech>1</O21_OR_ComponentHypertech>
    </costList>
    <statBases>
      <MaxHitPoints>9000</MaxHitPoints>
      <WorkToBuild>36000</WorkToBuild>
    </statBases>
    <altitudeLayer>Zone</altitudeLayer>
  </ThingDef>

  <ThingDef ParentName="CEC_ShipPartLancer">
    <defName>Ship_LancerClassFrigate_SideRightC</defName>
    <label>lancer-class frigate side right 3</label>
    <graphicData>
      <texPath>ShipParts4/LancerClassFrigateSideRight3</texPath>
      <drawSize>(8,4)</drawSize>
    </graphicData>
    <size>(8,4)</size>
    <costList>
      <O21_OR_Durasteel>10</O21_OR_Durasteel>
      <O21_OR_ComponentHypertech>1</O21_OR_ComponentHypertech>
    </costList>
    <statBases>
      <MaxHitPoints>200</MaxHitPoints>
      <WorkToBuild>800</WorkToBuild>
    </statBases>
    <altitudeLayer>Zone</altitudeLayer>
  </ThingDef>

  <ThingDef ParentName="CEC_ShipPartLancer">
    <defName>Ship_LancerClassFrigate_SideLeftA</defName>
    <label>lancer-class frigate side left 1</label>
    <graphicData>
      <texPath>ShipParts4/LancerClassFrigateSideLeft1</texPath>
      <drawSize>(15,3)</drawSize>
    </graphicData>
    <size>(15,3)</size>
    <costList>
      <O21_OR_Durasteel>450</O21_OR_Durasteel>
      <O21_OR_ComponentHypertech>1</O21_OR_ComponentHypertech>
    </costList>
    <statBases>
      <MaxHitPoints>9000</MaxHitPoints>
      <WorkToBuild>36000</WorkToBuild>
    </statBases>
    <altitudeLayer>Zone</altitudeLayer>
  </ThingDef>

  <ThingDef ParentName="CEC_ShipPartLancer">
    <defName>Ship_LancerClassFrigate_SideLeftB</defName>
    <label>lancer-class frigate side left 2</label>
    <graphicData>
      <texPath>ShipParts4/LancerClassFrigateSideLeft2</texPath>
      <drawSize>(15,3)</drawSize>
    </graphicData>
    <size>(15,3)</size>
    <costList>
      <O21_OR_Durasteel>450</O21_OR_Durasteel>
      <O21_OR_ComponentHypertech>1</O21_OR_ComponentHypertech>
    </costList>
    <statBases>
      <MaxHitPoints>9000</MaxHitPoints>
      <WorkToBuild>36000</WorkToBuild>
    </statBases>
    <altitudeLayer>Zone</altitudeLayer>
  </ThingDef>

  <ThingDef ParentName="CEC_ShipPartLancer">
    <defName>Ship_LancerClassFrigate_SideLeftC</defName>
    <label>lancer-class frigate side left 3</label>
    <graphicData>
      <texPath>ShipParts4/LancerClassFrigateSideLeft3</texPath>
      <drawSize>(8,4)</drawSize>
    </graphicData>
    <size>(8,4)</size>
    <costList>
      <O21_OR_Durasteel>320</O21_OR_Durasteel>
      <O21_OR_ComponentHypertech>1</O21_OR_ComponentHypertech>
    </costList>
    <statBases>
      <MaxHitPoints>6400</MaxHitPoints>
      <WorkToBuild>25600</WorkToBuild>
    </statBases>
    <altitudeLayer>Zone</altitudeLayer>
  </ThingDef>

  <ThingDef ParentName="CEC_ShipPartLancer">
    <defName>Ship_LancerClassFrigate_Back</defName>
    <label>lancer-class frigate back</label>
    <graphicData>
      <texPath>ShipParts4/LancerClassFrigateBack</texPath>
      <drawSize>(14,9)</drawSize>
    </graphicData>
    <size>(14,9)</size>
    <costList>
      <O21_OR_Durasteel>1260</O21_OR_Durasteel>
      <O21_OR_ComponentHypertech>1</O21_OR_ComponentHypertech>
    </costList>
    <statBases>
      <MaxHitPoints>25200</MaxHitPoints>
      <WorkToBuild>100800</WorkToBuild>
    </statBases>
  </ThingDef>

  <ThingDef ParentName="CEC_ShipPartLancer">
    <defName>Ship_LancerClassFrigate_BackRight</defName>
    <label>lancer-class frigate back right</label>
    <graphicData>
      <texPath>ShipParts4/LancerClassFrigateBackRight</texPath>
      <drawSize>(14,5)</drawSize>
    </graphicData>
    <size>(14,5)</size>
    <costList>
      <O21_OR_Durasteel>700</O21_OR_Durasteel>
      <O21_OR_ComponentHypertech>1</O21_OR_ComponentHypertech>
    </costList>
    <statBases>
      <MaxHitPoints>14000</MaxHitPoints>
      <WorkToBuild>56000</WorkToBuild>
    </statBases>
    <altitudeLayer>Zone</altitudeLayer>
  </ThingDef>

  <ThingDef ParentName="CEC_ShipPartLancer">
    <defName>Ship_LancerClassFrigate_BackLeft</defName>
    <label>lancer-class frigate back left</label>
    <graphicData>
      <texPath>ShipParts4/LancerClassFrigateBackLeft</texPath>
      <drawSize>(14,5)</drawSize>
    </graphicData>
    <size>(14,5)</size>
    <costList>
      <O21_OR_Durasteel>700</O21_OR_Durasteel>
      <O21_OR_ComponentHypertech>1</O21_OR_ComponentHypertech>
    </costList>
    <statBases>
      <MaxHitPoints>14000</MaxHitPoints>
      <WorkToBuild>56000</WorkToBuild>
    </statBases>
    <altitudeLayer>Zone</altitudeLayer>
  </ThingDef>

  <ThingDef ParentName="CEC_ShipPartLancer">
    <defName>Ship_LancerClassFrigate_EngineBlock</defName>
    <label>lancer-class frigate engine block</label>
    <graphicData>
      <texPath>ShipParts4/LancerClassFrigateEngineBlock</texPath>
      <drawSize>(8,19)</drawSize>
    </graphicData>
    <size>(8,19)</size>
    <costList>
      <O21_OR_Durasteel>1520</O21_OR_Durasteel>
      <O21_OR_ComponentHypertech>1</O21_OR_ComponentHypertech>
    </costList>
    <statBases>
      <MaxHitPoints>30400</MaxHitPoints>
      <WorkToBuild>121600</WorkToBuild>
    </statBases>
  </ThingDef>

  <!--Engine-->
  <ThingDef ParentName="CEC_ShipEngineBase">
    <defName>Ship_LancerClassFrigate_Engine</defName>
    <label>lancer-class frigate engine</label>
    <graphicData>
      <texPath>ShipParts4/LancerClassFrigateEngine</texPath>
      <drawSize>(16,3)</drawSize>
    </graphicData>
    <size>(13,3)</size>
    <description>...</description>
    <designatorDropdown>CEC_LCF_Dropdown</designatorDropdown>
    <researchPrerequisites>
      <li>CEC_KDY_EarlyEmpire_Parts</li>
    </researchPrerequisites>
    <costList>
      <O21_OR_Durasteel>400</O21_OR_Durasteel>
      <O21_OR_ComponentHypertech>3</O21_OR_ComponentHypertech>
    </costList>
    <statBases>
      <MaxHitPoints>4000</MaxHitPoints>
      <WorkToBuild>22000</WorkToBuild>
    </statBases>
    <comps>
      <li Class="CompProperties_Refuelable">
        <fuelCapacity>2000.0</fuelCapacity>
        <targetFuelLevelConfigurable>true</targetFuelLevelConfigurable>
        <fuelFilter>
          <thingDefs>
            <li>Chemfuel</li>
          </thingDefs>
        </fuelFilter>
        <consumeFuelOnlyWhenUsed>true</consumeFuelOnlyWhenUsed>
        <autoRefuelPercent>1</autoRefuelPercent>
        <showFuelGizmo>false</showFuelGizmo>
        <drawOutOfFuelOverlay>false</drawOutOfFuelOverlay>
        <drawFuelGaugeInMap>false</drawFuelGaugeInMap>
        <showAllowAutoRefuelToggle>true</showAllowAutoRefuelToggle>
      </li>
      <li Class="CompProperties_EngineTrail">
        <thrust>4</thrust>
      </li>
    </comps>
  </ThingDef>
  
</Defs>