<?xml version="1.0" encoding="utf-8" ?>
<Defs>

  <ThingDef ParentName="CEC_ShipPartBase" Name="CEC_ShipPartGladiator"  Abstract="True">
    <designatorDropdown>CEC_GCSD_Dropdown</designatorDropdown>
    <researchPrerequisites>
      <li>CEC_KDY_Empire_Parts</li>
    </researchPrerequisites>
  </ThingDef>

  <ThingDef ParentName="CEC_ShipPartGladiator">
    <defName>Ship_GladiatorClassStarDestroyer_FrontRightA</defName>
    <label>gladiator-class star destroyer front right 1</label>
    <graphicData>
      <texPath>ShipParts3/GladiatorCLassStarDestroyerFrontRight1</texPath>
      <drawSize>(23,19)</drawSize>
    </graphicData>
    <size>(23,17)</size>
    <costList>
      <O21_OR_Durasteel>3910</O21_OR_Durasteel>
      <O21_OR_ComponentHypertech>1</O21_OR_ComponentHypertech>
    </costList>
    <statBases>
      <MaxHitPoints>78200</MaxHitPoints>
      <WorkToBuild>312800</WorkToBuild>
    </statBases>
  </ThingDef>

  <ThingDef ParentName="CEC_ShipPartGladiator">
    <defName>Ship_GladiatorClassStarDestroyer_FrontRightB</defName>
    <label>gladiator-class star destroyer front right 2</label>
    <graphicData>
      <texPath>ShipParts3/GladiatorCLassStarDestroyerFrontRight2</texPath>
      <drawSize>(19,8)</drawSize>
    </graphicData>
    <size>(19,6)</size>
    <costList>
      <O21_OR_Durasteel>760</O21_OR_Durasteel>
      <O21_OR_ComponentHypertech>1</O21_OR_ComponentHypertech>
    </costList>
    <statBases>
      <MaxHitPoints>15200</MaxHitPoints>
      <WorkToBuild>60800</WorkToBuild>
    </statBases>
  </ThingDef>

  <ThingDef ParentName="CEC_ShipPartGladiator">
    <defName>Ship_GladiatorClassStarDestroyer_FrontRightC</defName>
    <label>gladiator-class star destroyer front right 3</label>
    <graphicData>
      <texPath>ShipParts3/GladiatorCLassStarDestroyerFrontRight3</texPath>
      <drawSize>(14,5)</drawSize>
    </graphicData>
    <size>(14,5)</size>
    <costList>
      <O21_OR_Durasteel>700</O21_OR_Durasteel>
      <O21_OR_ComponentHypertech>1</O21_OR_ComponentHypertech>
    </costList>
    <statBases>
      <MaxHitPoints>14000</MaxHitPoints>
      <WorkToBuild>56000</WorkToBuild>
    </statBases>
  </ThingDef>

  <ThingDef ParentName="CEC_ShipPartGladiator">
    <defName>Ship_GladiatorClassStarDestroyer_FrontLeftA</defName>
    <label>gladiator-class star destroyer front left 1</label>
    <graphicData>
      <texPath>ShipParts3/GladiatorCLassStarDestroyerFrontLeft1</texPath>
      <drawSize>(23,19)</drawSize>
    </graphicData>
    <size>(23,17)</size>
    <costList>
      <O21_OR_Durasteel>3910</O21_OR_Durasteel>
      <O21_OR_ComponentHypertech>1</O21_OR_ComponentHypertech>
    </costList>
    <statBases>
      <MaxHitPoints>78200</MaxHitPoints>
      <WorkToBuild>312800</WorkToBuild>
    </statBases>
  </ThingDef>

  <ThingDef ParentName="CEC_ShipPartGladiator">
    <defName>Ship_GladiatorClassStarDestroyer_FrontLeftB</defName>
    <label>gladiator-class star destroyer front left 2</label>
    <graphicData>
      <texPath>ShipParts3/GladiatorCLassStarDestroyerFrontLeft2</texPath>
      <drawSize>(19,8)</drawSize>
    </graphicData>
    <size>(19,6)</size>
    <costList>
      <O21_OR_Durasteel>760</O21_OR_Durasteel>
      <O21_OR_ComponentHypertech>1</O21_OR_ComponentHypertech>
    </costList>
    <statBases>
      <MaxHitPoints>15200</MaxHitPoints>
      <WorkToBuild>60800</WorkToBuild>
    </statBases>
  </ThingDef>

  <ThingDef ParentName="CEC_ShipPartGladiator">
    <defName>Ship_GladiatorClassStarDestroyer_FrontLeftC</defName>
    <label>gladiator-class star destroyer front left 3</label>
    <graphicData>
      <texPath>ShipParts3/GladiatorCLassStarDestroyerFrontLeft3</texPath>
      <drawSize>(14,5)</drawSize>
    </graphicData>
    <size>(14,5)</size>
    <costList>
      <O21_OR_Durasteel>700</O21_OR_Durasteel>
      <O21_OR_ComponentHypertech>1</O21_OR_ComponentHypertech>
    </costList>
    <statBases>
      <MaxHitPoints>14000</MaxHitPoints>
      <WorkToBuild>56000</WorkToBuild>
    </statBases>
  </ThingDef>

  <ThingDef ParentName="CEC_ShipPartGladiator">
    <defName>Ship_GladiatorClassStarDestroyer_SideRightA</defName>
    <label>gladiator-class star destroyer side right 1</label>
    <graphicData>
      <texPath>ShipParts3/GladiatorCLassStarDestroyerSideRight1</texPath>
      <drawSize>(25,10)</drawSize>
    </graphicData>
    <size>(25,8)</size>
    <costList>
      <O21_OR_Durasteel>2000</O21_OR_Durasteel>
      <O21_OR_ComponentHypertech>1</O21_OR_ComponentHypertech>
    </costList>
    <statBases>
      <MaxHitPoints>400000</MaxHitPoints>
      <WorkToBuild>1600000</WorkToBuild>
    </statBases>
  </ThingDef>

  <ThingDef ParentName="CEC_ShipPartGladiator">
    <defName>Ship_GladiatorClassStarDestroyer_SideRightB</defName>
    <label>gladiator-class star destroyer side right 2</label>
    <graphicData>
      <texPath>ShipParts3/GladiatorCLassStarDestroyerSideRight2</texPath>
      <drawSize>(29,8)</drawSize>
    </graphicData>
    <size>(29,8)</size>
    <costList>
      <O21_OR_Durasteel>2320</O21_OR_Durasteel>
      <O21_OR_ComponentHypertech>1</O21_OR_ComponentHypertech>
    </costList>
    <statBases>
      <MaxHitPoints>464000</MaxHitPoints>
      <WorkToBuild>1856000</WorkToBuild>
    </statBases>
  </ThingDef>

  <ThingDef ParentName="CEC_ShipPartGladiator">
    <defName>Ship_GladiatorClassStarDestroyer_SideLeftA</defName>
    <label>gladiator-class star destroyer side left 1</label>
    <graphicData>
      <texPath>ShipParts3/GladiatorCLassStarDestroyerSideLeft1</texPath>
      <drawSize>(25,10)</drawSize>
    </graphicData>
    <size>(25,8)</size>
    <costList>
      <O21_OR_Durasteel>2000</O21_OR_Durasteel>
      <O21_OR_ComponentHypertech>1</O21_OR_ComponentHypertech>
    </costList>
    <statBases>
      <MaxHitPoints>400000</MaxHitPoints>
      <WorkToBuild>1600000</WorkToBuild>
    </statBases>
  </ThingDef>

  <ThingDef ParentName="CEC_ShipPartGladiator">
    <defName>Ship_GladiatorClassStarDestroyer_SideLeftB</defName>
    <label>gladiator-class star destroyer side left 2</label>
    <graphicData>
      <texPath>ShipParts3/GladiatorCLassStarDestroyerSideLeft2</texPath>
      <drawSize>(29,8)</drawSize>
    </graphicData>
    <size>(29,8)</size>
    <costList>
      <O21_OR_Durasteel>2320</O21_OR_Durasteel>
      <O21_OR_ComponentHypertech>1</O21_OR_ComponentHypertech>
    </costList>
    <statBases>
      <MaxHitPoints>464000</MaxHitPoints>
      <WorkToBuild>1856000</WorkToBuild>
    </statBases>
  </ThingDef>

  <ThingDef ParentName="CEC_ShipPartGladiator">
    <defName>Ship_GladiatorClassStarDestroyer_BackRightA</defName>
    <label>gladiator-class star destroyer back right 1</label>
    <graphicData>
      <texPath>ShipParts3/GladiatorCLassStarDestroyerBackRight1</texPath>
      <drawSize>(7,26)</drawSize>
    </graphicData>
    <size>(5,26)</size>
    <costList>
      <O21_OR_Durasteel>1300</O21_OR_Durasteel>
      <O21_OR_ComponentHypertech>1</O21_OR_ComponentHypertech>
    </costList>
    <statBases>
      <MaxHitPoints>26000</MaxHitPoints>
      <WorkToBuild>104000</WorkToBuild>
    </statBases>
  </ThingDef>

  <ThingDef ParentName="CEC_ShipPartGladiator">
    <defName>Ship_GladiatorClassStarDestroyer_BackRightB</defName>
    <label>gladiator-class star destroyer back right 2</label>
    <graphicData>
      <texPath>ShipParts3/GladiatorCLassStarDestroyerBackRight2</texPath>
      <drawSize>(9,9)</drawSize>
    </graphicData>
    <size>(9,9)</size>
    <costList>
      <O21_OR_Durasteel>810</O21_OR_Durasteel>
      <O21_OR_ComponentHypertech>1</O21_OR_ComponentHypertech>
    </costList>
    <statBases>
      <MaxHitPoints>16200</MaxHitPoints>
      <WorkToBuild>64800</WorkToBuild>
    </statBases>
  </ThingDef>

  <ThingDef ParentName="CEC_ShipPartGladiator">
    <defName>Ship_GladiatorClassStarDestroyer_BackLeftA</defName>
    <label>gladiator-class star destroyer back left 1</label>
    <graphicData>
      <texPath>ShipParts3/GladiatorCLassStarDestroyerBackLeft1</texPath>
      <drawSize>(7,26)</drawSize>
    </graphicData>
    <size>(5,26)</size>
    <costList>
      <O21_OR_Durasteel>1300</O21_OR_Durasteel>
      <O21_OR_ComponentHypertech>1</O21_OR_ComponentHypertech>
    </costList>
    <statBases>
      <MaxHitPoints>26000</MaxHitPoints>
      <WorkToBuild>104000</WorkToBuild>
    </statBases>
  </ThingDef>

  <ThingDef ParentName="CEC_ShipPartGladiator">
    <defName>Ship_GladiatorClassStarDestroyer_BackLeftB</defName>
    <label>gladiator-class star destroyer back left 2</label>
    <graphicData>
      <texPath>ShipParts3/GladiatorCLassStarDestroyerBackLeft2</texPath>
      <drawSize>(9,9)</drawSize>
    </graphicData>
    <size>(9,9)</size>
    <costList>
      <O21_OR_Durasteel>810</O21_OR_Durasteel>
      <O21_OR_ComponentHypertech>1</O21_OR_ComponentHypertech>
    </costList>
    <statBases>
      <MaxHitPoints>16200</MaxHitPoints>
      <WorkToBuild>64800</WorkToBuild>
    </statBases>
  </ThingDef>

  <ThingDef ParentName="CEC_ShipPartGladiator">
    <defName>Ship_GladiatorClassStarDestroyer_Back</defName>
    <label>gladiator-class star destroyer back</label>
    <graphicData>
      <texPath>ShipParts3/GladiatorCLassStarDestroyerBack</texPath>
      <drawSize>(4,13)</drawSize>
    </graphicData>
    <size>(4,13)</size>
    <costList>
      <O21_OR_Durasteel>520</O21_OR_Durasteel>
      <O21_OR_ComponentHypertech>1</O21_OR_ComponentHypertech>
    </costList>
    <statBases>
      <MaxHitPoints>10400</MaxHitPoints>
      <WorkToBuild>41600</WorkToBuild>
    </statBases>
  </ThingDef>

  <ThingDef ParentName="CEC_ShipPartGladiator">
    <defName>Ship_GladiatorClassStarDestroyer_Top</defName>
    <label>gladiator-class star destroyer top</label>
    <graphicData>
      <texPath>ShipParts3/GladiatorCLassStarDestroyerTop</texPath>
      <drawSize>(54,21)</drawSize>
    </graphicData>
    <size>(4,9)</size>
    <costList>
      <O21_OR_Durasteel>360</O21_OR_Durasteel>
      <O21_OR_ComponentHypertech>1</O21_OR_ComponentHypertech>
    </costList>
    <statBases>
      <MaxHitPoints>7200</MaxHitPoints>
      <WorkToBuild>28800</WorkToBuild>
    </statBases>
    <altitudeLayer>WorldClipper</altitudeLayer>
  </ThingDef>

  <!--Engine-->
  <ThingDef ParentName="CEC_ShipEngineBase" Name="CEC_ShipPartGladiator_Engine"   Abstract="True">
    <description>...</description>
    <designatorDropdown>CEC_GCSD_Dropdown</designatorDropdown>
    <researchPrerequisites>
      <li>CEC_KDY_Empire_Parts</li>
    </researchPrerequisites>
    <costList>
      <O21_OR_Durasteel>500</O21_OR_Durasteel>
      <O21_OR_ComponentHypertech>3</O21_OR_ComponentHypertech>
    </costList>
    <statBases>
      <MaxHitPoints>5000</MaxHitPoints>
      <WorkToBuild>22000</WorkToBuild>
    </statBases>
    <comps>
      <li Class="CompProperties_Refuelable">
        <fuelCapacity>2500.0</fuelCapacity>
        <targetFuelLevelConfigurable>true</targetFuelLevelConfigurable>
        <fuelFilter>
          <thingDefs>
            <li>Chemfuel</li>
          </thingDefs>
        </fuelFilter>
        <consumeFuelOnlyWhenUsed>true</consumeFuelOnlyWhenUsed>
        <autoRefuelPercent>1</autoRefuelPercent>
        <showFuelGizmo>false</showFuelGizmo>
        <drawOutOfFuelOverlay>false</drawOutOfFuelOverlay>
        <drawFuelGaugeInMap>false</drawFuelGaugeInMap>
        <showAllowAutoRefuelToggle>true</showAllowAutoRefuelToggle>
      </li>
      <li Class="CompProperties_EngineTrail">
        <thrust>5</thrust>
      </li>
    </comps>
  </ThingDef>

  <ThingDef ParentName="CEC_ShipPartGladiator_Engine">
    <defName>Ship_GladiatorClassStarDestroyer_EngineR</defName>
    <label>gladiator-class star destroyer engine right</label>
    <graphicData>
      <texPath>ShipParts3/GladiatorCLassStarDestroyerEngineRight</texPath>
      <drawSize>(7,3)</drawSize>
    </graphicData>
    <size>(7,3)</size>
  </ThingDef>

  <ThingDef ParentName="CEC_ShipPartGladiator_Engine">
    <defName>Ship_GladiatorClassStarDestroyer_EngineL</defName>
    <label>gladiator-class star destroyer engine left</label>
    <graphicData>
      <texPath>ShipParts3/GladiatorCLassStarDestroyerEngineLeft</texPath>
      <drawSize>(7,3)</drawSize>
    </graphicData>
    <size>(7,3)</size>
  </ThingDef>
  
</Defs>