<?xml version="1.0" encoding="utf-8" ?>
<Defs>

  <ThingDef ParentName="CEC_ShipPartBase" Name="CEC_ShipPartLucrehulk"  Abstract="True">
    <designatorDropdown>CEC_LCC_Dropdown</designatorDropdown>
    <researchPrerequisites>
      <li>CEC_HoerschKessel_Parts</li>
    </researchPrerequisites>
  </ThingDef>

  <ThingDef ParentName="CEC_ShipPartLucrehulk">
    <defName>Ship_LucrehulkClassCarrier_RingRightA</defName>
    <label>lurehulk-class carrier ring right 1</label>
    <graphicData>
      <texPath>ShipParts5/LucrehulkClassCarrierRingRight1</texPath>
      <drawSize>(5,11)</drawSize>
    </graphicData>
    <size>(5,11)</size>
    <costList>
      <O21_OR_Durasteel>550</O21_OR_Durasteel>
      <O21_OR_ComponentHypertech>1</O21_OR_ComponentHypertech>
    </costList>
    <statBases>
      <MaxHitPoints>11000</MaxHitPoints>
      <WorkToBuild>44000</WorkToBuild>
    </statBases>
  </ThingDef>

  <ThingDef ParentName="CEC_ShipPartLucrehulk">
    <defName>Ship_LucrehulkClassCarrier_RingRightB</defName>
    <label>lurehulk-class carrier ring right 2</label>
    <graphicData>
      <texPath>ShipParts5/LucrehulkClassCarrierRingRight2</texPath>
      <drawSize>(17,20)</drawSize>
    </graphicData>
    <size>(17,20)</size>
    <costList>
      <O21_OR_Durasteel>3400</O21_OR_Durasteel>
      <O21_OR_ComponentHypertech>1</O21_OR_ComponentHypertech>
    </costList>
    <statBases>
      <MaxHitPoints>68000</MaxHitPoints>
      <WorkToBuild>272000</WorkToBuild>
    </statBases>
  </ThingDef>

  <ThingDef ParentName="CEC_ShipPartLucrehulk">
    <defName>Ship_LucrehulkClassCarrier_RingRightC</defName>
    <label>lurehulk-class carrier ring right 3</label>
    <graphicData>
      <texPath>ShipParts5/LucrehulkClassCarrierRingRight3</texPath>
      <drawSize>(33,9)</drawSize>
    </graphicData>
    <size>(33,9)</size>
    <costList>
      <O21_OR_Durasteel>2970</O21_OR_Durasteel>
      <O21_OR_ComponentHypertech>1</O21_OR_ComponentHypertech>
    </costList>
    <statBases>
      <MaxHitPoints>59400</MaxHitPoints>
      <WorkToBuild>237600</WorkToBuild>
    </statBases>
  </ThingDef>

  <ThingDef ParentName="CEC_ShipPartLucrehulk">
    <defName>Ship_LucrehulkClassCarrier_RingRightE</defName>
    <label>lurehulk-class carrier ring right 4</label>
    <graphicData>
      <texPath>ShipParts5/LucrehulkClassCarrierRingRight5</texPath>
      <drawSize>(9,17)</drawSize>
    </graphicData>
    <size>(9,17)</size>
    <costList>
      <O21_OR_Durasteel>1530</O21_OR_Durasteel>
      <O21_OR_ComponentHypertech>1</O21_OR_ComponentHypertech>
    </costList>
    <statBases>
      <MaxHitPoints>30600</MaxHitPoints>
      <WorkToBuild>122400</WorkToBuild>
    </statBases>
  </ThingDef>

  <ThingDef ParentName="CEC_ShipPartLucrehulk">
    <defName>Ship_LucrehulkClassCarrier_RingRightF</defName>
    <label>lurehulk-class carrier ring right 5</label>
    <graphicData>
      <texPath>ShipParts5/LucrehulkClassCarrierRingRight6</texPath>
      <drawSize>(5,11)</drawSize>
    </graphicData>
    <size>(5,11)</size>
    <costList>
      <O21_OR_Durasteel>550</O21_OR_Durasteel>
      <O21_OR_ComponentHypertech>1</O21_OR_ComponentHypertech>
    </costList>
    <statBases>
      <MaxHitPoints>11000</MaxHitPoints>
      <WorkToBuild>44000</WorkToBuild>
    </statBases>
  </ThingDef>

  <ThingDef ParentName="CEC_ShipPartLucrehulk">
    <defName>Ship_LucrehulkClassCarrier_RingRightG</defName>
    <label>lurehulk-class carrier ring right 6</label>
    <graphicData>
      <texPath>ShipParts5/LucrehulkClassCarrierRingRight7</texPath>
      <drawSize>(12,15)</drawSize>
    </graphicData>
    <size>(12,13)</size>
    <costList>
      <O21_OR_Durasteel>1560</O21_OR_Durasteel>
      <O21_OR_ComponentHypertech>1</O21_OR_ComponentHypertech>
    </costList>
    <statBases>
      <MaxHitPoints>31200</MaxHitPoints>
      <WorkToBuild>124800</WorkToBuild>
    </statBases>
  </ThingDef>

  <ThingDef ParentName="CEC_ShipPartLucrehulk">
    <defName>Ship_LucrehulkClassCarrier_RingLeftA</defName>
    <label>lurehulk-class carrier ring left 1</label>
    <graphicData>
      <texPath>ShipParts5/LucrehulkClassCarrierRingLeft1</texPath>
      <drawSize>(5,11)</drawSize>
    </graphicData>
    <size>(5,11)</size>
    <costList>
      <O21_OR_Durasteel>550</O21_OR_Durasteel>
      <O21_OR_ComponentHypertech>1</O21_OR_ComponentHypertech>
    </costList>
    <statBases>
      <MaxHitPoints>11000</MaxHitPoints>
      <WorkToBuild>44000</WorkToBuild>
    </statBases>
  </ThingDef>

  <ThingDef ParentName="CEC_ShipPartLucrehulk">
    <defName>Ship_LucrehulkClassCarrier_RingLeftB</defName>
    <label>lurehulk-class carrier ring left 2</label>
    <graphicData>
      <texPath>ShipParts5/LucrehulkClassCarrierRingLeft2</texPath>
      <drawSize>(17,20)</drawSize>
    </graphicData>
    <size>(17,20)</size>
    <costList>
      <O21_OR_Durasteel>3400</O21_OR_Durasteel>
      <O21_OR_ComponentHypertech>1</O21_OR_ComponentHypertech>
    </costList>
    <statBases>
      <MaxHitPoints>68000</MaxHitPoints>
      <WorkToBuild>272000</WorkToBuild>
    </statBases>
  </ThingDef>

  <ThingDef ParentName="CEC_ShipPartLucrehulk">
    <defName>Ship_LucrehulkClassCarrier_RingLeftC</defName>
    <label>lurehulk-class carrier ring left 3</label>
    <graphicData>
      <texPath>ShipParts5/LucrehulkClassCarrierRingLeft3</texPath>
      <drawSize>(33,9)</drawSize>
    </graphicData>
    <size>(33,9)</size>
    <costList>
      <O21_OR_Durasteel>2970</O21_OR_Durasteel>
      <O21_OR_ComponentHypertech>1</O21_OR_ComponentHypertech>
    </costList>
    <statBases>
      <MaxHitPoints>59400</MaxHitPoints>
      <WorkToBuild>237600</WorkToBuild>
    </statBases>
  </ThingDef>

  <ThingDef ParentName="CEC_ShipPartLucrehulk">
    <defName>Ship_LucrehulkClassCarrier_RingLeftE</defName>
    <label>lurehulk-class carrier ring left 4</label>
    <graphicData>
      <texPath>ShipParts5/LucrehulkClassCarrierRingLeft5</texPath>
      <drawSize>(9,17)</drawSize>
    </graphicData>
    <size>(9,17)</size>
    <costList>
      <O21_OR_Durasteel>1530</O21_OR_Durasteel>
      <O21_OR_ComponentHypertech>1</O21_OR_ComponentHypertech>
    </costList>
    <statBases>
      <MaxHitPoints>30600</MaxHitPoints>
      <WorkToBuild>122400</WorkToBuild>
    </statBases>
  </ThingDef>

  <ThingDef ParentName="CEC_ShipPartLucrehulk">
    <defName>Ship_LucrehulkClassCarrier_RingLeftF</defName>
    <label>lurehulk-class carrier ring left 5</label>
    <graphicData>
      <texPath>ShipParts5/LucrehulkClassCarrierRingLeft6</texPath>
      <drawSize>(5,11)</drawSize>
    </graphicData>
    <size>(5,11)</size>
    <costList>
      <O21_OR_Durasteel>550</O21_OR_Durasteel>
      <O21_OR_ComponentHypertech>1</O21_OR_ComponentHypertech>
    </costList>
    <statBases>
      <MaxHitPoints>11000</MaxHitPoints>
      <WorkToBuild>44000</WorkToBuild>
    </statBases>
  </ThingDef>

  <ThingDef ParentName="CEC_ShipPartLucrehulk">
    <defName>Ship_LucrehulkClassCarrier_RingLeftG</defName>
    <label>lurehulk-class carrier ring left 6</label>
    <graphicData>
      <texPath>ShipParts5/LucrehulkClassCarrierRingLeft7</texPath>
      <drawSize>(12,15)</drawSize>
    </graphicData>
    <size>(12,13)</size>
    <costList>
      <O21_OR_Durasteel>1560</O21_OR_Durasteel>
      <O21_OR_ComponentHypertech>1</O21_OR_ComponentHypertech>
    </costList>
    <statBases>
      <MaxHitPoints>31200</MaxHitPoints>
      <WorkToBuild>124800</WorkToBuild>
    </statBases>
  </ThingDef>

  <ThingDef ParentName="CEC_ShipPartLucrehulk">
    <defName>Ship_LucrehulkClassCarrier_RingA</defName>
    <label>lurehulk-class carrier ring 1 (right/left)</label>
    <graphicData>
      <texPath>ShipParts5/LucrehulkClassCarrierRing1</texPath>
      <drawSize>(14,12)</drawSize>
    </graphicData>
    <size>(14,12)</size>
    <costList>
      <O21_OR_Durasteel>1680</O21_OR_Durasteel>
      <O21_OR_ComponentHypertech>1</O21_OR_ComponentHypertech>
    </costList>
    <statBases>
      <MaxHitPoints>33600</MaxHitPoints>
      <WorkToBuild>134400</WorkToBuild>
    </statBases>
  </ThingDef>

  <ThingDef ParentName="CEC_ShipPartLucrehulk">
    <defName>Ship_LucrehulkClassCarrier_RingB</defName>
    <label>lurehulk-class carrier ring 2 (right/left)</label>
    <graphicData>
      <texPath>ShipParts5/LucrehulkClassCarrierRing2</texPath>
      <drawSize>(40,10)</drawSize>
    </graphicData>
    <size>(40,10)</size>
    <costList>
      <O21_OR_Durasteel>4000</O21_OR_Durasteel>
      <O21_OR_ComponentHypertech>1</O21_OR_ComponentHypertech>
    </costList>
    <statBases>
      <MaxHitPoints>80000</MaxHitPoints>
      <WorkToBuild>320000</WorkToBuild>
    </statBases>
  </ThingDef>

  <ThingDef ParentName="CEC_ShipPartLucrehulk">
    <defName>Ship_LucrehulkClassCarrier_RingC</defName>
    <label>lurehulk-class carrier ring 3 (right/left)</label>
    <graphicData>
      <texPath>ShipParts5/LucrehulkClassCarrierRing3</texPath>
      <drawSize>(14,12)</drawSize>
    </graphicData>
    <size>(14,12)</size>
    <costList>
      <O21_OR_Durasteel>1680</O21_OR_Durasteel>
      <O21_OR_ComponentHypertech>1</O21_OR_ComponentHypertech>
    </costList>
    <statBases>
      <MaxHitPoints>33600</MaxHitPoints>
      <WorkToBuild>134400</WorkToBuild>
    </statBases>
  </ThingDef>

  <ThingDef ParentName="CEC_ShipPartLucrehulk">
    <defName>Ship_LucrehulkClassCarrier_RingD</defName>
    <label>lurehulk-class carrier ring 4 (right/left)</label>
    <graphicData>
      <texPath>ShipParts5/LucrehulkClassCarrierRing4</texPath>
      <drawSize>(10,15)</drawSize>
    </graphicData>
    <size>(10,13)</size>
    <costList>
      <O21_OR_Durasteel>1300</O21_OR_Durasteel>
      <O21_OR_ComponentHypertech>1</O21_OR_ComponentHypertech>
    </costList>
    <statBases>
      <MaxHitPoints>26000</MaxHitPoints>
      <WorkToBuild>104000</WorkToBuild>
    </statBases>
  </ThingDef>

  <ThingDef ParentName="CEC_ShipPartLucrehulk">
    <defName>Ship_LucrehulkClassCarrier_RingE</defName>
    <label>lurehulk-class carrier ring 5 (right/left)</label>
    <graphicData>
      <texPath>ShipParts5/LucrehulkClassCarrierRing5</texPath>
      <drawSize>(11,10)</drawSize>
    </graphicData>
    <size>(11,10)</size>
    <costList>
      <O21_OR_Durasteel>1100</O21_OR_Durasteel>
      <O21_OR_ComponentHypertech>1</O21_OR_ComponentHypertech>
    </costList>
    <statBases>
      <MaxHitPoints>22000</MaxHitPoints>
      <WorkToBuild>88000</WorkToBuild>
    </statBases>
  </ThingDef>

  <ThingDef ParentName="CEC_ShipPartLucrehulk">
    <defName>Ship_LucrehulkClassCarrier_RingF</defName>
    <label>lurehulk-class carrier ring 6 (right/left)</label>
    <graphicData>
      <texPath>ShipParts5/LucrehulkClassCarrierRing6</texPath>
      <drawSize>(17,10)</drawSize>
    </graphicData>
    <size>(17,10)</size>
    <costList>
      <O21_OR_Durasteel>1700</O21_OR_Durasteel>
      <O21_OR_ComponentHypertech>1</O21_OR_ComponentHypertech>
    </costList>
    <statBases>
      <MaxHitPoints>34000</MaxHitPoints>
      <WorkToBuild>136000</WorkToBuild>
    </statBases>
  </ThingDef>

  <ThingDef ParentName="CEC_ShipPartLucrehulk">
    <defName>Ship_LucrehulkClassCarrier_RingG</defName>
    <label>lurehulk-class carrier ring 7 (right/left)</label>
    <graphicData>
      <texPath>ShipParts5/LucrehulkClassCarrierRing7</texPath>
      <drawSize>(42,5)</drawSize>
    </graphicData>
    <size>(42,5)</size>
    <costList>
      <O21_OR_Durasteel>2100</O21_OR_Durasteel>
      <O21_OR_ComponentHypertech>1</O21_OR_ComponentHypertech>
    </costList>
    <statBases>
      <MaxHitPoints>42000</MaxHitPoints>
      <WorkToBuild>168000</WorkToBuild>
    </statBases>
  </ThingDef>

  <ThingDef ParentName="CEC_ShipPartLucrehulk">
    <defName>Ship_LucrehulkClassCarrier_RingH</defName>
    <label>lurehulk-class carrier ring 8 (right/left)</label>
    <graphicData>
      <texPath>ShipParts5/LucrehulkClassCarrierRing8</texPath>
      <drawSize>(17,10)</drawSize>
    </graphicData>
    <size>(17,10)</size>
    <costList>
      <O21_OR_Durasteel>1700</O21_OR_Durasteel>
      <O21_OR_ComponentHypertech>1</O21_OR_ComponentHypertech>
    </costList>
    <statBases>
      <MaxHitPoints>34000</MaxHitPoints>
      <WorkToBuild>136000</WorkToBuild>
    </statBases>
  </ThingDef>

  <ThingDef ParentName="CEC_ShipPartLucrehulk">
    <defName>Ship_LucrehulkClassCarrier_RingI</defName>
    <label>lurehulk-class carrier ring 9 (right/left)</label>
    <graphicData>
      <texPath>ShipParts5/LucrehulkClassCarrierRing9</texPath>
      <drawSize>(11,10)</drawSize>
    </graphicData>
    <size>(11,10)</size>
    <costList>
      <O21_OR_Durasteel>1100</O21_OR_Durasteel>
      <O21_OR_ComponentHypertech>1</O21_OR_ComponentHypertech>
    </costList>
    <statBases>
      <MaxHitPoints>22000</MaxHitPoints>
      <WorkToBuild>88000</WorkToBuild>
    </statBases>
  </ThingDef>

  <ThingDef ParentName="CEC_ShipPartLucrehulk">
    <defName>Ship_LucrehulkClassCarrier_RingJ</defName>
    <label>lurehulk-class carrier ring 10 (right/left)</label>
    <graphicData>
      <texPath>ShipParts5/LucrehulkClassCarrierRing10</texPath>
      <drawSize>(10,15)</drawSize>
    </graphicData>
    <size>(10,13)</size>
    <costList>
      <O21_OR_Durasteel>1300</O21_OR_Durasteel>
      <O21_OR_ComponentHypertech>1</O21_OR_ComponentHypertech>
    </costList>
    <statBases>
      <MaxHitPoints>26000</MaxHitPoints>
      <WorkToBuild>104000</WorkToBuild>
    </statBases>
  </ThingDef>

  <ThingDef ParentName="CEC_ShipPartLucrehulk">
    <defName>Ship_LucrehulkClassCarrier_Back</defName>
    <label>lurehulk-class carrier back</label>
    <graphicData>
      <texPath>ShipParts5/LucrehulkClassCarrierBack</texPath>
      <drawSize>(5,44)</drawSize>
    </graphicData>
    <size>(5,44)</size>
    <costList>
      <O21_OR_Durasteel>2200</O21_OR_Durasteel>
      <O21_OR_ComponentHypertech>1</O21_OR_ComponentHypertech>
    </costList>
    <statBases>
      <MaxHitPoints>44000</MaxHitPoints>
      <WorkToBuild>176000</WorkToBuild>
    </statBases>
  </ThingDef>

  <ThingDef ParentName="CEC_ShipPartLucrehulk">
    <defName>Ship_LucrehulkClassCarrier_ConnectorRight</defName>
    <label>lurehulk-class carrier connector right</label>
    <graphicData>
      <texPath>ShipParts5/LucrehulkClassCarrierConnectionRight</texPath>
      <drawSize>(22,13)</drawSize>
    </graphicData>
    <size>(16,5)</size>
    <costList>
      <O21_OR_Durasteel>800</O21_OR_Durasteel>
      <O21_OR_ComponentHypertech>1</O21_OR_ComponentHypertech>
    </costList>
    <statBases>
      <MaxHitPoints>16000</MaxHitPoints>
      <WorkToBuild>64000</WorkToBuild>
    </statBases>
  </ThingDef>

  <ThingDef ParentName="CEC_ShipPartLucrehulk">
    <defName>Ship_LucrehulkClassCarrier_ConnectorLeft</defName>
    <label>lurehulk-class carrier connector left</label>
    <graphicData>
      <texPath>ShipParts5/LucrehulkClassCarrierConnectionLeft</texPath>
      <drawSize>(22,13)</drawSize>
    </graphicData>
    <size>(16,5)</size>
    <costList>
      <O21_OR_Durasteel>800</O21_OR_Durasteel>
      <O21_OR_ComponentHypertech>1</O21_OR_ComponentHypertech>
    </costList>
    <statBases>
      <MaxHitPoints>16000</MaxHitPoints>
      <WorkToBuild>64000</WorkToBuild>
    </statBases>
  </ThingDef>

  <ThingDef ParentName="CEC_ShipPartLucrehulk">
    <defName>Ship_LucrehulkClassCarrier_Core</defName>
    <label>lurehulk-class carrier core</label>
    <graphicData>
      <texPath>ShipParts5/LucrehulkClassCarrierCore</texPath>
      <drawSize>(28,10)</drawSize>
    </graphicData>
    <size>(14,4)</size>
    <costList>
      <O21_OR_Durasteel>560</O21_OR_Durasteel>
      <O21_OR_ComponentHypertech>1</O21_OR_ComponentHypertech>
    </costList>
    <statBases>
      <MaxHitPoints>11200</MaxHitPoints>
      <WorkToBuild>44800</WorkToBuild>
    </statBases>
  </ThingDef>

  <ThingDef ParentName="CEC_ShipPartLucrehulk">
    <defName>Ship_LucrehulkClassCarrier_EngineBlockA</defName>
    <label>lurehulk-class carrier engine block large</label>
    <graphicData>
      <texPath>ShipParts5/LucrehulkClassCarrierEngineBlock1</texPath>
      <drawSize>(10,14)</drawSize>
    </graphicData>
    <size>(10,8)</size>
    <costList>
      <O21_OR_Durasteel>800</O21_OR_Durasteel>
      <O21_OR_ComponentHypertech>1</O21_OR_ComponentHypertech>
    </costList>
    <statBases>
      <MaxHitPoints>16000</MaxHitPoints>
      <WorkToBuild>64000</WorkToBuild>
    </statBases>
  </ThingDef>

  <ThingDef ParentName="CEC_ShipPartLucrehulk">
    <defName>Ship_LucrehulkClassCarrier_EngineBlockB</defName>
    <label>lurehulk-class carrier engine block small</label>
    <graphicData>
      <texPath>ShipParts5/LucrehulkClassCarrierEngineBlock2</texPath>
      <drawSize>(3,5)</drawSize>
    </graphicData>
    <size>(3,3)</size>
    <costList>
      <O21_OR_Durasteel>150</O21_OR_Durasteel>
      <O21_OR_ComponentHypertech>1</O21_OR_ComponentHypertech>
    </costList>
    <statBases>
      <MaxHitPoints>3000</MaxHitPoints>
      <WorkToBuild>12000</WorkToBuild>
    </statBases>
    <altitudeLayer>Zone</altitudeLayer>
  </ThingDef>

  <!--Engine-->
  <ThingDef ParentName="CEC_ShipEngineBase" Name="CEC_ShipPartLucrehulk_Engine"   Abstract="True">
    <designatorDropdown>CEC_LCC_Dropdown</designatorDropdown>
    <researchPrerequisites>
      <li>CEC_HoerschKessel_Parts</li>
    </researchPrerequisites>
    <costList>
      <O21_OR_Durasteel>400</O21_OR_Durasteel>
      <O21_OR_ComponentHypertech>2</O21_OR_ComponentHypertech>
    </costList>
    <statBases>
      <MaxHitPoints>4000</MaxHitPoints>
      <WorkToBuild>22000</WorkToBuild>
    </statBases>
    <comps>
      <li Class="CompProperties_Refuelable">
        <fuelCapacity>2000.0</fuelCapacity>
        <targetFuelLevelConfigurable>true</targetFuelLevelConfigurable>
        <fuelFilter>
          <thingDefs>
            <li>Chemfuel</li>
          </thingDefs>
        </fuelFilter>
        <consumeFuelOnlyWhenUsed>true</consumeFuelOnlyWhenUsed>
        <autoRefuelPercent>1</autoRefuelPercent>
        <showFuelGizmo>false</showFuelGizmo>
        <drawOutOfFuelOverlay>false</drawOutOfFuelOverlay>
        <drawFuelGaugeInMap>false</drawFuelGaugeInMap>
        <showAllowAutoRefuelToggle>true</showAllowAutoRefuelToggle>
      </li>
    </comps>
  </ThingDef>

  <ThingDef ParentName="CEC_ShipPartLucrehulk_Engine">
    <defName>Ship_LucrehulkClassCarrier_EngineL</defName>
    <label>lurehulk-class carrier engine large</label>
    <graphicData>
      <texPath>ShipParts5/LucrehulkClassCarrierEngine1</texPath>
      <drawSize>(14,3)</drawSize>
    </graphicData>
    <size>(8,3)</size>
    <comps>
      <li Class="CompProperties_EngineTrail">
        <thrust>5</thrust>
      </li>
    </comps>
  </ThingDef>

  <ThingDef ParentName="CEC_ShipPartLucrehulk_Engine">
    <defName>Ship_LucrehulkClassCarrier_EngineS</defName>
    <label>lurehulk-class carrier engine small</label>
    <graphicData>
      <texPath>ShipParts5/LucrehulkClassCarrierEngine2</texPath>
      <drawSize>(5,3)</drawSize>
    </graphicData>
    <size>(3,3)</size>
    <comps>
      <li Class="CompProperties_EngineTrail">
        <thrust>3</thrust>
      </li>
    </comps>
    <altitudeLayer>Zone</altitudeLayer>
  </ThingDef>
  
</Defs>