<?xml version="1.0" encoding="utf-8" ?>
<Defs>

  <ThingDef ParentName="CEC_ShipPartBase" Name="CEC_ShipPartVictory"  Abstract="True">
    <designatorDropdown>CEC_IVCSD_Dropdown</designatorDropdown>
    <researchPrerequisites>
      <li>CEC_KDY_Victory_Parts</li>
    </researchPrerequisites>
  </ThingDef>

  <ThingDef ParentName="CEC_ShipPartVictory">
    <defName>Ship_VictoryClassStarDestroyer_Front</defName>
    <label>victory-class star destroyer front</label>
    <graphicData>
      <texPath>ShipParts3/VictoryClassStarDestroyerFront</texPath>
      <drawSize>(16,9)</drawSize>
    </graphicData>
    <size>(16,9)</size>
    <costList>
      <O21_OR_Durasteel>1440</O21_OR_Durasteel>
      <O21_OR_ComponentHypertech>1</O21_OR_ComponentHypertech>
    </costList>
    <statBases>
      <MaxHitPoints>28800</MaxHitPoints>
      <WorkToBuild>115200</WorkToBuild>
    </statBases>
  </ThingDef>
  
  <ThingDef ParentName="CEC_ShipPartVictory">
    <defName>Ship_VictoryClassStarDestroyer_FrontRightA</defName>
    <label>victory-class star destroyer front right 1</label>
    <graphicData>
      <texPath>ShipParts3/VictoryClassStarDestroyerFrontRight1</texPath>
      <drawSize>(20,7)</drawSize>
    </graphicData>
    <size>(20,7)</size>
    <costList>
      <O21_OR_Durasteel>1820</O21_OR_Durasteel>
      <O21_OR_ComponentHypertech>1</O21_OR_ComponentHypertech>
    </costList>
    <statBases>
      <MaxHitPoints>36400</MaxHitPoints>
      <WorkToBuild>145600</WorkToBuild>
    </statBases>
  </ThingDef>
  
  <ThingDef ParentName="CEC_ShipPartVictory">
    <defName>Ship_VictoryClassStarDestroyer_FrontRightB</defName>
    <label>victory-class star destroyer front right 2</label>
    <graphicData>
      <texPath>ShipParts3/VictoryClassStarDestroyerFrontRight2</texPath>
      <drawSize>(12,5)</drawSize>
    </graphicData>
    <size>(12,5)</size>
    <costList>
      <O21_OR_Durasteel>600</O21_OR_Durasteel>
      <O21_OR_ComponentHypertech>1</O21_OR_ComponentHypertech>
    </costList>
    <statBases>
      <MaxHitPoints>12000</MaxHitPoints>
      <WorkToBuild>48000</WorkToBuild>
    </statBases>
  </ThingDef>
  
  <ThingDef ParentName="CEC_ShipPartVictory">
    <defName>Ship_VictoryClassStarDestroyer_FrontRightC</defName>
    <label>victory-class star destroyer front right 3</label>
    <graphicData>
      <texPath>ShipParts3/VictoryClassStarDestroyerFrontRight3</texPath>
      <drawSize>(15,6)</drawSize>
    </graphicData>
    <size>(15,6)</size>
    <costList>
      <O21_OR_Durasteel>900</O21_OR_Durasteel>
      <O21_OR_ComponentHypertech>1</O21_OR_ComponentHypertech>
    </costList>
    <statBases>
      <MaxHitPoints>18000</MaxHitPoints>
      <WorkToBuild>72000</WorkToBuild>
    </statBases>
  </ThingDef>
  
  <ThingDef ParentName="CEC_ShipPartVictory">
    <defName>Ship_VictoryClassStarDestroyer_FrontLeftA</defName>
    <label>victory-class star destroyer front left 1</label>
    <graphicData>
      <texPath>ShipParts3/VictoryClassStarDestroyerFrontLeft1</texPath>
      <drawSize>(20,7)</drawSize>
    </graphicData>
    <size>(20,7)</size>
    <costList>
      <O21_OR_Durasteel>1820</O21_OR_Durasteel>
      <O21_OR_ComponentHypertech>1</O21_OR_ComponentHypertech>
    </costList>
    <statBases>
      <MaxHitPoints>36400</MaxHitPoints>
      <WorkToBuild>145600</WorkToBuild>
    </statBases>
  </ThingDef>
  
  <ThingDef ParentName="CEC_ShipPartVictory">
    <defName>Ship_VictoryClassStarDestroyer_FrontLeftB</defName>
    <label>victory-class star destroyer front left 2</label>
    <graphicData>
      <texPath>ShipParts3/VictoryClassStarDestroyerFrontLeft2</texPath>
      <drawSize>(12,5)</drawSize>
    </graphicData>
    <size>(12,5)</size>
    <costList>
      <O21_OR_Durasteel>600</O21_OR_Durasteel>
      <O21_OR_ComponentHypertech>1</O21_OR_ComponentHypertech>
    </costList>
    <statBases>
      <MaxHitPoints>12000</MaxHitPoints>
      <WorkToBuild>48000</WorkToBuild>
    </statBases>
  </ThingDef>
  
  <ThingDef ParentName="CEC_ShipPartVictory">
    <defName>Ship_VictoryClassStarDestroyer_FrontLeftC</defName>
    <label>victory-class star destroyer front left 3</label>
    <graphicData>
      <texPath>ShipParts3/VictoryClassStarDestroyerFrontLeft3</texPath>
      <drawSize>(15,6)</drawSize>
    </graphicData>
    <size>(15,6)</size>
    <costList>
      <O21_OR_Durasteel>900</O21_OR_Durasteel>
      <O21_OR_ComponentHypertech>1</O21_OR_ComponentHypertech>
    </costList>
    <statBases>
      <MaxHitPoints>18000</MaxHitPoints>
      <WorkToBuild>72000</WorkToBuild>
    </statBases>
  </ThingDef>
  
  <ThingDef ParentName="CEC_ShipPartVictory">
    <defName>Ship_VictoryClassStarDestroyer_SideRightA</defName>
    <label>victory-class star destroyer side right 1</label>
    <graphicData>
      <texPath>ShipParts3/VictoryClassStarDestroyerSideRight1</texPath>
      <drawSize>(18,8)</drawSize>
    </graphicData>
    <size>(18,6)</size>
    <costList>
      <O21_OR_Durasteel>1080</O21_OR_Durasteel>
      <O21_OR_ComponentHypertech>1</O21_OR_ComponentHypertech>
    </costList>
    <statBases>
      <MaxHitPoints>21600</MaxHitPoints>
      <WorkToBuild>86400</WorkToBuild>
    </statBases>
  </ThingDef>
  
  <ThingDef ParentName="CEC_ShipPartVictory">
    <defName>Ship_VictoryClassStarDestroyer_SideRightB</defName>
    <label>victory-class star destroyer side right 2</label>
    <graphicData>
      <texPath>ShipParts3/VictoryClassStarDestroyerSideRight2</texPath>
      <drawSize>(19,14)</drawSize>
    </graphicData>
    <size>(19,14)</size>
    <costList>
      <O21_OR_Durasteel>2660</O21_OR_Durasteel>
      <O21_OR_ComponentHypertech>1</O21_OR_ComponentHypertech>
    </costList>
    <statBases>
      <MaxHitPoints>53200</MaxHitPoints>
      <WorkToBuild>212800</WorkToBuild>
    </statBases>
  </ThingDef>
  
  <ThingDef ParentName="CEC_ShipPartVictory">
    <defName>Ship_VictoryClassStarDestroyer_SideRightC</defName>
    <label>victory-class star destroyer side right 3</label>
    <graphicData>
      <texPath>ShipParts3/VictoryClassStarDestroyerSideRight3</texPath>
      <drawSize>(19,14)</drawSize>
    </graphicData>
    <size>(19,14)</size>
    <costList>
      <O21_OR_Durasteel>2660</O21_OR_Durasteel>
      <O21_OR_ComponentHypertech>1</O21_OR_ComponentHypertech>
    </costList>
    <statBases>
      <MaxHitPoints>53200</MaxHitPoints>
      <WorkToBuild>212800</WorkToBuild>
    </statBases>
  </ThingDef>
  
  <ThingDef ParentName="CEC_ShipPartVictory">
    <defName>Ship_VictoryClassStarDestroyer_SideRightD</defName>
    <label>victory-class star destroyer side right 4</label>
    <graphicData>
      <texPath>ShipParts3/VictoryClassStarDestroyerSideRight4</texPath>
      <drawSize>(15,10)</drawSize>
    </graphicData>
    <size>(15,10)</size>
    <costList>
      <O21_OR_Durasteel>1500</O21_OR_Durasteel>
      <O21_OR_ComponentHypertech>1</O21_OR_ComponentHypertech>
    </costList>
    <statBases>
      <MaxHitPoints>30000</MaxHitPoints>
      <WorkToBuild>120000</WorkToBuild>
    </statBases>
  </ThingDef>
  
  <ThingDef ParentName="CEC_ShipPartVictory">
    <defName>Ship_VictoryClassStarDestroyer_SideLeftA</defName>
    <label>victory-class star destroyer side left 1</label>
    <graphicData>
      <texPath>ShipParts3/VictoryClassStarDestroyerSideLeft1</texPath>
      <drawSize>(18,8)</drawSize>
    </graphicData>
    <size>(18,6)</size>
    <costList>
      <O21_OR_Durasteel>1080</O21_OR_Durasteel>
      <O21_OR_ComponentHypertech>1</O21_OR_ComponentHypertech>
    </costList>
    <statBases>
      <MaxHitPoints>21600</MaxHitPoints>
      <WorkToBuild>86400</WorkToBuild>
    </statBases>
  </ThingDef>
  
  <ThingDef ParentName="CEC_ShipPartVictory">
    <defName>Ship_VictoryClassStarDestroyer_SideLeftB</defName>
    <label>victory-class star destroyer side left 2</label>
    <graphicData>
      <texPath>ShipParts3/VictoryClassStarDestroyerSideLeft2</texPath>
      <drawSize>(19,14)</drawSize>
    </graphicData>
    <size>(19,14)</size>
    <costList>
      <O21_OR_Durasteel>2660</O21_OR_Durasteel>
      <O21_OR_ComponentHypertech>1</O21_OR_ComponentHypertech>
    </costList>
    <statBases>
      <MaxHitPoints>53200</MaxHitPoints>
      <WorkToBuild>212800</WorkToBuild>
    </statBases>
  </ThingDef>
  
  <ThingDef ParentName="CEC_ShipPartVictory">
    <defName>Ship_VictoryClassStarDestroyer_SideLeftC</defName>
    <label>victory-class star destroyer side left 3</label>
    <graphicData>
      <texPath>ShipParts3/VictoryClassStarDestroyerSideLeft3</texPath>
      <drawSize>(19,14)</drawSize>
    </graphicData>
    <size>(19,14)</size>
    <costList>
      <O21_OR_Durasteel>2660</O21_OR_Durasteel>
      <O21_OR_ComponentHypertech>1</O21_OR_ComponentHypertech>
    </costList>
    <statBases>
      <MaxHitPoints>53200</MaxHitPoints>
      <WorkToBuild>212800</WorkToBuild>
    </statBases>
  </ThingDef>
  
  <ThingDef ParentName="CEC_ShipPartVictory">
    <defName>Ship_VictoryClassStarDestroyer_SideLeftD</defName>
    <label>victory-class star destroyer side left 4</label>
    <graphicData>
      <texPath>ShipParts3/VictoryClassStarDestroyerSideLeft4</texPath>
      <drawSize>(15,10)</drawSize>
    </graphicData>
    <size>(15,10)</size>
    <costList>
      <O21_OR_Durasteel>1500</O21_OR_Durasteel>
      <O21_OR_ComponentHypertech>1</O21_OR_ComponentHypertech>
    </costList>
    <statBases>
      <MaxHitPoints>30000</MaxHitPoints>
      <WorkToBuild>120000</WorkToBuild>
    </statBases>
  </ThingDef>
  
  <ThingDef ParentName="CEC_ShipPartVictory">
    <defName>Ship_VictoryClassStarDestroyer_BackRightA</defName>
    <label>victory-class star destroyer back right 1</label>
    <graphicData>
      <texPath>ShipParts3/VictoryClassStarDestroyerBackRight1</texPath>
      <drawSize>(6,24)</drawSize>
    </graphicData>
    <size>(4,24)</size>
    <costList>
      <O21_OR_Durasteel>960</O21_OR_Durasteel>
      <O21_OR_ComponentHypertech>1</O21_OR_ComponentHypertech>
    </costList>
    <statBases>
      <MaxHitPoints>19200</MaxHitPoints>
      <WorkToBuild>76800</WorkToBuild>
    </statBases>
  </ThingDef>
  
  <ThingDef ParentName="CEC_ShipPartVictory">
    <defName>Ship_VictoryClassStarDestroyer_BackRightB</defName>
    <label>victory-class star destroyer back right 2</label>
    <graphicData>
      <texPath>ShipParts3/VictoryClassStarDestroyerBackRight2</texPath>
      <drawSize>(11,10)</drawSize>
    </graphicData>
    <size>(3,10)</size>
    <costList>
      <O21_OR_Durasteel>300</O21_OR_Durasteel>
      <O21_OR_ComponentHypertech>1</O21_OR_ComponentHypertech>
    </costList>
    <statBases>
      <MaxHitPoints>6000</MaxHitPoints>
      <WorkToBuild>24000</WorkToBuild>
    </statBases>
  </ThingDef>
  
  <ThingDef ParentName="CEC_ShipPartVictory">
    <defName>Ship_VictoryClassStarDestroyer_BackLeftA</defName>
    <label>victory-class star destroyer back left 1</label>
    <graphicData>
      <texPath>ShipParts3/VictoryClassStarDestroyerBackLeft1</texPath>
      <drawSize>(6,24)</drawSize>
    </graphicData>
    <size>(4,24)</size>
    <costList>
      <O21_OR_Durasteel>960</O21_OR_Durasteel>
      <O21_OR_ComponentHypertech>1</O21_OR_ComponentHypertech>
    </costList>
    <statBases>
      <MaxHitPoints>19200</MaxHitPoints>
      <WorkToBuild>76800</WorkToBuild>
    </statBases>
  </ThingDef>
  
  <ThingDef ParentName="CEC_ShipPartVictory">
    <defName>Ship_VictoryClassStarDestroyer_BackLeftB</defName>
    <label>victory-class star destroyer back left 2</label>
    <graphicData>
      <texPath>ShipParts3/VictoryClassStarDestroyerBackLeft2</texPath>
      <drawSize>(11,10)</drawSize>
    </graphicData>
    <size>(3,10)</size>
    <costList>
      <O21_OR_Durasteel>300</O21_OR_Durasteel>
      <O21_OR_ComponentHypertech>1</O21_OR_ComponentHypertech>
    </costList>
    <statBases>
      <MaxHitPoints>6000</MaxHitPoints>
      <WorkToBuild>24000</WorkToBuild>
    </statBases>
  </ThingDef>
  
  <ThingDef ParentName="CEC_ShipPartVictory">
    <defName>Ship_VictoryClassStarDestroyer_Back</defName>
    <label>victory-class star destroyer back</label>
    <graphicData>
      <texPath>ShipParts3/VictoryClassStarDestroyerBack</texPath>
      <drawSize>(4,7)</drawSize>
    </graphicData>
    <size>(4,7)</size>
    <costList>
      <O21_OR_Durasteel>270</O21_OR_Durasteel>
      <O21_OR_ComponentHypertech>1</O21_OR_ComponentHypertech>
    </costList>
    <statBases>
      <MaxHitPoints>5600</MaxHitPoints>
      <WorkToBuild>22400</WorkToBuild>
    </statBases>
  </ThingDef>
  
  <ThingDef ParentName="CEC_ShipPartVictory">
    <defName>Ship_VictoryClassStarDestroyer_Top</defName>
    <label>victory-class star destroyer top</label>
    <graphicData>
      <texPath>ShipParts3/VictoryClassStarDestroyerTop</texPath>
      <drawSize>(31,21)</drawSize>
    </graphicData>
    <size>(9,7)</size>
    <costList>
      <O21_OR_Durasteel>56</O21_OR_Durasteel>
      <O21_OR_ComponentHypertech>1</O21_OR_ComponentHypertech>
    </costList>
    <statBases>
      <MaxHitPoints>11200</MaxHitPoints>
      <WorkToBuild>44800</WorkToBuild>
    </statBases>
    <altitudeLayer>WorldClipper</altitudeLayer>
  </ThingDef>

  <!--Engine-->
  <ThingDef ParentName="CEC_ShipEngineBase" Name="CEC_ShipPartVictory_Engine"   Abstract="True">
    <description>...</description>
    <designatorDropdown>CEC_IVCSD_Dropdown</designatorDropdown>
    <researchPrerequisites>
      <li>CEC_KDY_Victory_Parts</li>
    </researchPrerequisites>
    <costList>
      <O21_OR_Durasteel>500</O21_OR_Durasteel>
      <O21_OR_ComponentHypertech>3</O21_OR_ComponentHypertech>
    </costList>
    <statBases>
      <MaxHitPoints>5000</MaxHitPoints>
      <WorkToBuild>22000</WorkToBuild>
    </statBases>
    <comps>
      <li Class="CompProperties_Refuelable">
        <fuelCapacity>2500.0</fuelCapacity>
        <targetFuelLevelConfigurable>true</targetFuelLevelConfigurable>
        <fuelFilter>
          <thingDefs>
            <li>Chemfuel</li>
          </thingDefs>
        </fuelFilter>
        <consumeFuelOnlyWhenUsed>true</consumeFuelOnlyWhenUsed>
        <autoRefuelPercent>1</autoRefuelPercent>
        <showFuelGizmo>false</showFuelGizmo>
        <drawOutOfFuelOverlay>false</drawOutOfFuelOverlay>
        <drawFuelGaugeInMap>false</drawFuelGaugeInMap>
        <showAllowAutoRefuelToggle>true</showAllowAutoRefuelToggle>
      </li>
      <li Class="CompProperties_EngineTrail">
        <thrust>5</thrust>
      </li>
    </comps>
  </ThingDef>

  <ThingDef ParentName="CEC_ShipPartVictory_Engine">
    <defName>Ship_VictoryClassStarDestroyer_EngineR</defName>
    <label>victory-class star destroyer engine right</label>
    <graphicData>
      <texPath>ShipParts3/VictoryClassStarDestroyerEngineRight</texPath>
      <drawSize>(9,3)</drawSize>
    </graphicData>
    <size>(9,3)</size>
  </ThingDef>

  <ThingDef ParentName="CEC_ShipPartVictory_Engine">
    <defName>Ship_VictoryClassStarDestroyer_EngineL</defName>
    <label>victory-class star destroyer engine left</label>
    <graphicData>
      <texPath>ShipParts3/VictoryClassStarDestroyerEngineLeft</texPath>
      <drawSize>(9,3)</drawSize>
    </graphicData>
    <size>(9,3)</size>
  </ThingDef>

  <ThingDef ParentName="CEC_ShipPartVictory_Engine">
    <defName>Ship_VictoryClassStarDestroyer_Engine</defName>
    <label>victory-class star destroyer engine</label>
    <graphicData>
      <texPath>ShipParts3/VictoryClassStarDestroyerEngine</texPath>
      <drawSize>(7,3)</drawSize>
    </graphicData>
    <size>(5,3)</size>
  </ThingDef>
  
</Defs>