<?xml version="1.0" encoding="utf-8" ?>
<Defs>

  <DesignationCategoryDef>
    <defName>CEC_Category</defName>
    <label>Starships</label>
    <order>45</order>
    <specialDesignatorClasses>
      <li>Designator_Cancel</li>
      <li>Designator_Deconstruct</li>
    </specialDesignatorClasses>
  </DesignationCategoryDef>
  
  <ThingDef ParentName="BuildingBase" Abstract="True" Name="CEC_ShipPartBase">
    <thingClass>Building</thingClass>
    <description>Corellian ship parts.</description>
    <graphicData>
      <graphicClass>Graphic_Single</graphicClass>
      <damageData>
        <enabled>false</enabled>
      </damageData>
    </graphicData>
    <altitudeLayer>Filth</altitudeLayer>
    <rotatable>true</rotatable>
    <destroyable>true</destroyable>
    <useHitPoints>true</useHitPoints>
    <tickerType>Normal</tickerType>
    <selectable>true</selectable>
    <neverOverlapFloors>true</neverOverlapFloors>
    <blockPlants>true</blockPlants>
    <tradeability>Buyable</tradeability>
    <blockWind>true</blockWind>
    <blockLight>false</blockLight>
    <canOverlapZones>false</canOverlapZones>
    <fillPercent>0.5</fillPercent>
    <castEdgeShadows>false</castEdgeShadows>
    <designationCategory>CEC_Category</designationCategory>
    <terrainAffordanceNeeded>Heavy</terrainAffordanceNeeded>
    <holdsRoof>false</holdsRoof>
    <statBases>
      <WorkToBuild>3500</WorkToBuild>
      <Mass>50</Mass>
      <MaxHitPoints>1500</MaxHitPoints>
      <Flammability>0</Flammability>
    </statBases>
    <building>
      <isEdifice>false</isEdifice>
      <uninstallWork>3500</uninstallWork>
      <shipPart>true</shipPart>
    </building>
    <thingCategories>
      <li>CEC_ShipParts</li>
    </thingCategories>
    <minifiedDef>MinifiedThing</minifiedDef>
    <comps>
      <li Class="CompProperties_ShipPart"/>
    </comps>
    <tradeTags>
      <li>CEC_OrbitalTrader_Tag</li>
    </tradeTags>
  </ThingDef>

  <ThingDef ParentName="BuildingBase" Name="CEC_ShipEngineBase"  Abstract="True">
    <thingClass>Building</thingClass>
    <drawerType>MapMeshAndRealTime</drawerType>
    <graphicData>
      <graphicClass>Graphic_Single</graphicClass>
      <damageData>
        <enabled>false</enabled>
      </damageData>
    </graphicData>
    <altitudeLayer>Building</altitudeLayer>
    <tradeability>Buyable</tradeability>
    <passability>Impassable</passability>
    <blockWind>true</blockWind>
    <blockLight>false</blockLight>
    <canOverlapZones>false</canOverlapZones>
    <fillPercent>0.5</fillPercent>
    <castEdgeShadows>false</castEdgeShadows>
    <designationCategory>CEC_Category</designationCategory>
    <terrainAffordanceNeeded>Heavy</terrainAffordanceNeeded>
    <holdsRoof>false</holdsRoof>
    <statBases>
      <WorkToBuild>40000</WorkToBuild>
      <Mass>50</Mass>
      <MaxHitPoints>1500</MaxHitPoints>
      <Flammability>0</Flammability>
    </statBases>
    <tickerType>Normal</tickerType>
    <receivesSignals>true</receivesSignals>
    <placeWorkers>
      <li>PlaceWorker_ShipEngine</li>
    </placeWorkers>
    <building>
      <isEdifice>false</isEdifice>
      <uninstallWork>3500</uninstallWork>
      <shipPart>true</shipPart>
    </building>
    <thingCategories>
      <li>CEC_ShipParts</li>
    </thingCategories>
    <designationHotKey>Misc5</designationHotKey>
    <minifiedDef>MinifiedThing</minifiedDef>
    <comps>
      <li Class="CompProperties_Power">
        <compClass>CompPowerTrader</compClass>
        <transmitsPower>true</transmitsPower>
      </li>
      <li Class="CompProperties_ShipPart"/>
      <li Class="CompProperties_Flickable"/>
    </comps>
  </ThingDef>
	
</Defs>