<?xml version="1.0" encoding="utf-8" ?>
<Defs>

  <ThingDef ParentName="CEC_ShipPartBase" Name="CEC_ShipPartAcclamator"  Abstract="True">
    <designatorDropdown>CEC_ACAC_Dropdown</designatorDropdown>
    <researchPrerequisites>
      <li>CEC_KDY_CloneWars_Parts</li>
    </researchPrerequisites>
  </ThingDef>

  <ThingDef ParentName="CEC_ShipPartAcclamator">
    <defName>Ship_AcclamatorClassAssaultCruiser_Front</defName>
    <label>acclamator-class assault cruiser front</label>
    <graphicData>
      <texPath>ShipParts2/AcclamatorClassCruiserFront</texPath>
      <drawSize>(5,9)</drawSize>
    </graphicData>
    <size>(5,9)</size>
    <costList>
      <O21_OR_Durasteel>450</O21_OR_Durasteel>
      <O21_OR_ComponentHypertech>1</O21_OR_ComponentHypertech>
    </costList>
    <statBases>
      <MaxHitPoints>9000</MaxHitPoints>
      <WorkToBuild>36000</WorkToBuild>
    </statBases>
  </ThingDef>

  <ThingDef ParentName="CEC_ShipPartAcclamator">
    <defName>Ship_AcclamatorClassAssaultCruiser_FrontRightA</defName>
    <label>acclamator-class assault cruiser front right 1</label>
    <graphicData>
      <texPath>ShipParts2/AcclamatorClassCruiserFrontRight1</texPath>
      <drawSize>(13,7)</drawSize>
    </graphicData>
    <size>(13,7)</size>
    <costList>
      <O21_OR_Durasteel>910</O21_OR_Durasteel>
      <O21_OR_ComponentHypertech>1</O21_OR_ComponentHypertech>
    </costList>
    <statBases>
      <MaxHitPoints>18200</MaxHitPoints>
      <WorkToBuild>72800</WorkToBuild>
    </statBases>
    <altitudeLayer>Zone</altitudeLayer>
  </ThingDef>

  <ThingDef ParentName="CEC_ShipPartAcclamator">
    <defName>Ship_AcclamatorClassAssaultCruiser_FrontRightB</defName>
    <label>acclamator-class assault cruiser frot right 2</label>
    <graphicData>
      <texPath>ShipParts2/AcclamatorClassCruiserFrontRight2</texPath>
      <drawSize>(12,9)</drawSize>
    </graphicData>
    <size>(12,9)</size>
    <costList>
      <O21_OR_Durasteel>1080</O21_OR_Durasteel>
      <O21_OR_ComponentHypertech>1</O21_OR_ComponentHypertech>
    </costList>
    <statBases>
      <MaxHitPoints>21600</MaxHitPoints>
      <WorkToBuild>86400</WorkToBuild>
    </statBases>
    <altitudeLayer>Zone</altitudeLayer>
  </ThingDef>

  <ThingDef ParentName="CEC_ShipPartAcclamator">
    <defName>Ship_AcclamatorClassAssaultCruiser_FrontRightC</defName>
    <label>acclamator-class assault cruiser front right 3</label>
    <graphicData>
      <texPath>ShipParts2/AcclamatorClassCruiserFrontRight3</texPath>
      <drawSize>(10,8)</drawSize>
    </graphicData>
    <size>(10,8)</size>
    <costList>
      <O21_OR_Durasteel>800</O21_OR_Durasteel>
      <O21_OR_ComponentHypertech>1</O21_OR_ComponentHypertech>
    </costList>
    <statBases>
      <MaxHitPoints>16000</MaxHitPoints>
      <WorkToBuild>64000</WorkToBuild>
    </statBases>
    <altitudeLayer>Zone</altitudeLayer>
  </ThingDef>

  <ThingDef ParentName="CEC_ShipPartAcclamator">
    <defName>Ship_AcclamatorClassAssaultCruiser_FrontLeftA</defName>
    <label>acclamator-class assault cruiser front left 1</label>
    <graphicData>
      <texPath>ShipParts2/AcclamatorClassCruiserFrontLeft1</texPath>
      <drawSize>(13,7)</drawSize>
    </graphicData>
    <size>(13,7)</size>
    <costList>
      <O21_OR_Durasteel>910</O21_OR_Durasteel>
      <O21_OR_ComponentHypertech>1</O21_OR_ComponentHypertech>
    </costList>
    <statBases>
      <MaxHitPoints>18200</MaxHitPoints>
      <WorkToBuild>72800</WorkToBuild>
    </statBases>
    <altitudeLayer>Zone</altitudeLayer>
  </ThingDef>

  <ThingDef ParentName="CEC_ShipPartAcclamator">
    <defName>Ship_AcclamatorClassAssaultCruiser_FrontLeftB</defName>
    <label>acclamator-class assault cruiser front left 2</label>
    <graphicData>
      <texPath>ShipParts2/AcclamatorClassCruiserFrontLeft2</texPath>
      <drawSize>(12,9)</drawSize>
    </graphicData>
    <size>(12,9)</size>
    <costList>
      <O21_OR_Durasteel>1080</O21_OR_Durasteel>
      <O21_OR_ComponentHypertech>1</O21_OR_ComponentHypertech>
    </costList>
    <statBases>
      <MaxHitPoints>21600</MaxHitPoints>
      <WorkToBuild>86400</WorkToBuild>
    </statBases>
    <altitudeLayer>Zone</altitudeLayer>
  </ThingDef>
  
  <ThingDef ParentName="CEC_ShipPartAcclamator">
    <defName>Ship_AcclamatorClassAssaultCruiser_FrontLeftC</defName>
    <label>acclamator-class assault cruiser front left 3</label>
    <graphicData>
      <texPath>ShipParts2/AcclamatorClassCruiserFrontLeft3</texPath>
      <drawSize>(10,8)</drawSize>
    </graphicData>
    <size>(10,8)</size>
    <costList>
      <O21_OR_Durasteel>800</O21_OR_Durasteel>
      <O21_OR_ComponentHypertech>1</O21_OR_ComponentHypertech>
    </costList>
    <statBases>
      <MaxHitPoints>16000</MaxHitPoints>
      <WorkToBuild>64000</WorkToBuild>
    </statBases>
    <altitudeLayer>Zone</altitudeLayer>
  </ThingDef>

  <ThingDef ParentName="CEC_ShipPartAcclamator">
    <defName>Ship_AcclamatorClassAssaultCruiser_SideRightA</defName>
    <label>acclamator-class assault cruiser side right 1</label>
    <graphicData>
      <texPath>ShipParts2/AcclamatorClassCruiserSideRight1</texPath>
      <drawSize>(7,8)</drawSize>
    </graphicData>
    <size>(7,6)</size>
    <costList>
      <O21_OR_Durasteel>420</O21_OR_Durasteel>
      <O21_OR_ComponentHypertech>1</O21_OR_ComponentHypertech>
    </costList>
    <statBases>
      <MaxHitPoints>8400</MaxHitPoints>
      <WorkToBuild>33600</WorkToBuild>
    </statBases>
    <altitudeLayer>Zone</altitudeLayer>
  </ThingDef>

  <ThingDef ParentName="CEC_ShipPartAcclamator">
    <defName>Ship_AcclamatorClassAssaultCruiser_SideRightB</defName>
    <label>acclamator-class assault cruiser side right 2</label>
    <graphicData>
      <texPath>ShipParts2/AcclamatorClassCruiserSideRight2</texPath>
      <drawSize>(31,10)</drawSize>
    </graphicData>
    <size>(31,10)</size>
    <costList>
      <O21_OR_Durasteel>3100</O21_OR_Durasteel>
      <O21_OR_ComponentHypertech>1</O21_OR_ComponentHypertech>
    </costList>
    <statBases>
      <MaxHitPoints>62000</MaxHitPoints>
      <WorkToBuild>248000</WorkToBuild>
    </statBases>
  </ThingDef>

  <ThingDef ParentName="CEC_ShipPartAcclamator">
    <defName>Ship_AcclamatorClassAssaultCruiser_SideRightC</defName>
    <label>acclamator-class assault cruiser side right 3</label>
    <graphicData>
      <texPath>ShipParts2/AcclamatorClassCruiserSideRight3</texPath>
      <drawSize>(13,8)</drawSize>
    </graphicData>
    <size>(13,8)</size>
    <costList>
      <O21_OR_Durasteel>1040</O21_OR_Durasteel>
      <O21_OR_ComponentHypertech>1</O21_OR_ComponentHypertech>
    </costList>
    <statBases>
      <MaxHitPoints>20800</MaxHitPoints>
      <WorkToBuild>83200</WorkToBuild>
    </statBases>
    <altitudeLayer>Zone</altitudeLayer>
  </ThingDef>

  <ThingDef ParentName="CEC_ShipPartAcclamator">
    <defName>Ship_AcclamatorClassAssaultCruiser_SideRightD</defName>
    <label>acclamator-class assault cruiser side right 4</label>
    <graphicData>
      <texPath>ShipParts2/AcclamatorClassCruiserSideRight4</texPath>
      <drawSize>(18,15)</drawSize>
    </graphicData>
    <size>(18,15)</size>
    <costList>
      <O21_OR_Durasteel>2700</O21_OR_Durasteel>
      <O21_OR_ComponentHypertech>1</O21_OR_ComponentHypertech>
    </costList>
    <statBases>
      <MaxHitPoints>5400</MaxHitPoints>
      <WorkToBuild>21600</WorkToBuild>
    </statBases>
    <altitudeLayer>Zone</altitudeLayer>
  </ThingDef>

  <ThingDef ParentName="CEC_ShipPartAcclamator">
    <defName>Ship_AcclamatorClassAssaultCruiser_SideLeftA</defName>
    <label>acclamator-class assault cruiser side left 1</label>
    <graphicData>
      <texPath>ShipParts2/AcclamatorClassCruiserSideLeft1</texPath>
      <drawSize>(7,8)</drawSize>
    </graphicData>
    <size>(7,6)</size>
    <costList>
      <O21_OR_Durasteel>420</O21_OR_Durasteel>
      <O21_OR_ComponentHypertech>1</O21_OR_ComponentHypertech>
    </costList>
    <statBases>
      <MaxHitPoints>8400</MaxHitPoints>
      <WorkToBuild>33600</WorkToBuild>
    </statBases>
    <altitudeLayer>Zone</altitudeLayer>
  </ThingDef>

  <ThingDef ParentName="CEC_ShipPartAcclamator">
    <defName>Ship_AcclamatorClassAssaultCruiser_SideLeftB</defName>
    <label>acclamator-class assault cruiser side left 2</label>
    <graphicData>
      <texPath>ShipParts2/AcclamatorClassCruiserSideLeft2</texPath>
      <drawSize>(31,10)</drawSize>
    </graphicData>
    <size>(31,10)</size>
    <costList>
      <O21_OR_Durasteel>3100</O21_OR_Durasteel>
      <O21_OR_ComponentHypertech>1</O21_OR_ComponentHypertech>
    </costList>
    <statBases>
      <MaxHitPoints>62000</MaxHitPoints>
      <WorkToBuild>248000</WorkToBuild>
    </statBases>
  </ThingDef>

  <ThingDef ParentName="CEC_ShipPartAcclamator">
    <defName>Ship_AcclamatorClassAssaultCruiser_SideLeftC</defName>
    <label>acclamator-class assault cruiser side left 3</label>
    <graphicData>
      <texPath>ShipParts2/AcclamatorClassCruiserSideLeft3</texPath>
      <drawSize>(13,8)</drawSize>
    </graphicData>
    <size>(13,8)</size>
    <costList>
      <O21_OR_Durasteel>1040</O21_OR_Durasteel>
      <O21_OR_ComponentHypertech>1</O21_OR_ComponentHypertech>
    </costList>
    <statBases>
      <MaxHitPoints>20800</MaxHitPoints>
      <WorkToBuild>83200</WorkToBuild>
    </statBases>
    <altitudeLayer>Zone</altitudeLayer>
  </ThingDef>

  <ThingDef ParentName="CEC_ShipPartAcclamator">
    <defName>Ship_AcclamatorClassAssaultCruiser_SideLeftD</defName>
    <label>acclamator-class assault cruiser side left 4</label>
    <graphicData>
      <texPath>ShipParts2/AcclamatorClassCruiserSideLeft4</texPath>
      <drawSize>(18,15)</drawSize>
    </graphicData>
    <size>(18,15)</size>
    <costList>
      <O21_OR_Durasteel>2700</O21_OR_Durasteel>
      <O21_OR_ComponentHypertech>1</O21_OR_ComponentHypertech>
    </costList>
    <statBases>
      <MaxHitPoints>54000</MaxHitPoints>
      <WorkToBuild>216000</WorkToBuild>
    </statBases>
    <altitudeLayer>Zone</altitudeLayer>
  </ThingDef>

  <ThingDef ParentName="CEC_ShipPartAcclamator">
    <defName>Ship_AcclamatorClassAssaultCruiser_BackRightA</defName>
    <label>acclamator-class assault cruiser back right 1</label>
    <graphicData>
      <texPath>ShipParts2/AcclamatorClassCruiserBackRight1</texPath>
      <drawSize>(18,3)</drawSize>
    </graphicData>
    <size>(18,3)</size>
    <costList>
      <O21_OR_Durasteel>540</O21_OR_Durasteel>
      <O21_OR_ComponentHypertech>1</O21_OR_ComponentHypertech>
    </costList>
    <statBases>
      <MaxHitPoints>10800</MaxHitPoints>
      <WorkToBuild>43200</WorkToBuild>
    </statBases>
  </ThingDef>

  <ThingDef ParentName="CEC_ShipPartAcclamator">
    <defName>Ship_AcclamatorClassAssaultCruiser_BackRightB</defName>
    <label>acclamator-class assault cruiser back right 2</label>
    <graphicData>
      <texPath>ShipParts2/AcclamatorClassCruiserBackRight2</texPath>
      <drawSize>(6,25)</drawSize>
    </graphicData>
    <size>(4,25)</size>
    <costList>
      <O21_OR_Durasteel>1000</O21_OR_Durasteel>
      <O21_OR_ComponentHypertech>1</O21_OR_ComponentHypertech>
    </costList>
    <statBases>
      <MaxHitPoints>20000</MaxHitPoints>
      <WorkToBuild>80000</WorkToBuild>
    </statBases>
  </ThingDef>

  <ThingDef ParentName="CEC_ShipPartAcclamator">
    <defName>Ship_AcclamatorClassAssaultCruiser_BackLeftA</defName>
    <label>acclamator-class assault cruiser back left 1</label>
    <graphicData>
      <texPath>ShipParts2/AcclamatorClassCruiserBackLeft1</texPath>
      <drawSize>(18,3)</drawSize>
    </graphicData>
    <size>(18,3)</size>
    <costList>
      <O21_OR_Durasteel>540</O21_OR_Durasteel>
      <O21_OR_ComponentHypertech>1</O21_OR_ComponentHypertech>
    </costList>
    <statBases>
      <MaxHitPoints>10800</MaxHitPoints>
      <WorkToBuild>43200</WorkToBuild>
    </statBases>
  </ThingDef>

  <ThingDef ParentName="CEC_ShipPartAcclamator">
    <defName>Ship_AcclamatorClassAssaultCruiser_BackLeftB</defName>
    <label>acclamator-class assault cruiser back left 2</label>
    <graphicData>
      <texPath>ShipParts2/AcclamatorClassCruiserBackLeft2</texPath>
      <drawSize>(6,25)</drawSize>
    </graphicData>
    <size>(4,25)</size>
    <costList>
      <O21_OR_Durasteel>540</O21_OR_Durasteel>
      <O21_OR_ComponentHypertech>1</O21_OR_ComponentHypertech>
    </costList>
    <statBases>
      <MaxHitPoints>10800</MaxHitPoints>
      <WorkToBuild>43200</WorkToBuild>
    </statBases>
  </ThingDef>

  <ThingDef ParentName="CEC_ShipPartAcclamator">
    <defName>Ship_AcclamatorClassAssaultCruiser_EngineBlockRightA</defName>
    <label>acclamator-class assault cruiser engine block right 1</label>
    <graphicData>
      <texPath>ShipParts2/AcclamatorClassCruiserEngineBlockRight1</texPath>
      <drawSize>(9,14)</drawSize>
    </graphicData>
    <size>(3,10)</size>
    <costList>
      <O21_OR_Durasteel>300</O21_OR_Durasteel>
      <O21_OR_ComponentHypertech>1</O21_OR_ComponentHypertech>
    </costList>
    <statBases>
      <MaxHitPoints>6000</MaxHitPoints>
      <WorkToBuild>24000</WorkToBuild>
    </statBases>
  </ThingDef>

  <ThingDef ParentName="CEC_ShipPartAcclamator">
    <defName>Ship_AcclamatorClassAssaultCruiser_EngineBlockRightB</defName>
    <label>acclamator-class assault cruiser engine block right 2</label>
    <graphicData>
      <texPath>ShipParts2/AcclamatorClassCruiserEngineBlockRight2</texPath>
      <drawSize>(21,6)</drawSize>
    </graphicData>
    <size>(15,4)</size>
    <costList>
      <O21_OR_Durasteel>600</O21_OR_Durasteel>
      <O21_OR_ComponentHypertech>1</O21_OR_ComponentHypertech>
    </costList>
    <statBases>
      <MaxHitPoints>12000</MaxHitPoints>
      <WorkToBuild>48000</WorkToBuild>
    </statBases>
  </ThingDef>

  <ThingDef ParentName="CEC_ShipPartAcclamator">
    <defName>Ship_AcclamatorClassAssaultCruiser_EngineBlockLeftA</defName>
    <label>acclamator-class assault cruiser engine block left 1</label>
    <graphicData>
      <texPath>ShipParts2/AcclamatorClassCruiserEngineBlockLeft1</texPath>
      <drawSize>(9,14)</drawSize>
    </graphicData>
    <size>(3,10)</size>
    <costList>
      <O21_OR_Durasteel>300</O21_OR_Durasteel>
      <O21_OR_ComponentHypertech>1</O21_OR_ComponentHypertech>
    </costList>
    <statBases>
      <MaxHitPoints>6000</MaxHitPoints>
      <WorkToBuild>24000</WorkToBuild>
    </statBases>
  </ThingDef>

  <ThingDef ParentName="CEC_ShipPartAcclamator">
    <defName>Ship_AcclamatorClassAssaultCruiser_EngineBlockLeftB</defName>
    <label>acclamator-class assault cruiser engine block left 2</label>
    <graphicData>
      <texPath>ShipParts2/AcclamatorClassCruiserEngineBlockLeft2</texPath>
      <drawSize>(21,6)</drawSize>
    </graphicData>
    <size>(15,4)</size>
    <costList>
      <O21_OR_Durasteel>600</O21_OR_Durasteel>
      <O21_OR_ComponentHypertech>1</O21_OR_ComponentHypertech>
    </costList>
    <statBases>
      <MaxHitPoints>12000</MaxHitPoints>
      <WorkToBuild>48000</WorkToBuild>
    </statBases>
  </ThingDef>

  <ThingDef ParentName="CEC_ShipPartAcclamator">
    <defName>Ship_AcclamatorClassAssaultCruiser_EngineBlock</defName>
    <label>acclamator-class assault cruiser engine block</label>
    <graphicData>
      <texPath>ShipParts2/AcclamatorClassCruiserEngineBlock</texPath>
      <drawSize>(29,9)</drawSize>
    </graphicData>
    <size>(29,5)</size>
    <costList>
      <O21_OR_Durasteel>1450</O21_OR_Durasteel>
      <O21_OR_ComponentHypertech>1</O21_OR_ComponentHypertech>
    </costList>
    <statBases>
      <MaxHitPoints>29000</MaxHitPoints>
      <WorkToBuild>116000</WorkToBuild>
    </statBases>
  </ThingDef>

  <ThingDef ParentName="CEC_ShipPartAcclamator">
    <defName>Ship_AcclamatorClassAssaultCruiser_Top</defName>
    <label>acclamator-class assault cruiser top</label>
    <graphicData>
      <texPath>ShipParts2/AcclamatorClassCruiserTop</texPath>
      <drawSize>(16,7)</drawSize>
    </graphicData>
    <size>(4,7)</size>
    <costList>
      <O21_OR_Durasteel>280</O21_OR_Durasteel>
      <O21_OR_ComponentHypertech>1</O21_OR_ComponentHypertech>
    </costList>
    <statBases>
      <MaxHitPoints>5600</MaxHitPoints>
      <WorkToBuild>22400</WorkToBuild>
    </statBases>
    <altitudeLayer>WorldClipper</altitudeLayer>
  </ThingDef>

  <!--Engine-->
  <ThingDef ParentName="CEC_ShipEngineBase" Name="CEC_ShipPartAcclamator_Engine"   Abstract="True">
    <description>...</description>
    <designatorDropdown>CEC_ACAC_Dropdown</designatorDropdown>
    <researchPrerequisites>
      <li>CEC_KDY_CloneWars_Parts</li>
    </researchPrerequisites>
    <costList>
      <O21_OR_Durasteel>400</O21_OR_Durasteel>
      <O21_OR_ComponentHypertech>3</O21_OR_ComponentHypertech>
    </costList>
    <statBases>
      <MaxHitPoints>4000</MaxHitPoints>
      <WorkToBuild>22000</WorkToBuild>
    </statBases>
    <comps>
      <li Class="CompProperties_Refuelable">
        <fuelCapacity>2000.0</fuelCapacity>
        <targetFuelLevelConfigurable>true</targetFuelLevelConfigurable>
        <fuelFilter>
          <thingDefs>
            <li>Chemfuel</li>
          </thingDefs>
        </fuelFilter>
        <consumeFuelOnlyWhenUsed>true</consumeFuelOnlyWhenUsed>
        <autoRefuelPercent>1</autoRefuelPercent>
        <showFuelGizmo>false</showFuelGizmo>
        <drawOutOfFuelOverlay>false</drawOutOfFuelOverlay>
        <drawFuelGaugeInMap>false</drawFuelGaugeInMap>
        <showAllowAutoRefuelToggle>true</showAllowAutoRefuelToggle>
      </li>
      <li Class="CompProperties_EngineTrail">
        <thrust>4</thrust>
      </li>
    </comps>
  </ThingDef>

  <ThingDef ParentName="CEC_ShipPartAcclamator_Engine">
    <defName>Ship_AcclamatorClassAssaultCruiser_EngineRA</defName>
    <label>acclamator-class assault cruiser engine right 1</label>
    <graphicData>
      <texPath>ShipParts2/AcclamatorClassCruiserEngineRight1</texPath>
      <drawSize>(2,3)</drawSize>
    </graphicData>
    <size>(2,3)</size>
  </ThingDef>

  <ThingDef ParentName="CEC_ShipPartAcclamator_Engine">
    <defName>Ship_AcclamatorClassAssaultCruiser_EngineRB</defName>
    <label>acclamator-class assault cruiser engine right 2</label>
    <graphicData>
      <texPath>ShipParts2/AcclamatorClassCruiserEngineRight2</texPath>
      <drawSize>(4,3)</drawSize>
    </graphicData>
    <size>(4,3)</size>
  </ThingDef>

  <ThingDef ParentName="CEC_ShipPartAcclamator_Engine">
    <defName>Ship_AcclamatorClassAssaultCruiser_EngineLA</defName>
    <label>acclamator-class assault cruiser engine left 1</label>
    <graphicData>
      <texPath>ShipParts2/AcclamatorClassCruiserEngineLeft1</texPath>
      <drawSize>(2,3)</drawSize>
    </graphicData>
    <size>(2,3)</size>
  </ThingDef>

  <ThingDef ParentName="CEC_ShipPartAcclamator_Engine">
    <defName>Ship_AcclamatorClassAssaultCruiser_EngineLB</defName>
    <label>acclamator-class assault cruiser engine left 2</label>
    <graphicData>
      <texPath>ShipParts2/AcclamatorClassCruiserEngineLeft2</texPath>
      <drawSize>(4,3)</drawSize>
    </graphicData>
    <size>(4,3)</size>
  </ThingDef>
  
</Defs>