<?xml version="1.0" encoding="utf-8" ?>
<Defs>

  <ThingDef ParentName="CEC_ShipPartBase" Name="CEC_ShipPartRebTanker"  Abstract="True">
    <designatorDropdown>CEC_TR19_Dropdown</designatorDropdown>
    <researchPrerequisites>
      <li>CEC_CEC_Freighters_Parts</li>
    </researchPrerequisites>
  </ThingDef>

  <ThingDef ParentName="CEC_ShipPartRebTanker">
    <defName>Ship_TR19MediumTanker_Front</defName>
    <label>TR-19 medium tanker front</label>
    <graphicData>
      <texPath>ShipParts6/TR19TankerFront</texPath>
      <drawSize>(5,9)</drawSize>
    </graphicData>
    <size>(3,9)</size>
    <costList>
      <O21_OR_Durasteel>270</O21_OR_Durasteel>
      <O21_OR_ComponentHypertech>1</O21_OR_ComponentHypertech>
    </costList>
    <statBases>
      <MaxHitPoints>5400</MaxHitPoints>
      <WorkToBuild>21600</WorkToBuild>
    </statBases>
  </ThingDef>

  <ThingDef ParentName="CEC_ShipPartRebTanker">
    <defName>Ship_TR19MediumTanker_SideRight</defName>
    <label>TR-19 medium tanker side right</label>
    <graphicData>
      <texPath>ShipParts6/TR19TankerSideRight</texPath>
      <drawSize>(17,3)</drawSize>
    </graphicData>
    <size>(9,3)</size>
    <costList>
      <O21_OR_Durasteel>270</O21_OR_Durasteel>
      <O21_OR_ComponentHypertech>1</O21_OR_ComponentHypertech>
    </costList>
    <statBases>
      <MaxHitPoints>5400</MaxHitPoints>
      <WorkToBuild>21600</WorkToBuild>
    </statBases>
  </ThingDef>

  <ThingDef ParentName="CEC_ShipPartRebTanker">
    <defName>Ship_TR19MediumTanker_SideLeft</defName>
    <label>TR-19 medium tanker side left</label>
    <graphicData>
      <texPath>ShipParts6/TR19TankerSideLeft</texPath>
      <drawSize>(17,3)</drawSize>
    </graphicData>
    <size>(9,3)</size>
    <costList>
      <O21_OR_Durasteel>270</O21_OR_Durasteel>
      <O21_OR_ComponentHypertech>1</O21_OR_ComponentHypertech>
    </costList>
    <statBases>
      <MaxHitPoints>5400</MaxHitPoints>
      <WorkToBuild>21600</WorkToBuild>
    </statBases>
  </ThingDef>

  <ThingDef ParentName="CEC_ShipPartRebTanker">
    <defName>Ship_TR19MediumTanker_EngineBlock</defName>
    <label>TR-19 medium tanker engine block</label>
    <graphicData>
      <texPath>ShipParts6/TR19TankerEngineBlock</texPath>
      <drawSize>(6,7)</drawSize>
    </graphicData>
    <size>(6,5)</size>
    <costList>
      <O21_OR_Durasteel>300</O21_OR_Durasteel>
      <O21_OR_ComponentHypertech>1</O21_OR_ComponentHypertech>
    </costList>
    <statBases>
      <MaxHitPoints>6000</MaxHitPoints>
      <WorkToBuild>24000</WorkToBuild>
    </statBases>
  </ThingDef>

  <!--Tank-->
  <ThingDef ParentName="CEC_ShipPartRebTanker" Name="CEC_RebTankerTankBase" Abstract="True">
    <graphicData>
      <texPath>ShipParts6/TR19TankerTank</texPath>
      <drawSize>(10,6)</drawSize>
      <graphicClass>Graphic_Multi</graphicClass>
      <shaderType>CutoutComplex</shaderType>
    </graphicData>
    <size>(4,2)</size>
    <costList>
      <O21_OR_Durasteel>150</O21_OR_Durasteel>
      <O21_OR_ComponentHypertech>3</O21_OR_ComponentHypertech>
    </costList>
    <statBases>
      <MaxHitPoints>3200</MaxHitPoints>
      <WorkToBuild>6400</WorkToBuild>
    </statBases>
    <building>
      <isEdifice>true</isEdifice>
    </building>
    <altitudeLayer>BuildingOnTop</altitudeLayer>
  </ThingDef>
  
  <ThingDef ParentName="CEC_RebTankerTankBase">
    <defName>Ship_TR19MediumTanker_Tank_Tibannah</defName>
    <label>TR-19 medium tanker tank (tibannah)</label>
    <description>Stores tibanna for later use. Will explode if damaged.</description>
    <graphicData>
      <color>(174,66,169)</color><!--Tibannah-->
    </graphicData>
    <researchPrerequisites>
      <li>O21_OR_BasicHypertech</li>
    </researchPrerequisites>
    <comps>
      <li Class="PipeSystem.CompProperties_ResourceStorage">
        <pipeNet>O21_OR_TibannaNetwork</pipeNet>
          <storageCapacity>8000</storageCapacity>
          <barSize>(1.3, 0.25)</barSize>
          <margin>0.1</margin>
          <centerOffset>(0.5, 0, 0)</centerOffset>
        </li>
        <li Class="PipeSystem.CompProperties_ExplosiveContent">
          <explosiveMaxRadius>30</explosiveMaxRadius><!-- Vanilla options below -->
          <explosiveDamageType>Flame</explosiveDamageType>
          <destroyThingOnExplosionSize>2</destroyThingOnExplosionSize>
          <startWickHitPointsPercent>0.05</startWickHitPointsPercent>
          <preExplosionSpawnChance>1</preExplosionSpawnChance>
          <wickTicks>70~150</wickTicks>
        </li>
      </comps>
  </ThingDef>
  
  <ThingDef ParentName="CEC_RebTankerTankBase" MayRequire="VanillaExpanded.HelixienGas">
    <defName>Ship_TR19MediumTanker_Tank_Helixien</defName>
    <label>TR-19 medium tanker tank (helixien)</label>
    <description>Stores helixien gas for later use. Will explode if damaged.</description>
    <graphicData>
      <color>(92,123,87)</color><!--Helixien-->
    </graphicData>
    <researchPrerequisites>
      <li>VHGE_GasExtraction</li>
    </researchPrerequisites>
    <comps>
      <li Class="PipeSystem.CompProperties_ResourceStorage">
        <pipeNet>VHGE_HelixienNet</pipeNet>
        <storageCapacity>8000</storageCapacity>
        <barSize>(1.3, 0.25)</barSize>
        <margin>0.1</margin>
      </li>
      <li Class="PipeSystem.CompProperties_ExplosiveContent">
        <explosiveMaxRadius>30</explosiveMaxRadius><!-- Vanilla options below -->
        <explosiveDamageType>Flame</explosiveDamageType>
        <destroyThingOnExplosionSize>2</destroyThingOnExplosionSize>
        <startWickHitPointsPercent>0.05</startWickHitPointsPercent>
        <preExplosionSpawnThingDef>Filth_Fuel</preExplosionSpawnThingDef>
        <preExplosionSpawnChance>1</preExplosionSpawnChance>
        <wickTicks>70~150</wickTicks>
      </li>
    </comps>
  </ThingDef>
  
  <ThingDef ParentName="CEC_RebTankerTankBase" MayRequire="Dubwise.DubsBadHygiene" DBHLite="true">
    <defName>Ship_TR19MediumTanker_Tank_DubsWater</defName>
    <label>TR-19 medium tanker tank (water)</label>
    <description>Stores water for later use (Dubs Bad Hygiene). If the contained water becomes contaminated, the tank must be drained.</description>
    <graphicData>
      <color>(35,147,191)</color><!--Dubs Water-->
    </graphicData>
    <researchPrerequisites>
      <li MayRequire="dbhlitemode">LargeWaterPumps</li>
    </researchPrerequisites>
    <comps>
      <li Class="DubsBadHygiene.CompProperties_WaterStorage">
				<WaterStorageCap>80000</WaterStorageCap>
			</li>
      <li Class="DubsBadHygiene.CompProperties_Pipe">
				<mode>Sewage</mode>
			</li>
    </comps>
  </ThingDef>
          
  <ThingDef ParentName="CEC_RebTankerTankBase" MayRequire="VanillaExpanded.VChemfuelE">
    <defName>Ship_TR19MediumTanker_Tank_VEChemfuel</defName>
    <label>TR-19 medium tanker tank (chemfuel)</label>
    <description>Stores tibanna for later use (Vanilla Expanded). Will explode if damaged.</description>
    <graphicData>
      <color>(151,63,72)</color><!--VE Chemfuel-->
    </graphicData>
    <researchPrerequisites>
      <li>BiofuelRefining</li>
    </researchPrerequisites>
    <comps>
      <li Class="PipeSystem.CompProperties_ResourceStorage">
        <pipeNet>VCHE_ChemfuelNet</pipeNet>
        <storageCapacity>8000</storageCapacity>
        <barSize>(1.3, 0.25)</barSize>
        <margin>0.1</margin>
        <centerOffset>(0, 0, 0.35)</centerOffset>
        <extractOptions>
          <texPath>UI/Gizmos/ExtractChemfuel</texPath>
          <labelKey>VCHE_ExtractChemfuel</labelKey>
          <descKey>VCHE_ExtractChemfuelDesc</descKey>
          <extractAmount>150</extractAmount>
          <thing>Chemfuel</thing>
          <ratio>1</ratio>
        </extractOptions>
      </li>
      <li Class="PipeSystem.CompProperties_ExplosiveContent">
        <explosiveMaxRadius>30</explosiveMaxRadius><!-- Vanilla options below -->
        <explosiveDamageType>Flame</explosiveDamageType>
        <destroyThingOnExplosionSize>2</destroyThingOnExplosionSize>
        <startWickHitPointsPercent>0.05</startWickHitPointsPercent>
        <preExplosionSpawnThingDef>Filth_Fuel</preExplosionSpawnThingDef>
        <preExplosionSpawnChance>1</preExplosionSpawnChance>
        <wickTicks>70~150</wickTicks>
      </li>
    </comps>
  </ThingDef>
  
  <ThingDef ParentName="CEC_RebTankerTankBase" MayRequire="VanillaExpanded.VChemfuelE">
    <defName>Ship_TR19MediumTanker_Tank_VEDeepchem</defName>
    <label>TR-19 medium tanker tank (deepchem)</label>
    <description>Stores deepchem for later use (Vanilla Expanded). Will explode if damaged.</description>
    <graphicData>
      <color>(73,73,73)</color><!--VE Deepchem-->
    </graphicData>
    <researchPrerequisites>
      <li>BiofuelRefining</li>
    </researchPrerequisites>
    <comps>
      <li Class="PipeSystem.CompProperties_ResourceStorage">
        <pipeNet>VCHE_DeepchemNet</pipeNet>
        <storageCapacity>8000</storageCapacity>
        <barSize>(1.3, 0.25)</barSize>
        <margin>0.1</margin>
        <centerOffset>(0, 0, 0.45)</centerOffset>
        <extractOptions>
          <texPath>UI/Gizmos/ExtractDeepchem</texPath>
          <labelKey>VCHE_ExtractDeepchem</labelKey>
          <descKey>VCHE_ExtractDeepchemDesc</descKey>
          <extractAmount>150</extractAmount>
          <thing>VCHE_Deepchem</thing>
          <ratio>1</ratio>
        </extractOptions>
      </li>
      <li Class="PipeSystem.CompProperties_ExplosiveContent">
        <explosiveMaxRadius>30</explosiveMaxRadius><!-- Vanilla options below -->
        <explosiveDamageType>Flame</explosiveDamageType>
        <destroyThingOnExplosionSize>2</destroyThingOnExplosionSize>
        <startWickHitPointsPercent>0.05</startWickHitPointsPercent>
        <preExplosionSpawnThingDef>Filth_Fuel</preExplosionSpawnThingDef>
        <preExplosionSpawnChance>1</preExplosionSpawnChance>
        <wickTicks>70~150</wickTicks>
      </li>
    </comps>
  </ThingDef>
  
  <ThingDef ParentName="CEC_RebTankerTankBase" MayRequire="Dubwise.Rimefeller">
    <defName>Ship_TR19MediumTanker_Tank_DubsChemfuel</defName>
    <label>TR-19 medium tanker tank (chemfuel)</label>
    <description>Stores chemfuel for later use (Rimefeller). Will explode if damaged.</description>
    <graphicData>
      <color>(147,31,31)</color><!--Dubs Chemfuel-->
    </graphicData>
    <researchPrerequisites>
      <li>ChemfuelRefining</li>
    </researchPrerequisites>
    <comps>
      <li Class="Rimefeller.CompProperties_StorageTank">
        <StorageCap>15000</StorageCap>
        <Contents>Fuel</Contents>
      </li>
      <li Class="CompProperties_Explosive">
        <compClass>Rimefeller.CompExplosiveTank</compClass>
        <explosiveRadius>30</explosiveRadius>
        <explosiveDamageType>Flame</explosiveDamageType>
        <destroyThingOnExplosionSize>2</destroyThingOnExplosionSize>
        <startWickHitPointsPercent>0.05</startWickHitPointsPercent>
        <preExplosionSpawnThingDef>Filth_Fuel</preExplosionSpawnThingDef>
        <preExplosionSpawnChance>1</preExplosionSpawnChance>
        <wickTicks>
          <min>120</min>
          <max>250</max>
        </wickTicks>
      </li>
    </comps>
  </ThingDef>
  
  <ThingDef ParentName="CEC_RebTankerTankBase" MayRequire="Dubwise.Rimefeller">
    <defName>Ship_TR19MediumTanker_Tank_DubsCrudeOil</defName>
    <label>TR-19 medium tanker tank (crude oil)</label>
    <description>Stores crude oil for later use (Rimefeller). Will explode if damaged.</description>
    <graphicData>
      <color>(96,62,62)</color><!--Dubs Crude Oil-->
    </graphicData>
    <researchPrerequisites>
      <li>OilDrilling</li>
    </researchPrerequisites>
    <comps>
      <li Class="Rimefeller.CompProperties_StorageTank">
        <StorageCap>15000</StorageCap>
        <Contents>Oil</Contents>
      </li>
      <li Class="CompProperties_Explosive">
        <compClass>Rimefeller.CompExplosiveTank</compClass>
        <explosiveRadius>30</explosiveRadius>
        <explosiveDamageType>Flame</explosiveDamageType>
        <destroyThingOnExplosionSize>2</destroyThingOnExplosionSize>
        <startWickHitPointsPercent>0.05</startWickHitPointsPercent>
        <preExplosionSpawnThingDef>Filth_Fuel</preExplosionSpawnThingDef>
        <preExplosionSpawnChance>1</preExplosionSpawnChance>
        <wickTicks>
          <min>70</min>
          <max>150</max>
        </wickTicks>
      </li>
    </comps>
  </ThingDef>
          
  <ThingDef ParentName="CEC_RebTankerTankBase" MayRequire="BK.PipedMilk">
    <defName>Ship_TR19MediumTanker_Tank_Milk</defName>
    <label>TR-19 medium tanker tank (milk)</label>
    <description>Stores and cools milk for later use (BK's Piped Milk). Requires power.</description>
    <graphicData>
      <color>(255,255,255)</color><!--Milk-->
    </graphicData>
    <researchPrerequisites>
      <li>Electricity</li>
    </researchPrerequisites>
    <comps>
      <li Class="PipeSystem.CompProperties_ResourceStorage">
        <pipeNet>BK_MilkNet</pipeNet>
        <storageCapacity>8000</storageCapacity>
        <barSize>(1.3, 0.25)</barSize>
        <margin>0.1</margin>
		    <contentRequirePower>true</contentRequirePower>
      </li>
	    <li Class="CompProperties_Power">
        <compClass>CompPowerTrader</compClass>
        <basePowerConsumption>150</basePowerConsumption>
      </li>
    </comps>
  </ThingDef>
  
  <ThingDef ParentName="CEC_RebTankerTankBase" MayRequire="DRILLEDHEAD.MILKEXPANDED">
    <defName>Ship_TR19MediumTanker_Tank_Milk</defName>
    <label>TR-19 medium tanker tank (milk)</label>
    <description>Stores and cools milk for later use (Milk Expanded).</description>
    <graphicData>
      <color>(255,255,255)</color><!--Milk-->
    </graphicData>
    <researchPrerequisites>
      <li>BiofuelRefining</li>
    </researchPrerequisites>
    <comps>
      <li Class="PipeSystem.CompProperties_ResourceStorage">
        <pipeNet>Milk_pipeNet</pipeNet>
        <storageCapacity>8000</storageCapacity>
        <barSize>(0.2, 0.2)</barSize>
        <margin>0.1</margin>
        <centerOffset>(0, 0, -1.71)</centerOffset>
        <extractOptions>
          <texPath>UI/Gizmos/ExtractMilk</texPath>
          <labelKey>ExtractMilk</labelKey>
          <descKey>ExtractMilkDesc</descKey>
          <extractAmount>75</extractAmount>
          <thing>Milk</thing>
          <ratio>1</ratio>
        </extractOptions>
      </li>
    </comps>
  </ThingDef>

  
  <!--Engine-->
	<ThingDef ParentName="CEC_ShipEngineBase">
		<defName>Ship_TR19MediumTanker_Engine</defName>
		<label>TR-19 medium tanker engine</label>
    <description>...</description>
		<graphicData>
			<texPath>ShipParts6/TR19TankerEngine</texPath>
			<drawSize>(7,3)</drawSize>
		</graphicData>
    <size>(5,3)</size>
    <designatorDropdown>CEC_TR19_Dropdown</designatorDropdown>
    <researchPrerequisites>
      <li>CEC_CEC_Freighters_Parts</li>
    </researchPrerequisites>
		<costList>
      <O21_OR_Durasteel>300</O21_OR_Durasteel>
      <O21_OR_ComponentHypertech>3</O21_OR_ComponentHypertech>
    </costList>
    <statBases>
      <MaxHitPoints>3000</MaxHitPoints>
      <WorkToBuild>22000</WorkToBuild>
    </statBases>
		<comps>
			<li Class="CompProperties_Refuelable">
				<fuelCapacity>1500.0</fuelCapacity>
				<targetFuelLevelConfigurable>true</targetFuelLevelConfigurable>
				<fuelFilter>
					<thingDefs>
						<li>Chemfuel</li>
					</thingDefs>
				</fuelFilter>
				<consumeFuelOnlyWhenUsed>true</consumeFuelOnlyWhenUsed>
				<autoRefuelPercent>1</autoRefuelPercent>
				<showFuelGizmo>false</showFuelGizmo>
				<drawOutOfFuelOverlay>false</drawOutOfFuelOverlay>
				<drawFuelGaugeInMap>false</drawFuelGaugeInMap>
				<showAllowAutoRefuelToggle>true</showAllowAutoRefuelToggle>
			</li>
			<li Class="CompProperties_EngineTrail">
				<thrust>3</thrust>
			</li>
		</comps>
	</ThingDef>
  
</Defs>