<?xml version="1.0" encoding="utf-8" ?>
<Defs>

  <ThingDef ParentName="CEC_ShipPartBase" Name="CEC_ShipPartImpArquitens"  Abstract="True">
    <designatorDropdown>CEC_IACLC_Dropdown</designatorDropdown>
    <researchPrerequisites>
      <li>CEC_KDY_EarlyEmpire_Parts</li>
    </researchPrerequisites>
  </ThingDef>

  <ThingDef ParentName="CEC_ShipPartImpArquitens">
    <defName>Ship_ImpArquitensClassLightCruiser_Front</defName>
    <label>arquitens-class cruiser (imperial) front</label>
    <graphicData>
      <texPath>ShipParts2/ImpArquitensClassCruiserFront</texPath>
      <drawSize>(6,5)</drawSize>
    </graphicData>
    <size>(6,5)</size>
    <costList>
      <O21_OR_Durasteel>300</O21_OR_Durasteel>
      <O21_OR_ComponentHypertech>1</O21_OR_ComponentHypertech>
    </costList>
    <statBases>
      <MaxHitPoints>6000</MaxHitPoints>
      <WorkToBuild>24000</WorkToBuild>
    </statBases>
  </ThingDef>

  <ThingDef ParentName="CEC_ShipPartImpArquitens">
    <defName>Ship_ImpArquitensClassLightCruiser_FrontRight</defName>
    <label>arquitens-class cruiser (imperial) front right</label>
    <graphicData>
      <texPath>ShipParts2/ImpArquitensClassCruiserFrontRight</texPath>
      <drawSize>(22,11)</drawSize>
    </graphicData>
    <size>(22,9)</size>
    <costList>
      <O21_OR_Durasteel>1980</O21_OR_Durasteel>
      <O21_OR_ComponentHypertech>1</O21_OR_ComponentHypertech>
    </costList>
    <statBases>
      <MaxHitPoints>39600</MaxHitPoints>
      <WorkToBuild>158400</WorkToBuild>
    </statBases>
    <altitudeLayer>Zone</altitudeLayer>
  </ThingDef>

  <ThingDef ParentName="CEC_ShipPartImpArquitens">
    <defName>Ship_ImpArquitensClassLightCruiser_FrontLeft</defName>
    <label>arquitens-class cruiser (imperial) front left</label>
    <graphicData>
      <texPath>ShipParts2/ImpArquitensClassCruiserFrontLeft</texPath>
      <drawSize>(22,11)</drawSize>
    </graphicData>
    <size>(22,9)</size>
    <costList>
      <O21_OR_Durasteel>1980</O21_OR_Durasteel>
      <O21_OR_ComponentHypertech>1</O21_OR_ComponentHypertech>
    </costList>
    <statBases>
      <MaxHitPoints>39600</MaxHitPoints>
      <WorkToBuild>158400</WorkToBuild>
    </statBases>
    <altitudeLayer>Zone</altitudeLayer>
  </ThingDef>

  <ThingDef ParentName="CEC_ShipPartImpArquitens">
    <defName>Ship_ImpArquitensClassLightCruiser_SideRightA</defName>
    <label>arquitens-class cruiser (imperial) side right 1</label>
    <graphicData>
      <texPath>ShipParts2/ImpArquitensClassCruiserSideRight1</texPath>
      <drawSize>(16,10)</drawSize>
    </graphicData>
    <size>(16,10)</size>
    <costList>
      <O21_OR_Durasteel>1600</O21_OR_Durasteel>
      <O21_OR_ComponentHypertech>1</O21_OR_ComponentHypertech>
    </costList>
    <statBases>
      <MaxHitPoints>32000</MaxHitPoints>
      <WorkToBuild>128000</WorkToBuild>
    </statBases>
  </ThingDef>

  <ThingDef ParentName="CEC_ShipPartImpArquitens">
    <defName>Ship_ImpArquitensClassLightCruiser_SideRightB</defName>
    <label>arquitens-class cruiser (imperial) side right 2</label>
    <graphicData>
      <texPath>ShipParts2/ImpArquitensClassCruiserSideRight2</texPath>
      <drawSize>(10,6)</drawSize>
    </graphicData>
    <size>(10,6)</size>
    <costList>
      <O21_OR_Durasteel>600</O21_OR_Durasteel>
      <O21_OR_ComponentHypertech>1</O21_OR_ComponentHypertech>
    </costList>
    <statBases>
      <MaxHitPoints>12000</MaxHitPoints>
      <WorkToBuild>48000</WorkToBuild>
    </statBases>
    <altitudeLayer>Zone</altitudeLayer>
  </ThingDef>

  <ThingDef ParentName="CEC_ShipPartImpArquitens">
    <defName>Ship_ImpArquitensClassLightCruiser_SideRightC</defName>
    <label>arquitens-class cruiser (imperial) side right 3</label>
    <graphicData>
      <texPath>ShipParts2/ImpArquitensClassCruiserSideRight3</texPath>
      <drawSize>(7,5)</drawSize>
    </graphicData>
    <size>(7,5)</size>
    <costList>
      <O21_OR_Durasteel>350</O21_OR_Durasteel>
      <O21_OR_ComponentHypertech>1</O21_OR_ComponentHypertech>
    </costList>
    <statBases>
      <MaxHitPoints>7000</MaxHitPoints>
      <WorkToBuild>2800</WorkToBuild>
    </statBases>
  </ThingDef>

  <ThingDef ParentName="CEC_ShipPartImpArquitens">
    <defName>Ship_ImpArquitensClassLightCruiser_SideRightD</defName>
    <label>arquitens-class cruiser (imperial) side right 4</label>
    <graphicData>
      <texPath>ShipParts2/ImpArquitensClassCruiserSideRight4</texPath>
      <drawSize>(9,16)</drawSize>
    </graphicData>
    <size>(9,10)</size>
    <costList>
      <O21_OR_Durasteel>900</O21_OR_Durasteel>
      <O21_OR_ComponentHypertech>1</O21_OR_ComponentHypertech>
    </costList>
    <statBases>
      <MaxHitPoints>18000</MaxHitPoints>
      <WorkToBuild>72000</WorkToBuild>
    </statBases>
  </ThingDef>

  <ThingDef ParentName="CEC_ShipPartImpArquitens">
    <defName>Ship_ImpArquitensClassLightCruiser_SideLeftA</defName>
    <label>arquitens-class cruiser (imperial) side left 1</label>
    <graphicData>
      <texPath>ShipParts2/ImpArquitensClassCruiserSideLeft1</texPath>
      <drawSize>(16,10)</drawSize>
    </graphicData>
    <size>(16,10)</size>
    <costList>
      <O21_OR_Durasteel>1600</O21_OR_Durasteel>
      <O21_OR_ComponentHypertech>1</O21_OR_ComponentHypertech>
    </costList>
    <statBases>
      <MaxHitPoints>32000</MaxHitPoints>
      <WorkToBuild>128000</WorkToBuild>
    </statBases>
  </ThingDef>

  <ThingDef ParentName="CEC_ShipPartImpArquitens">
    <defName>Ship_ImpArquitensClassLightCruiser_SideLeftB</defName>
    <label>arquitens-class cruiser (imperial) side left 2</label>
    <graphicData>
      <texPath>ShipParts2/ImpArquitensClassCruiserSideLeft2</texPath>
      <drawSize>(10,6)</drawSize>
    </graphicData>
    <size>(10,6)</size>
    <costList>
      <O21_OR_Durasteel>600</O21_OR_Durasteel>
      <O21_OR_ComponentHypertech>1</O21_OR_ComponentHypertech>
    </costList>
    <statBases>
      <MaxHitPoints>12000</MaxHitPoints>
      <WorkToBuild>48000</WorkToBuild>
    </statBases>
    <altitudeLayer>Zone</altitudeLayer>
  </ThingDef>

  <ThingDef ParentName="CEC_ShipPartImpArquitens">
    <defName>Ship_ImpArquitensClassLightCruiser_SideLeftC</defName>
    <label>arquitens-class cruiser (imperial) side left 3</label>
    <graphicData>
      <texPath>ShipParts2/ImpArquitensClassCruiserSideLeft3</texPath>
      <drawSize>(7,5)</drawSize>
    </graphicData>
    <size>(7,5)</size>
    <costList>
      <O21_OR_Durasteel>350</O21_OR_Durasteel>
      <O21_OR_ComponentHypertech>1</O21_OR_ComponentHypertech>
    </costList>
    <statBases>
      <MaxHitPoints>7000</MaxHitPoints>
      <WorkToBuild>2800</WorkToBuild>
    </statBases>
  </ThingDef>

  <ThingDef ParentName="CEC_ShipPartImpArquitens">
    <defName>Ship_ImpArquitensClassLightCruiser_SideLeftD</defName>
    <label>arquitens-class cruiser (imperial) side left 4</label>
    <graphicData>
      <texPath>ShipParts2/ImpArquitensClassCruiserSideLeft4</texPath>
      <drawSize>(9,16)</drawSize>
    </graphicData>
    <size>(9,10)</size>
    <costList>
      <O21_OR_Durasteel>900</O21_OR_Durasteel>
      <O21_OR_ComponentHypertech>1</O21_OR_ComponentHypertech>
    </costList>
    <statBases>
      <MaxHitPoints>18000</MaxHitPoints>
      <WorkToBuild>72000</WorkToBuild>
    </statBases>
  </ThingDef>

  <ThingDef ParentName="CEC_ShipPartImpArquitens">
    <defName>Ship_ImpArquitensClassLightCruiser_BackRightA</defName>
    <label>arquitens-class cruiser (imperial) back right 1</label>
    <graphicData>
      <texPath>ShipParts2/ImpArquitensClassCruiserBackRight1</texPath>
      <drawSize>(12,13)</drawSize>
    </graphicData>
    <size>(12,13)</size>
    <costList>
      <O21_OR_Durasteel>1560</O21_OR_Durasteel>
      <O21_OR_ComponentHypertech>1</O21_OR_ComponentHypertech>
    </costList>
    <statBases>
      <MaxHitPoints>31200</MaxHitPoints>
      <WorkToBuild>124800</WorkToBuild>
    </statBases>
  </ThingDef>

  <ThingDef ParentName="CEC_ShipPartImpArquitens">
    <defName>Ship_ImpArquitensClassLightCruiser_BackRightB</defName>
    <label>arquitens-class cruiser (imperial) back right 2</label>
    <graphicData>
      <texPath>ShipParts2/ImpArquitensClassCruiserBackRight2</texPath>
      <drawSize>(8,7)</drawSize>
    </graphicData>
    <size>(8,7)</size>
    <costList>
      <O21_OR_Durasteel>560</O21_OR_Durasteel>
      <O21_OR_ComponentHypertech>1</O21_OR_ComponentHypertech>
    </costList>
    <statBases>
      <MaxHitPoints>11200</MaxHitPoints>
      <WorkToBuild>44800</WorkToBuild>
    </statBases>
  </ThingDef>

  <ThingDef ParentName="CEC_ShipPartImpArquitens">
    <defName>Ship_ImpArquitensClassLightCruiser_BackRightC</defName>
    <label>arquitens-class cruiser (imperial) back right 3</label>
    <graphicData>
      <texPath>ShipParts2/ImpArquitensClassCruiserBackRight3</texPath>
      <drawSize>(13,7)</drawSize>
    </graphicData>
    <size>(13,7)</size>
    <costList>
      <O21_OR_Durasteel>910</O21_OR_Durasteel>
      <O21_OR_ComponentHypertech>1</O21_OR_ComponentHypertech>
    </costList>
    <statBases>
      <MaxHitPoints>18200</MaxHitPoints>
      <WorkToBuild>72800</WorkToBuild>
    </statBases>
  </ThingDef>

  <ThingDef ParentName="CEC_ShipPartImpArquitens">
    <defName>Ship_ImpArquitensClassLightCruiser_BackRightD</defName>
    <label>arquitens-class cruiser (imperial) back right 4</label>
    <graphicData>
      <texPath>ShipParts2/ImpArquitensClassCruiserBackRight4</texPath>
      <drawSize>(13,10)</drawSize>
    </graphicData>
    <size>(13,10)</size>
    <costList>
      <O21_OR_Durasteel>1300</O21_OR_Durasteel>
      <O21_OR_ComponentHypertech>1</O21_OR_ComponentHypertech>
    </costList>
    <statBases>
      <MaxHitPoints>26000</MaxHitPoints>
      <WorkToBuild>104000</WorkToBuild>
    </statBases>
  </ThingDef>

  <ThingDef ParentName="CEC_ShipPartImpArquitens">
    <defName>Ship_ImpArquitensClassLightCruiser_BackLeftA</defName>
    <label>arquitens-class cruiser (imperial) back left 1</label>
    <graphicData>
      <texPath>ShipParts2/ImpArquitensClassCruiserBackLeft1</texPath>
      <drawSize>(12,13)</drawSize>
    </graphicData>
    <size>(12,13)</size>
    <costList>
      <O21_OR_Durasteel>1560</O21_OR_Durasteel>
      <O21_OR_ComponentHypertech>1</O21_OR_ComponentHypertech>
    </costList>
    <statBases>
      <MaxHitPoints>31200</MaxHitPoints>
      <WorkToBuild>124800</WorkToBuild>
    </statBases>
  </ThingDef>

  <ThingDef ParentName="CEC_ShipPartImpArquitens">
    <defName>Ship_ImpArquitensClassLightCruiser_BackLeftB</defName>
    <label>arquitens-class cruiser (imperial) back left 2</label>
    <graphicData>
      <texPath>ShipParts2/ImpArquitensClassCruiserBackLeft2</texPath>
      <drawSize>(8,7)</drawSize>
    </graphicData>
    <size>(8,7)</size>
    <costList>
      <O21_OR_Durasteel>560</O21_OR_Durasteel>
      <O21_OR_ComponentHypertech>1</O21_OR_ComponentHypertech>
    </costList>
    <statBases>
      <MaxHitPoints>11200</MaxHitPoints>
      <WorkToBuild>44800</WorkToBuild>
    </statBases>
  </ThingDef>

  <ThingDef ParentName="CEC_ShipPartImpArquitens">
    <defName>Ship_ImpArquitensClassLightCruiser_BackLeftC</defName>
    <label>arquitens-class cruiser (imperial) back left 3</label>
    <graphicData>
      <texPath>ShipParts2/ImpArquitensClassCruiserBackLeft3</texPath>
      <drawSize>(13,7)</drawSize>
    </graphicData>
    <size>(13,7)</size>
    <costList>
      <O21_OR_Durasteel>910</O21_OR_Durasteel>
      <O21_OR_ComponentHypertech>1</O21_OR_ComponentHypertech>
    </costList>
    <statBases>
      <MaxHitPoints>18200</MaxHitPoints>
      <WorkToBuild>72800</WorkToBuild>
    </statBases>
  </ThingDef>

  <ThingDef ParentName="CEC_ShipPartImpArquitens">
    <defName>Ship_ImpArquitensClassLightCruiser_BackLeftD</defName>
    <label>arquitens-class cruiser (imperial) back left 4</label>
    <graphicData>
      <texPath>ShipParts2/ImpArquitensClassCruiserBackLeft4</texPath>
      <drawSize>(13,10)</drawSize>
    </graphicData>
    <size>(13,10)</size>
    <costList>
      <O21_OR_Durasteel>1300</O21_OR_Durasteel>
      <O21_OR_ComponentHypertech>1</O21_OR_ComponentHypertech>
    </costList>
    <statBases>
      <MaxHitPoints>26000</MaxHitPoints>
      <WorkToBuild>104000</WorkToBuild>
    </statBases>
  </ThingDef>

  <ThingDef ParentName="CEC_ShipPartImpArquitens">
    <defName>Ship_ImpArquitensClassLightCruiser_Back</defName>
    <label>arquitens-class cruiser (imperial) back</label>
    <graphicData>
      <texPath>ShipParts2/ImpArquitensClassCruiserBack</texPath>
      <drawSize>(13,9)</drawSize>
    </graphicData>
    <size>(13,9)</size>
    <costList>
      <O21_OR_Durasteel>1170</O21_OR_Durasteel>
      <O21_OR_ComponentHypertech>1</O21_OR_ComponentHypertech>
    </costList>
    <statBases>
      <MaxHitPoints>23400</MaxHitPoints>
      <WorkToBuild>93600</WorkToBuild>
    </statBases>
  </ThingDef>

  <ThingDef ParentName="CEC_ShipPartImpArquitens">
    <defName>Ship_ImpArquitensClassLightCruiser_End</defName>
    <label>arquitens-class cruiser (imperial) end</label>
    <graphicData>
      <texPath>ShipParts2/ImpArquitensClassCruiserEnd</texPath>
      <drawSize>(1,11)</drawSize>
    </graphicData>
    <size>(1,7)</size>
    <costList>
      <O21_OR_Durasteel>70</O21_OR_Durasteel>
      <O21_OR_ComponentHypertech>1</O21_OR_ComponentHypertech>
    </costList>
    <statBases>
      <MaxHitPoints>1400</MaxHitPoints>
      <WorkToBuild>5600</WorkToBuild>
    </statBases>
  </ThingDef>

  <ThingDef ParentName="CEC_ShipPartImpArquitens">
    <defName>Ship_ImpArquitensClassLightCruiser_ConnectionRight</defName>
    <label>arquitens-class cruiser (imperial) engine connector right</label>
    <graphicData>
      <texPath>ShipParts2/ImpArquitensClassCruiserConnectionRight</texPath>
      <drawSize>(12,14)</drawSize>
    </graphicData>
    <size>(12,12)</size>
    <costList>
      <O21_OR_Durasteel>840</O21_OR_Durasteel>
      <O21_OR_ComponentHypertech>1</O21_OR_ComponentHypertech>
    </costList>
    <statBases>
      <MaxHitPoints>16800</MaxHitPoints>
      <WorkToBuild>67200</WorkToBuild>
    </statBases>
    <altitudeLayer>SmallWire</altitudeLayer>
  </ThingDef>

  <ThingDef ParentName="CEC_ShipPartImpArquitens">
    <defName>Ship_ImpArquitensClassLightCruiser_ConnectionLeft</defName>
    <label>arquitens-class cruiser (imperial) engine connector left</label>
    <graphicData>
      <texPath>ShipParts2/ImpArquitensClassCruiserConnectionLeft</texPath>
      <drawSize>(12,14)</drawSize>
    </graphicData>
    <size>(12,12)</size>
    <costList>
      <O21_OR_Durasteel>840</O21_OR_Durasteel>
      <O21_OR_ComponentHypertech>1</O21_OR_ComponentHypertech>
    </costList>
    <statBases>
      <MaxHitPoints>16800</MaxHitPoints>
      <WorkToBuild>67200</WorkToBuild>
    </statBases>
    <altitudeLayer>SmallWire</altitudeLayer>
  </ThingDef>

  <ThingDef ParentName="CEC_ShipPartImpArquitens">
    <defName>Ship_ImpArquitensClassLightCruiser_EngineBlock</defName>
    <label>arquitens-class cruiser (imperial) engine block</label>
    <graphicData>
      <texPath>ShipParts2/ImpArquitensClassCruiserEngineBlock</texPath>
      <drawSize>(15,11)</drawSize>
    </graphicData>
    <size>(15,11)</size>
    <costList>
      <O21_OR_Durasteel>1650</O21_OR_Durasteel>
      <O21_OR_ComponentHypertech>1</O21_OR_ComponentHypertech>
    </costList>
    <statBases>
      <MaxHitPoints>33000</MaxHitPoints>
      <WorkToBuild>132000</WorkToBuild>
    </statBases>
    <altitudeLayer>Zone</altitudeLayer>
  </ThingDef>

  <ThingDef ParentName="CEC_ShipPartImpArquitens">
    <defName>Ship_ImpArquitensClassLightCruiser_Top</defName>
    <label>arquitens-class cruiser (imperial) top</label>
    <graphicData>
      <texPath>ShipParts2/ImpArquitensClassCruiserTop</texPath>
      <drawSize>(13,13)</drawSize>
    </graphicData>
    <size>(3,13)</size>
    <costList>
      <O21_OR_Durasteel>390</O21_OR_Durasteel>
      <O21_OR_ComponentHypertech>1</O21_OR_ComponentHypertech>
    </costList>
    <statBases>
      <MaxHitPoints>7800</MaxHitPoints>
      <WorkToBuild>31200</WorkToBuild>
    </statBases>
    <altitudeLayer>WorldClipper</altitudeLayer>
  </ThingDef>

  <!--Engine-->
	<ThingDef ParentName="CEC_ShipEngineBase">
		<defName>Ship_ImpArquitensClassLightCruiser_Engine</defName>
		<label>arquitens-class cruiser (imperial) engine</label>
    <description>...</description>
		<graphicData>
			<texPath>ShipParts2/ImpArquitensClassCruiserEngine</texPath>
			<drawSize>(11,3)</drawSize>
		</graphicData>
    <size>(11,3)</size>
		<designatorDropdown>CEC_IACLC_Dropdown</designatorDropdown>
    <researchPrerequisites>
      <li>CEC_KDY_EarlyEmpire_Parts</li>
    </researchPrerequisites>
		<costList>
      <O21_OR_Durasteel>400</O21_OR_Durasteel>
      <O21_OR_ComponentHypertech>3</O21_OR_ComponentHypertech>
    </costList>
    <statBases>
      <MaxHitPoints>4000</MaxHitPoints>
      <WorkToBuild>22000</WorkToBuild>
    </statBases>
		<comps>
			<li Class="CompProperties_Refuelable">
				<fuelCapacity>2000.0</fuelCapacity>
				<targetFuelLevelConfigurable>true</targetFuelLevelConfigurable>
				<fuelFilter>
					<thingDefs>
						<li>Chemfuel</li>
					</thingDefs>
				</fuelFilter>
				<consumeFuelOnlyWhenUsed>true</consumeFuelOnlyWhenUsed>
				<autoRefuelPercent>1</autoRefuelPercent>
				<showFuelGizmo>false</showFuelGizmo>
				<drawOutOfFuelOverlay>false</drawOutOfFuelOverlay>
				<drawFuelGaugeInMap>false</drawFuelGaugeInMap>
				<showAllowAutoRefuelToggle>true</showAllowAutoRefuelToggle>
			</li>
			<li Class="CompProperties_EngineTrail">
				<thrust>4</thrust>
			</li>
		</comps>
	</ThingDef>
  
</Defs>