<?xml version="1.0" encoding="utf-8" ?>
<Defs>

  <ThingDef ParentName="CEC_ShipPartBase" Name="CEC_ShipPartImpDreadnaught"  Abstract="True">
    <designatorDropdown>CEC_DCHC_Dropdown</designatorDropdown>
    <researchPrerequisites>
      <li>CEC_Rendili_Parts</li>
    </researchPrerequisites>
  </ThingDef>

  <ThingDef ParentName="CEC_ShipPartImpDreadnaught">
    <defName>Ship_DreadnaughtClassHeavyCruiser_Front</defName>
    <label>dreadnaught-class heavy cruiser front</label>
    <graphicData>
      <texPath>ShipParts4/DreadnaughtClassCruiserFront</texPath>
      <drawSize>(4,9)</drawSize>
    </graphicData>
    <size>(4,9)</size>
    <costList>
      <O21_OR_Durasteel>360</O21_OR_Durasteel>
      <O21_OR_ComponentHypertech>1</O21_OR_ComponentHypertech>
    </costList>
    <statBases>
      <MaxHitPoints>7200</MaxHitPoints>
      <WorkToBuild>28800</WorkToBuild>
    </statBases>
  </ThingDef>

  <ThingDef ParentName="CEC_ShipPartImpDreadnaught">
    <defName>Ship_DreadnaughtClassHeavyCruiser_FrontRightA</defName>
    <label>dreadnaught-class heavy cruiser front right 1</label>
    <graphicData>
      <texPath>ShipParts4/DreadnaughtClassCruiserFrontRight1</texPath>
      <drawSize>(9,4)</drawSize>
    </graphicData>
    <size>(9,4)</size>
    <costList>
      <O21_OR_Durasteel>360</O21_OR_Durasteel>
      <O21_OR_ComponentHypertech>1</O21_OR_ComponentHypertech>
    </costList>
    <statBases>
      <MaxHitPoints>7200</MaxHitPoints>
      <WorkToBuild>28800</WorkToBuild>
    </statBases>
  </ThingDef>

  <ThingDef ParentName="CEC_ShipPartImpDreadnaught">
    <defName>Ship_DreadnaughtClassHeavyCruiser_FrontRightB</defName>
    <label>dreadnaught-class heavy cruiser front right 2</label>
    <graphicData>
      <texPath>ShipParts4/DreadnaughtClassCruiserFrontRight2</texPath>
      <drawSize>(25,4)</drawSize>
    </graphicData>
    <size>(25,4)</size>
    <costList>
      <O21_OR_Durasteel>1000</O21_OR_Durasteel>
      <O21_OR_ComponentHypertech>1</O21_OR_ComponentHypertech>
    </costList>
    <statBases>
      <MaxHitPoints>20000</MaxHitPoints>
      <WorkToBuild>80000</WorkToBuild>
    </statBases>
  </ThingDef>

  <ThingDef ParentName="CEC_ShipPartImpDreadnaught">
    <defName>Ship_DreadnaughtClassHeavyCruiser_FrontLeftA</defName>
    <label>dreadnaught-class heavy cruiser front left 1</label>
    <graphicData>
      <texPath>ShipParts4/DreadnaughtClassCruiserFrontLeft1</texPath>
      <drawSize>(9,4)</drawSize>
    </graphicData>
    <size>(9,4)</size>
    <costList>
      <O21_OR_Durasteel>360</O21_OR_Durasteel>
      <O21_OR_ComponentHypertech>1</O21_OR_ComponentHypertech>
    </costList>
    <statBases>
      <MaxHitPoints>7200</MaxHitPoints>
      <WorkToBuild>28800</WorkToBuild>
    </statBases>
  </ThingDef>

  <ThingDef ParentName="CEC_ShipPartImpDreadnaught">
    <defName>Ship_DreadnaughtClassHeavyCruiser_FrontLeftB</defName>
    <label>dreadnaught-class heavy cruiser front left 2</label>
    <graphicData>
      <texPath>ShipParts4/DreadnaughtClassCruiserFrontLeft2</texPath>
      <drawSize>(25,4)</drawSize>
    </graphicData>
    <size>(25,4)</size>
    <costList>
      <O21_OR_Durasteel>1000</O21_OR_Durasteel>
      <O21_OR_ComponentHypertech>1</O21_OR_ComponentHypertech>
    </costList>
    <statBases>
      <MaxHitPoints>20000</MaxHitPoints>
      <WorkToBuild>80000</WorkToBuild>
    </statBases>
  </ThingDef>

  <ThingDef ParentName="CEC_ShipPartImpDreadnaught">
    <defName>Ship_DreadnaughtClassHeavyCruiser_SideRightA</defName>
    <label>dreadnaught-class heavy cruiser side right 1</label>
    <graphicData>
      <texPath>ShipParts4/DreadnaughtClassCruiserSideRight1</texPath>
      <drawSize>(25,4)</drawSize>
    </graphicData>
    <size>(25,4)</size>
    <costList>
      <O21_OR_Durasteel>1000</O21_OR_Durasteel>
      <O21_OR_ComponentHypertech>1</O21_OR_ComponentHypertech>
    </costList>
    <statBases>
      <MaxHitPoints>20000</MaxHitPoints>
      <WorkToBuild>80000</WorkToBuild>
    </statBases>
  </ThingDef>

  <ThingDef ParentName="CEC_ShipPartImpDreadnaught">
    <defName>Ship_DreadnaughtClassHeavyCruiser_SideRightB</defName>
    <label>dreadnaught-class heavy cruiser side right 2</label>
    <graphicData>
      <texPath>ShipParts4/DreadnaughtClassCruiserSideRight2</texPath>
      <drawSize>(14,3)</drawSize>
    </graphicData>
    <size>(14,3)</size>
    <costList>
      <O21_OR_Durasteel>410</O21_OR_Durasteel>
      <O21_OR_ComponentHypertech>1</O21_OR_ComponentHypertech>
    </costList>
    <statBases>
      <MaxHitPoints>8400</MaxHitPoints>
      <WorkToBuild>33600</WorkToBuild>
    </statBases>
  </ThingDef>

  <ThingDef ParentName="CEC_ShipPartImpDreadnaught">
    <defName>Ship_DreadnaughtClassHeavyCruiser_SideRightC</defName>
    <label>dreadnaught-class heavy cruiser side right 3</label>
    <graphicData>
      <texPath>ShipParts4/DreadnaughtClassCruiserSideRight3</texPath>
      <drawSize>(21,5)</drawSize>
    </graphicData>
    <size>(21,5)</size>
    <costList>
      <O21_OR_Durasteel>1050</O21_OR_Durasteel>
      <O21_OR_ComponentHypertech>1</O21_OR_ComponentHypertech>
    </costList>
    <statBases>
      <MaxHitPoints>21000</MaxHitPoints>
      <WorkToBuild>84000</WorkToBuild>
    </statBases>
  </ThingDef>

  <ThingDef ParentName="CEC_ShipPartImpDreadnaught">
    <defName>Ship_DreadnaughtClassHeavyCruiser_SideLeftA</defName>
    <label>dreadnaught-class heavy cruiser side left 1</label>
    <graphicData>
      <texPath>ShipParts4/DreadnaughtClassCruiserSideLeft1</texPath>
      <drawSize>(25,4)</drawSize>
    </graphicData>
    <size>(25,4)</size>
    <costList>
      <O21_OR_Durasteel>1000</O21_OR_Durasteel>
      <O21_OR_ComponentHypertech>1</O21_OR_ComponentHypertech>
    </costList>
    <statBases>
      <MaxHitPoints>20000</MaxHitPoints>
      <WorkToBuild>80000</WorkToBuild>
    </statBases>
  </ThingDef>

  <ThingDef ParentName="CEC_ShipPartImpDreadnaught">
    <defName>Ship_DreadnaughtClassHeavyCruiser_SideLeftB</defName>
    <label>dreadnaught-class heavy cruiser side left 2</label>
    <graphicData>
      <texPath>ShipParts4/DreadnaughtClassCruiserSideLeft2</texPath>
      <drawSize>(14,3)</drawSize>
    </graphicData>
    <size>(14,3)</size>
    <costList>
      <O21_OR_Durasteel>410</O21_OR_Durasteel>
      <O21_OR_ComponentHypertech>1</O21_OR_ComponentHypertech>
    </costList>
    <statBases>
      <MaxHitPoints>8400</MaxHitPoints>
      <WorkToBuild>33600</WorkToBuild>
    </statBases>
  </ThingDef>

  <ThingDef ParentName="CEC_ShipPartImpDreadnaught">
    <defName>Ship_DreadnaughtClassHeavyCruiser_SideLeftC</defName>
    <label>dreadnaught-class heavy cruiser side left 3</label>
    <graphicData>
      <texPath>ShipParts4/DreadnaughtClassCruiserSideLeft3</texPath>
      <drawSize>(21,5)</drawSize>
    </graphicData>
    <size>(21,5)</size>
    <costList>
      <O21_OR_Durasteel>1050</O21_OR_Durasteel>
      <O21_OR_ComponentHypertech>1</O21_OR_ComponentHypertech>
    </costList>
    <statBases>
      <MaxHitPoints>21000</MaxHitPoints>
      <WorkToBuild>84000</WorkToBuild>
    </statBases>
  </ThingDef>

  <ThingDef ParentName="CEC_ShipPartImpDreadnaught">
    <defName>Ship_DreadnaughtClassHeavyCruiser_Back</defName>
    <label>dreadnaught-class heavy cruiser back</label>
    <graphicData>
      <texPath>ShipParts4/DreadnaughtClassCruiserBack</texPath>
      <drawSize>(12,15)</drawSize>
    </graphicData>
    <size>(12,15)</size>
    <costList>
      <O21_OR_Durasteel>1800</O21_OR_Durasteel>
      <O21_OR_ComponentHypertech>1</O21_OR_ComponentHypertech>
    </costList>
    <statBases>
      <MaxHitPoints>36000</MaxHitPoints>
      <WorkToBuild>144000</WorkToBuild>
    </statBases>
  </ThingDef>

  <ThingDef ParentName="CEC_ShipPartImpDreadnaught">
    <defName>Ship_DreadnaughtClassHeavyCruiser_BackRight</defName>
    <label>dreadnaught-class heavy cruiser back right</label>
    <graphicData>
      <texPath>ShipParts4/DreadnaughtClassCruiserBackRight</texPath>
      <drawSize>(21,4)</drawSize>
    </graphicData>
    <size>(21,4)</size>
    <costList>
      <O21_OR_Durasteel>840</O21_OR_Durasteel>
      <O21_OR_ComponentHypertech>1</O21_OR_ComponentHypertech>
    </costList>
    <statBases>
      <MaxHitPoints>16800</MaxHitPoints>
      <WorkToBuild>67200</WorkToBuild>
    </statBases>
  </ThingDef>

  <ThingDef ParentName="CEC_ShipPartImpDreadnaught">
    <defName>Ship_DreadnaughtClassHeavyCruiser_BackLeft</defName>
    <label>dreadnaught-class heavy cruiser back left</label>
    <graphicData>
      <texPath>ShipParts4/DreadnaughtClassCruiserBackLeft</texPath>
      <drawSize>(21,4)</drawSize>
    </graphicData>
    <size>(21,4)</size>
    <costList>
      <O21_OR_Durasteel>840</O21_OR_Durasteel>
      <O21_OR_ComponentHypertech>1</O21_OR_ComponentHypertech>
    </costList>
    <statBases>
      <MaxHitPoints>16800</MaxHitPoints>
      <WorkToBuild>67200</WorkToBuild>
    </statBases>
  </ThingDef>

  <ThingDef ParentName="CEC_ShipPartImpDreadnaught">
    <defName>Ship_DreadnaughtClassHeavyCruiser_EngineBlock</defName>
    <label>dreadnaught-class heavy cruiser engine block</label>
    <graphicData>
      <texPath>ShipParts4/DreadnaughtClassCruiserEngineBlock</texPath>
      <drawSize>(9,23)</drawSize>
    </graphicData>
    <size>(9,23)</size>
    <costList>
      <O21_OR_Durasteel>2070</O21_OR_Durasteel>
      <O21_OR_ComponentHypertech>1</O21_OR_ComponentHypertech>
    </costList>
    <statBases>
      <MaxHitPoints>41400</MaxHitPoints>
      <WorkToBuild>165600</WorkToBuild>
    </statBases>
  </ThingDef>

  <!--Engine-->
  <ThingDef ParentName="CEC_ShipEngineBase" Name="CEC_ShipPartImpDreadnaught_Engine"   Abstract="True">
    <description>...</description>
    <designatorDropdown>CEC_DCHC_Dropdown</designatorDropdown>
    <researchPrerequisites>
      <li>CEC_Rendili_Parts</li>
    </researchPrerequisites>
    <costList>
      <O21_OR_Durasteel>300</O21_OR_Durasteel>
      <O21_OR_ComponentHypertech>3</O21_OR_ComponentHypertech>
    </costList>
    <statBases>
      <MaxHitPoints>3000</MaxHitPoints>
      <WorkToBuild>22000</WorkToBuild>
    </statBases>
    <comps>
      <li Class="CompProperties_Refuelable">
        <fuelCapacity>1500.0</fuelCapacity>
        <targetFuelLevelConfigurable>true</targetFuelLevelConfigurable>
        <fuelFilter>
          <thingDefs>
            <li>Chemfuel</li>
          </thingDefs>
        </fuelFilter>
        <consumeFuelOnlyWhenUsed>true</consumeFuelOnlyWhenUsed>
        <autoRefuelPercent>1</autoRefuelPercent>
        <showFuelGizmo>false</showFuelGizmo>
        <drawOutOfFuelOverlay>false</drawOutOfFuelOverlay>
        <drawFuelGaugeInMap>false</drawFuelGaugeInMap>
        <showAllowAutoRefuelToggle>true</showAllowAutoRefuelToggle>
      </li>
      <li Class="CompProperties_EngineTrail">
        <thrust>3</thrust>
      </li>
    </comps>
  </ThingDef>

  <ThingDef ParentName="CEC_ShipPartImpDreadnaught_Engine">
    <defName>Ship_DreadnaughtClassHeavyCruiser_EngineR</defName>
    <label>dreadnaught-class heavy cruiser engine right</label>
    <graphicData>
      <texPath>ShipParts4/DreadnaughtClassCruiserEngineRight</texPath>
      <drawSize>(13,3)</drawSize>
    </graphicData>
    <size>(11,3)</size>
  </ThingDef>

  <ThingDef ParentName="CEC_ShipPartImpDreadnaught_Engine">
    <defName>Ship_DreadnaughtClassHeavyCruiser_EngineL</defName>
    <label>dreadnaught-class heavy cruiser engine left</label>
    <graphicData>
      <texPath>ShipParts4/DreadnaughtClassCruiserEngineLeft</texPath>
      <drawSize>(13,3)</drawSize>
    </graphicData>
    <size>(11,3)</size>
  </ThingDef>
  
</Defs>