<?xml version="1.0" encoding="utf-8" ?>
<Defs>

  <ThingDef ParentName="CEC_ShipPartBase" Name="CEC_ShipPartQuasar"  Abstract="True">
    <designatorDropdown>CEC_QCC_Dropdown</designatorDropdown>
    <researchPrerequisites>
      <li>CEC_Sorosuub_Parts</li>
    </researchPrerequisites>
  </ThingDef>

  <ThingDef ParentName="CEC_ShipPartQuasar">
    <defName>Ship_QuasarClassCarrier_Front</defName>
    <label>quasar-class carrier front</label>
    <graphicData>
      <texPath>ShipParts4/QuasarClassCarrierFront</texPath>
      <drawSize>(3,7)</drawSize>
    </graphicData>
    <size>(3,7)</size>
    <costList>
      <O21_OR_Durasteel>210</O21_OR_Durasteel>
      <O21_OR_ComponentHypertech>1</O21_OR_ComponentHypertech>
    </costList>
    <statBases>
      <MaxHitPoints>4200</MaxHitPoints>
      <WorkToBuild>16800</WorkToBuild>
    </statBases>
  </ThingDef>

  <ThingDef ParentName="CEC_ShipPartQuasar">
    <defName>Ship_QuasarClassCarrier_FrontRightA</defName>
    <label>quasar-class carrier front right 1</label>
    <graphicData>
      <texPath>ShipParts4/QuasarClassCarrierFrontRight1</texPath>
      <drawSize>(9,8)</drawSize>
    </graphicData>
    <size>(9,6)</size>
    <costList>
      <O21_OR_Durasteel>540</O21_OR_Durasteel>
      <O21_OR_ComponentHypertech>1</O21_OR_ComponentHypertech>
    </costList>
    <statBases>
      <MaxHitPoints>10800</MaxHitPoints>
      <WorkToBuild>43200</WorkToBuild>
    </statBases>
  </ThingDef>

  <ThingDef ParentName="CEC_ShipPartQuasar">
    <defName>Ship_QuasarClassCarrier_FrontRightB</defName>
    <label>quasar-class carrier front right 2</label>
    <graphicData>
      <texPath>ShipParts4/QuasarClassCarrierFrontRight2</texPath>
      <drawSize>(7,11)</drawSize>
    </graphicData>
    <size>(7,11)</size>
    <costList>
      <O21_OR_Durasteel>770</O21_OR_Durasteel>
      <O21_OR_ComponentHypertech>1</O21_OR_ComponentHypertech>
    </costList>
    <statBases>
      <MaxHitPoints>15400</MaxHitPoints>
      <WorkToBuild>61600</WorkToBuild>
    </statBases>
  </ThingDef>

  <ThingDef ParentName="CEC_ShipPartQuasar">
    <defName>Ship_QuasarClassCarrier_FrontLeftA</defName>
    <label>quasar-class carrier front left 1</label>
    <graphicData>
      <texPath>ShipParts4/QuasarClassCarrierFrontLeft1</texPath>
      <drawSize>(9,8)</drawSize>
    </graphicData>
    <size>(9,6)</size>
    <costList>
      <O21_OR_Durasteel>540</O21_OR_Durasteel>
      <O21_OR_ComponentHypertech>1</O21_OR_ComponentHypertech>
    </costList>
    <statBases>
      <MaxHitPoints>10800</MaxHitPoints>
      <WorkToBuild>43200</WorkToBuild>
    </statBases>
  </ThingDef>

  <ThingDef ParentName="CEC_ShipPartQuasar">
    <defName>Ship_QuasarClassCarrier_FrontLeftB</defName>
    <label>quasar-class carrier front left 2</label>
    <graphicData>
      <texPath>ShipParts4/QuasarClassCarrierFrontLeft2</texPath>
      <drawSize>(7,11)</drawSize>
    </graphicData>
    <size>(7,11)</size>
    <costList>
      <O21_OR_Durasteel>770</O21_OR_Durasteel>
      <O21_OR_ComponentHypertech>1</O21_OR_ComponentHypertech>
    </costList>
    <statBases>
      <MaxHitPoints>15400</MaxHitPoints>
      <WorkToBuild>61600</WorkToBuild>
    </statBases>
  </ThingDef>

  <ThingDef ParentName="CEC_ShipPartQuasar">
    <defName>Ship_QuasarClassCarrier_SideRightA</defName>
    <label>quasar-class carrier side right 1</label>
    <graphicData>
      <texPath>ShipParts4/QuasarClassCarrierSideRight1</texPath>
      <drawSize>(17,10)</drawSize>
    </graphicData>
    <size>(17,8)</size>
    <costList>
      <O21_OR_Durasteel>1360</O21_OR_Durasteel>
      <O21_OR_ComponentHypertech>1</O21_OR_ComponentHypertech>
    </costList>
    <statBases>
      <MaxHitPoints>27200</MaxHitPoints>
      <WorkToBuild>108800</WorkToBuild>
    </statBases>
  </ThingDef>

  <ThingDef ParentName="CEC_ShipPartQuasar">
    <defName>Ship_QuasarClassCarrier_SideRightB</defName>
    <label>quasar-class carrier side right 2</label>
    <graphicData>
      <texPath>ShipParts4/QuasarClassCarrierSideRight2</texPath>
      <drawSize>(17,10)</drawSize>
    </graphicData>
    <size>(17,8)</size>
    <costList>
      <O21_OR_Durasteel>1360</O21_OR_Durasteel>
      <O21_OR_ComponentHypertech>1</O21_OR_ComponentHypertech>
    </costList>
    <statBases>
      <MaxHitPoints>27200</MaxHitPoints>
      <WorkToBuild>108800</WorkToBuild>
    </statBases>
  </ThingDef>

  <ThingDef ParentName="CEC_ShipPartQuasar">
    <defName>Ship_QuasarClassCarrier_SideRightC</defName>
    <label>quasar-class carrier side right 3</label>
    <graphicData>
      <texPath>ShipParts4/QuasarClassCarrierSideRight3</texPath>
      <drawSize>(11,7)</drawSize>
    </graphicData>
    <size>(11,5)</size>
    <costList>
      <O21_OR_Durasteel>550</O21_OR_Durasteel>
      <O21_OR_ComponentHypertech>1</O21_OR_ComponentHypertech>
    </costList>
    <statBases>
      <MaxHitPoints>11000</MaxHitPoints>
      <WorkToBuild>44000</WorkToBuild>
    </statBases>
  </ThingDef>

  <ThingDef ParentName="CEC_ShipPartQuasar">
    <defName>Ship_QuasarClassCarrier_SideRightD</defName>
    <label>quasar-class carrier side right 4</label>
    <graphicData>
      <texPath>ShipParts4/QuasarClassCarrierSideRight4</texPath>
      <drawSize>(8,30)</drawSize>
    </graphicData>
    <size>(8,30)</size>
    <costList>
      <O21_OR_Durasteel>2400</O21_OR_Durasteel>
      <O21_OR_ComponentHypertech>1</O21_OR_ComponentHypertech>
    </costList>
    <statBases>
      <MaxHitPoints>48000</MaxHitPoints>
      <WorkToBuild>192000</WorkToBuild>
    </statBases>
  </ThingDef>

  <ThingDef ParentName="CEC_ShipPartQuasar">
    <defName>Ship_QuasarClassCarrier_SideLeftA</defName>
    <label>quasar-class carrier side left 1</label>
    <graphicData>
      <texPath>ShipParts4/QuasarClassCarrierSideLeft1</texPath>
      <drawSize>(17,10)</drawSize>
    </graphicData>
    <size>(17,8)</size>
    <costList>
      <O21_OR_Durasteel>1360</O21_OR_Durasteel>
      <O21_OR_ComponentHypertech>1</O21_OR_ComponentHypertech>
    </costList>
    <statBases>
      <MaxHitPoints>27200</MaxHitPoints>
      <WorkToBuild>108800</WorkToBuild>
    </statBases>
  </ThingDef>

  <ThingDef ParentName="CEC_ShipPartQuasar">
    <defName>Ship_QuasarClassCarrier_SideLeftB</defName>
    <label>quasar-class carrier side left 2</label>
    <graphicData>
      <texPath>ShipParts4/QuasarClassCarrierSideLeft2</texPath>
      <drawSize>(17,10)</drawSize>
    </graphicData>
    <size>(17,8)</size>
    <costList>
      <O21_OR_Durasteel>1360</O21_OR_Durasteel>
      <O21_OR_ComponentHypertech>1</O21_OR_ComponentHypertech>
    </costList>
    <statBases>
      <MaxHitPoints>27200</MaxHitPoints>
      <WorkToBuild>108800</WorkToBuild>
    </statBases>
  </ThingDef>

  <ThingDef ParentName="CEC_ShipPartQuasar">
    <defName>Ship_QuasarClassCarrier_SideLeftC</defName>
    <label>quasar-class carrier side left 3</label>
    <graphicData>
      <texPath>ShipParts4/QuasarClassCarrierSideLeft3</texPath>
      <drawSize>(11,7)</drawSize>
    </graphicData>
    <size>(11,5)</size>
    <costList>
      <O21_OR_Durasteel>550</O21_OR_Durasteel>
      <O21_OR_ComponentHypertech>1</O21_OR_ComponentHypertech>
    </costList>
    <statBases>
      <MaxHitPoints>11000</MaxHitPoints>
      <WorkToBuild>44000</WorkToBuild>
    </statBases>
  </ThingDef>

  <ThingDef ParentName="CEC_ShipPartQuasar">
    <defName>Ship_QuasarClassCarrier_SideLeftD</defName>
    <label>quasar-class carrier side left 4</label>
    <graphicData>
      <texPath>ShipParts4/QuasarClassCarrierSideLeft4</texPath>
      <drawSize>(8,30)</drawSize>
    </graphicData>
    <size>(8,30)</size>
    <costList>
      <O21_OR_Durasteel>2400</O21_OR_Durasteel>
      <O21_OR_ComponentHypertech>1</O21_OR_ComponentHypertech>
    </costList>
    <statBases>
      <MaxHitPoints>48000</MaxHitPoints>
      <WorkToBuild>192000</WorkToBuild>
    </statBases>
  </ThingDef>

  <ThingDef ParentName="CEC_ShipPartQuasar">
    <defName>Ship_QuasarClassCarrier_SideTop</defName>
    <label>quasar-class carrier side top</label>
    <graphicData>
      <texPath>ShipParts4/QuasarClassCarrierSideTop</texPath>
      <drawSize>(8,3)</drawSize>
    </graphicData>
    <size>(8,3)</size>
    <costList>
      <O21_OR_Durasteel>240</O21_OR_Durasteel>
      <O21_OR_ComponentHypertech>1</O21_OR_ComponentHypertech>
    </costList>
    <statBases>
      <MaxHitPoints>4800</MaxHitPoints>
      <WorkToBuild>19200</WorkToBuild>
    </statBases>
    <altitudeLayer>WorldClipper</altitudeLayer>
  </ThingDef>

  <ThingDef ParentName="CEC_ShipPartQuasar">
    <defName>Ship_QuasarClassCarrier_BackRightA</defName>
    <label>quasar-class carrier back right 1</label>
    <graphicData>
      <texPath>ShipParts4/QuasarClassCarrierBackRight1</texPath>
      <drawSize>(15,9)</drawSize>
    </graphicData>
    <size>(1,9)</size>
    <costList>
      <O21_OR_Durasteel>90</O21_OR_Durasteel>
      <O21_OR_ComponentHypertech>1</O21_OR_ComponentHypertech>
    </costList>
    <statBases>
      <MaxHitPoints>1800</MaxHitPoints>
      <WorkToBuild>7200</WorkToBuild>
    </statBases>
  </ThingDef>

  <ThingDef ParentName="CEC_ShipPartQuasar">
    <defName>Ship_QuasarClassCarrier_BackRightB</defName>
    <label>quasar-class carrier back right 2</label>
    <graphicData>
      <texPath>ShipParts4/QuasarClassCarrierBackRight2</texPath>
      <drawSize>(43,4)</drawSize>
    </graphicData>
    <size>(43,4)</size>
    <costList>
      <O21_OR_Durasteel>1720</O21_OR_Durasteel>
      <O21_OR_ComponentHypertech>1</O21_OR_ComponentHypertech>
    </costList>
    <statBases>
      <MaxHitPoints>34400</MaxHitPoints>
      <WorkToBuild>137600</WorkToBuild>
    </statBases>
  </ThingDef>

  <ThingDef ParentName="CEC_ShipPartQuasar">
    <defName>Ship_QuasarClassCarrier_BackLeftA</defName>
    <label>quasar-class carrier back left 1</label>
    <graphicData>
      <texPath>ShipParts4/QuasarClassCarrierBackLeft1</texPath>
      <drawSize>(15,9)</drawSize>
    </graphicData>
    <size>(1,9)</size>
    <costList>
      <O21_OR_Durasteel>90</O21_OR_Durasteel>
      <O21_OR_ComponentHypertech>1</O21_OR_ComponentHypertech>
    </costList>
    <statBases>
      <MaxHitPoints>1800</MaxHitPoints>
      <WorkToBuild>7200</WorkToBuild>
    </statBases>
  </ThingDef>

  <ThingDef ParentName="CEC_ShipPartQuasar">
    <defName>Ship_QuasarClassCarrier_BackLeftB</defName>
    <label>quasar-class carrier back left 2</label>
    <graphicData>
      <texPath>ShipParts4/QuasarClassCarrierBackLeft2</texPath>
      <drawSize>(43,4)</drawSize>
    </graphicData>
    <size>(43,4)</size>
    <costList>
      <O21_OR_Durasteel>1720</O21_OR_Durasteel>
      <O21_OR_ComponentHypertech>1</O21_OR_ComponentHypertech>
    </costList>
    <statBases>
      <MaxHitPoints>34400</MaxHitPoints>
      <WorkToBuild>137600</WorkToBuild>
    </statBases>
  </ThingDef>

  <ThingDef ParentName="CEC_ShipPartQuasar">
    <defName>Ship_QuasarClassCarrier_EngineBlockRight</defName>
    <label>quasar-class carrier engine block right</label>
    <graphicData>
      <texPath>ShipParts4/QuasarClassCarrierEngineBlockRight</texPath>
      <drawSize>(8,36)</drawSize>
    </graphicData>
    <size>(2,36)</size>
    <costList>
      <O21_OR_Durasteel>720</O21_OR_Durasteel>
      <O21_OR_ComponentHypertech>1</O21_OR_ComponentHypertech>
    </costList>
    <statBases>
      <MaxHitPoints>14400</MaxHitPoints>
      <WorkToBuild>57600</WorkToBuild>
    </statBases>
  </ThingDef>

  <ThingDef ParentName="CEC_ShipPartQuasar">
    <defName>Ship_QuasarClassCarrier_EngineBlockLeft</defName>
    <label>quasar-class carrier engine block left</label>
    <graphicData>
      <texPath>ShipParts4/QuasarClassCarrierEngineBlockLeft</texPath>
      <drawSize>(8,36)</drawSize>
    </graphicData>
    <size>(2,36)</size>
    <costList>
      <O21_OR_Durasteel>720</O21_OR_Durasteel>
      <O21_OR_ComponentHypertech>1</O21_OR_ComponentHypertech>
    </costList>
    <statBases>
      <MaxHitPoints>14400</MaxHitPoints>
      <WorkToBuild>57600</WorkToBuild>
    </statBases>
  </ThingDef>

  <ThingDef ParentName="CEC_ShipPartQuasar">
    <defName>Ship_QuasarClassCarrier_EngineBlockCentre</defName>
    <label>quasar-class carrier engine block centre</label>
    <graphicData>
      <texPath>ShipParts4/QuasarClassCarrierEngineBlockCentre</texPath>
      <drawSize>(3,9)</drawSize>
    </graphicData>
    <size>(3,9)</size>
    <costList>
      <O21_OR_Durasteel>270</O21_OR_Durasteel>
      <O21_OR_ComponentHypertech>1</O21_OR_ComponentHypertech>
    </costList>
    <statBases>
      <MaxHitPoints>5400</MaxHitPoints>
      <WorkToBuild>21600</WorkToBuild>
    </statBases>
  </ThingDef>

  <ThingDef ParentName="CEC_ShipPartQuasar">
    <defName>Ship_QuasarClassCarrier_Top</defName>
    <label>quasar-class carrier top</label>
    <graphicData>
      <texPath>ShipParts4/QuasarClassCarrierTop</texPath>
      <drawSize>(22,13)</drawSize>
    </graphicData>
    <size>(2,7)</size>
    <costList>
      <O21_OR_Durasteel>140</O21_OR_Durasteel>
      <O21_OR_ComponentHypertech>1</O21_OR_ComponentHypertech>
    </costList>
    <statBases>
      <MaxHitPoints>2800</MaxHitPoints>
      <WorkToBuild>11200</WorkToBuild>
    </statBases>
    <altitudeLayer>WorldClipper</altitudeLayer>
  </ThingDef>

  <!--Engine-->
  <ThingDef ParentName="CEC_ShipEngineBase" Name="CEC_ShipPartQuasar_Engine"   Abstract="True">
    <description>...</description>
    <designatorDropdown>CEC_QCC_Dropdown</designatorDropdown>
    <researchPrerequisites>
      <li>CEC_Sorosuub_Parts</li>
    </researchPrerequisites>
    <costList>
      <O21_OR_Durasteel>200</O21_OR_Durasteel>
      <O21_OR_ComponentHypertech>3</O21_OR_ComponentHypertech>
    </costList>
    <statBases>
      <MaxHitPoints>2000</MaxHitPoints>
      <WorkToBuild>22000</WorkToBuild>
    </statBases>
    <comps>
      <li Class="CompProperties_Refuelable">
        <fuelCapacity>1000.0</fuelCapacity>
        <targetFuelLevelConfigurable>true</targetFuelLevelConfigurable>
        <fuelFilter>
          <thingDefs>
            <li>Chemfuel</li>
          </thingDefs>
        </fuelFilter>
        <consumeFuelOnlyWhenUsed>true</consumeFuelOnlyWhenUsed>
        <autoRefuelPercent>1</autoRefuelPercent>
        <showFuelGizmo>false</showFuelGizmo>
        <drawOutOfFuelOverlay>false</drawOutOfFuelOverlay>
        <drawFuelGaugeInMap>false</drawFuelGaugeInMap>
        <showAllowAutoRefuelToggle>true</showAllowAutoRefuelToggle>
      </li>
      <li Class="CompProperties_EngineTrail">
        <thrust>2</thrust>
      </li>
    </comps>
  </ThingDef>

  <ThingDef ParentName="CEC_ShipPartQuasar_Engine">
    <defName>Ship_QuasarClassCarrier_EngineA</defName>
    <label>quasar-class carrier engine 1</label>
    <graphicData>
      <texPath>ShipParts4/QuasarClassCarrierEngine1</texPath>
      <drawSize>(6,1)</drawSize>
    </graphicData>
    <size>(6,1)</size>
  </ThingDef>

  <ThingDef ParentName="CEC_ShipPartQuasar_Engine">
    <defName>Ship_QuasarClassCarrier_EngineB</defName>
    <label>quasar-class carrier engine 2</label>
    <graphicData>
      <texPath>ShipParts4/QuasarClassCarrierEngine2</texPath>
      <drawSize>(6,1)</drawSize>
    </graphicData>
    <size>(6,1)</size>
  </ThingDef>

  <ThingDef ParentName="CEC_ShipPartQuasar_Engine">
    <defName>Ship_QuasarClassCarrier_EngineC</defName>
    <label>quasar-class carrier engine 3</label>
    <graphicData>
      <texPath>ShipParts4/QuasarClassCarrierEngine3</texPath>
      <drawSize>(9,3)</drawSize>
    </graphicData>
    <size>(9,3)</size>
  </ThingDef>

  <ThingDef ParentName="CEC_ShipPartQuasar_Engine">
    <defName>Ship_QuasarClassCarrier_EngineD</defName>
    <label>quasar-class carrier engine 4</label>
    <graphicData>
      <texPath>ShipParts4/QuasarClassCarrierEngine4</texPath>
      <drawSize>(6,1)</drawSize>
    </graphicData>
    <size>(6,1)</size>
  </ThingDef>

  <ThingDef ParentName="CEC_ShipPartQuasar_Engine">
    <defName>Ship_QuasarClassCarrier_EngineE</defName>
    <label>quasar-class carrier engine 5</label>
    <graphicData>
      <texPath>ShipParts4/QuasarClassCarrierEngine5</texPath>
      <drawSize>(6,1)</drawSize>
    </graphicData>
    <size>(6,1)</size>
  </ThingDef>

  
</Defs>