<?xml version="1.0" encoding="utf-8" ?>
<Defs>

  <ThingDef ParentName="CEC_ShipPartBase" Name="CEC_ShipPartDP20Frigate"  Abstract="True">
    <designatorDropdown>CEC_DP20F_Dropdown</designatorDropdown>
    <researchPrerequisites>
      <li>CEC_CEC_Armed_Parts</li>
    </researchPrerequisites>
  </ThingDef>

  <ThingDef ParentName="CEC_ShipPartDP20Frigate">
    <defName>Ship_DP20Frigate_Front</defName>
    <label>DP20 frigate front</label>
    <graphicData>
      <texPath>ShipParts/DP20FrigateFront</texPath>
      <drawSize>(6,7)</drawSize>
    </graphicData>
    <size>(6,7)</size>
    <costList>
      <O21_OR_Durasteel>420</O21_OR_Durasteel>
      <O21_OR_ComponentHypertech>1</O21_OR_ComponentHypertech>
    </costList>
    <statBases>
      <MaxHitPoints>8400</MaxHitPoints>
      <WorkToBuild>33600</WorkToBuild>
    </statBases>
  </ThingDef>

  <ThingDef ParentName="CEC_ShipPartDP20Frigate">
    <defName>Ship_DP20Frigate_FrontLeft</defName>
    <label>DP20 frigate front left</label>
    <graphicData>
      <texPath>ShipParts/DP20FrigateFrontLeft</texPath>
      <drawSize>(12,3)</drawSize>
    </graphicData>
    <size>(12,3)</size>
    <costList>
      <O21_OR_Durasteel>360</O21_OR_Durasteel>
      <O21_OR_ComponentHypertech>1</O21_OR_ComponentHypertech>
    </costList>
    <statBases>
      <MaxHitPoints>7200</MaxHitPoints>
      <WorkToBuild>28800</WorkToBuild>
    </statBases>
  </ThingDef>

  <ThingDef ParentName="CEC_ShipPartDP20Frigate">
    <defName>Ship_DP20Frigate_FrontRight</defName>
    <label>DP20 frigate front right</label>
    <graphicData>
      <texPath>ShipParts/DP20FrigateFrontRight</texPath>
      <drawSize>(12,3)</drawSize>
    </graphicData>
    <size>(12,3)</size>
    <costList>
      <O21_OR_Durasteel>360</O21_OR_Durasteel>
      <O21_OR_ComponentHypertech>1</O21_OR_ComponentHypertech>
    </costList>
    <statBases>
      <MaxHitPoints>7200</MaxHitPoints>
      <WorkToBuild>28800</WorkToBuild>
    </statBases>
  </ThingDef>

  <ThingDef ParentName="CEC_ShipPartDP20Frigate">
    <defName>Ship_DP20Frigate_SideLeftA</defName>
    <label>DP20 frigate side front left</label>
    <graphicData>
      <texPath>ShipParts/DP20FrigateSideLeft1</texPath>
      <drawSize>(6,2)</drawSize>
    </graphicData>
    <size>(6,2)</size>
    <costList>
      <O21_OR_Durasteel>120</O21_OR_Durasteel>
      <O21_OR_ComponentHypertech>1</O21_OR_ComponentHypertech>
    </costList>
    <statBases>
      <MaxHitPoints>2400</MaxHitPoints>
      <WorkToBuild>9600</WorkToBuild>
    </statBases>
  </ThingDef>

  <ThingDef ParentName="CEC_ShipPartDP20Frigate">
    <defName>Ship_DP20Frigate_SideLeftB</defName>
    <label>DP20 frigate side left</label>
    <graphicData>
      <texPath>ShipParts/DP20FrigateSideLeft2</texPath>
      <drawSize>(13,3)</drawSize>
    </graphicData>
    <size>(13,3)</size>
    <costList>
      <O21_OR_Durasteel>390</O21_OR_Durasteel>
      <O21_OR_ComponentHypertech>1</O21_OR_ComponentHypertech>
    </costList>
    <statBases>
      <MaxHitPoints>7800</MaxHitPoints>
      <WorkToBuild>31200</WorkToBuild>
    </statBases>
  </ThingDef>

  <ThingDef ParentName="CEC_ShipPartDP20Frigate">
    <defName>Ship_DP20Frigate_SideLeftC</defName>
    <label>DP20 frigate side end left</label>
    <graphicData>
      <texPath>ShipParts/DP20FrigateSideLeft3</texPath>
      <drawSize>(5,3)</drawSize>
    </graphicData>
    <size>(5,3)</size>
    <costList>
      <O21_OR_Durasteel>150</O21_OR_Durasteel>
      <O21_OR_ComponentHypertech>1</O21_OR_ComponentHypertech>
    </costList>
    <statBases>
      <MaxHitPoints>3000</MaxHitPoints>
      <WorkToBuild>12000</WorkToBuild>
    </statBases>
  </ThingDef>
  
  <ThingDef ParentName="CEC_ShipPartDP20Frigate">
    <defName>Ship_DP20Frigate_SideRightA</defName>
    <label>DP20 frigate side front right</label>
    <graphicData>
      <texPath>ShipParts/DP20FrigateSideRight1</texPath>
      <drawSize>(6,2)</drawSize>
    </graphicData>
    <size>(6,2)</size>
    <costList>
      <O21_OR_Durasteel>120</O21_OR_Durasteel>
      <O21_OR_ComponentHypertech>1</O21_OR_ComponentHypertech>
    </costList>
    <statBases>
      <MaxHitPoints>2400</MaxHitPoints>
      <WorkToBuild>9600</WorkToBuild>
    </statBases>
  </ThingDef>

  <ThingDef ParentName="CEC_ShipPartDP20Frigate">
    <defName>Ship_DP20Frigate_SideRightB</defName>
    <label>DP20 frigate side right</label>
    <graphicData>
      <texPath>ShipParts/DP20FrigateSideRight2</texPath>
      <drawSize>(13,3)</drawSize>
    </graphicData>
    <size>(13,3)</size>
    <costList>
      <O21_OR_Durasteel>390</O21_OR_Durasteel>
      <O21_OR_ComponentHypertech>1</O21_OR_ComponentHypertech>
    </costList>
    <statBases>
      <MaxHitPoints>7800</MaxHitPoints>
      <WorkToBuild>31200</WorkToBuild>
    </statBases>
  </ThingDef>

  <ThingDef ParentName="CEC_ShipPartDP20Frigate">
    <defName>Ship_DP20Frigate_SideRightC</defName>
    <label>DP20 frigate side end right</label>
    <graphicData>
      <texPath>ShipParts/DP20FrigateSideRight3</texPath>
      <drawSize>(5,3)</drawSize>
    </graphicData>
    <size>(5,3)</size>
    <costList>
      <O21_OR_Durasteel>150</O21_OR_Durasteel>
      <O21_OR_ComponentHypertech>1</O21_OR_ComponentHypertech>
    </costList>
    <statBases>
      <MaxHitPoints>3000</MaxHitPoints>
      <WorkToBuild>12000</WorkToBuild>
    </statBases>
  </ThingDef>
  
  <ThingDef ParentName="CEC_ShipPartDP20Frigate">
    <defName>Ship_DP20Frigate_BackLeft</defName>
    <label>DP20 frigate back left</label>
    <graphicData>
      <texPath>ShipParts/DP20FrigateBackLeft</texPath>
      <drawSize>(8,8)</drawSize>
    </graphicData>
    <size>(8,8)</size>
    <costList>
      <O21_OR_Durasteel>640</O21_OR_Durasteel>
      <O21_OR_ComponentHypertech>1</O21_OR_ComponentHypertech>
    </costList>
    <statBases>
      <MaxHitPoints>12800</MaxHitPoints>
      <WorkToBuild>51200</WorkToBuild>
    </statBases>
  </ThingDef>

  <ThingDef ParentName="CEC_ShipPartDP20Frigate">
    <defName>Ship_DP20Frigate_BackRight</defName>
    <label>DP20 frigate back right</label>
    <graphicData>
      <texPath>ShipParts/DP20FrigateBackRight</texPath>
      <drawSize>(8,8)</drawSize>
    </graphicData>
    <size>(8,8)</size>
    <costList>
      <O21_OR_Durasteel>640</O21_OR_Durasteel>
      <O21_OR_ComponentHypertech>1</O21_OR_ComponentHypertech>
    </costList>
    <statBases>
      <MaxHitPoints>12800</MaxHitPoints>
      <WorkToBuild>51200</WorkToBuild>
    </statBases>
  </ThingDef>

  <ThingDef ParentName="CEC_ShipPartDP20Frigate">
    <defName>Ship_DP20Frigate_EngineBlock</defName>
    <label>DP20 frigate engine block</label>
    <graphicData>
      <texPath>ShipParts/DP20FrigateEngineBlock</texPath>
      <drawSize>(16,23)</drawSize>
    </graphicData>
    <size>(16,23)</size>
    <costList>
      <O21_OR_Durasteel>3680</O21_OR_Durasteel>
      <O21_OR_ComponentHypertech>1</O21_OR_ComponentHypertech>
    </costList>
    <statBases>
      <MaxHitPoints>73600</MaxHitPoints>
      <WorkToBuild>294400</WorkToBuild>
    </statBases>
  </ThingDef>
  
  <!--Engine-->
  <ThingDef ParentName="CEC_ShipEngineBase" Name="CEC_ShipPartDP20F_Engine"   Abstract="True">
    <designatorDropdown>CEC_DP20F_Dropdown</designatorDropdown>
    <researchPrerequisites>
      <li>CEC_CEC_Armed_Parts</li>
    </researchPrerequisites>
    <costList>
      <O21_OR_Durasteel>200</O21_OR_Durasteel>
      <O21_OR_ComponentHypertech>2</O21_OR_ComponentHypertech>
    </costList>
    <statBases>
      <MaxHitPoints>200</MaxHitPoints>
      <WorkToBuild>22000</WorkToBuild>
    </statBases>
    <comps>
      <li Class="CompProperties_Refuelable">
        <fuelCapacity>1000.0</fuelCapacity>
        <targetFuelLevelConfigurable>true</targetFuelLevelConfigurable>
        <fuelFilter>
          <thingDefs>
            <li>Chemfuel</li>
          </thingDefs>
        </fuelFilter>
        <consumeFuelOnlyWhenUsed>true</consumeFuelOnlyWhenUsed>
        <autoRefuelPercent>1</autoRefuelPercent>
        <showFuelGizmo>false</showFuelGizmo>
        <drawOutOfFuelOverlay>false</drawOutOfFuelOverlay>
        <drawFuelGaugeInMap>false</drawFuelGaugeInMap>
        <showAllowAutoRefuelToggle>true</showAllowAutoRefuelToggle>
      </li>
      <li Class="CompProperties_EngineTrail">
        <thrust>2</thrust>
      </li>
    </comps>
  </ThingDef>

  <ThingDef ParentName="CEC_ShipPartDP20F_Engine">
    <defName>Ship_DP20Frigate_EngineA</defName>
    <label>DP20 frigate engine 1</label>
    <graphicData>
      <texPath>ShipParts/DP20FrigateEngine1</texPath>
      <drawSize>(8,3)</drawSize>
    </graphicData>
    <size>(8,3)</size>
  </ThingDef>

  <ThingDef ParentName="CEC_ShipPartDP20F_Engine">
    <defName>Ship_DP20Frigate_EngineB</defName>
    <label>DP20 frigate engine 2</label>
    <graphicData>
      <texPath>ShipParts/DP20FrigateEngine2</texPath>
      <drawSize>(5,3)</drawSize>
    </graphicData>
    <size>(5,3)</size>
  </ThingDef>

  <ThingDef ParentName="CEC_ShipPartDP20F_Engine">
    <defName>Ship_DP20Frigate_EngineC</defName>
    <label>DP20 frigate engine 3</label>
    <graphicData>
      <texPath>ShipParts/DP20FrigateEngine3</texPath>
      <drawSize>(8,3)</drawSize>
    </graphicData>
    <size>(8,3)</size>
  </ThingDef>
  
</Defs>