<?xml version="1.0" encoding="utf-8" ?>
<Defs>

  <ThingDef ParentName="CEC_ShipPartBase" Name="CEC_ShipPartSphyrna"  Abstract="True">
    <designatorDropdown>CEC_SCC_Dropdown</designatorDropdown>
    <researchPrerequisites>
      <li>CEC_CEC_Armed_Parts</li>
    </researchPrerequisites>
  </ThingDef>
  
  <ThingDef ParentName="CEC_ShipPartSphyrna">
    <defName>Ship_SphyrnaClassCorvette_Front</defName>
    <label>Sphyrna-class corvette front</label>
    <graphicData>
      <texPath>ShipParts/SphyrnaClassCorvetteFront</texPath>
      <drawSize>(2,7)</drawSize>
    </graphicData>
    <size>(2,7)</size>
    <costList>
      <O21_OR_Durasteel>420</O21_OR_Durasteel><!--3x cost -> 3x hit points-->
      <O21_OR_ComponentHypertech>1</O21_OR_ComponentHypertech>
    </costList>
    <statBases>
      <MaxHitPoints>8400</MaxHitPoints>
      <WorkToBuild>33600</WorkToBuild>
    </statBases>
  </ThingDef>

  <ThingDef ParentName="CEC_ShipPartSphyrna">
    <defName>Ship_SphyrnaClassCorvette_FrontRight</defName>
    <label>Sphyrna-class corvette front right</label>
    <graphicData>
      <texPath>ShipParts/SphyrnaClassCorvetteFrontRight</texPath>
      <drawSize>(7,2)</drawSize>
    </graphicData>
    <size>(7,2)</size>
    <costList>
      <O21_OR_Durasteel>420</O21_OR_Durasteel><!--3x cost -> 3x hit points-->
      <O21_OR_ComponentHypertech>1</O21_OR_ComponentHypertech>
    </costList>
    <statBases>
      <MaxHitPoints>8400</MaxHitPoints>
      <WorkToBuild>33600</WorkToBuild>
    </statBases>
  </ThingDef>

  <ThingDef ParentName="CEC_ShipPartSphyrna">
    <defName>Ship_SphyrnaClassCorvette_FrontLeft</defName>
    <label>Sphyrna-class corvette front left</label>
    <graphicData>
      <texPath>ShipParts/SphyrnaClassCorvetteFrontLeft</texPath>
      <drawSize>(7,2)</drawSize>
    </graphicData>
    <size>(7,2)</size>
    <costList>
      <O21_OR_Durasteel>420</O21_OR_Durasteel><!--3x cost -> 3x hit points-->
      <O21_OR_ComponentHypertech>1</O21_OR_ComponentHypertech>
    </costList>
    <statBases>
      <MaxHitPoints>8400</MaxHitPoints>
      <WorkToBuild>33600</WorkToBuild>
    </statBases>
  </ThingDef>
  
  <ThingDef ParentName="CEC_ShipPartSphyrna">
    <defName>Ship_SphyrnaClassCorvette_SideFrontRight</defName>
    <label>Sphyrna-class corvette side front right</label>
    <graphicData>
      <texPath>ShipParts/SphyrnaClassCorvetteSideRight1</texPath>
      <drawSize>(10,2)</drawSize>
    </graphicData>
    <size>(10,2)</size>
    <costList>
      <O21_OR_Durasteel>200</O21_OR_Durasteel>
      <O21_OR_ComponentHypertech>1</O21_OR_ComponentHypertech>
    </costList>
    <statBases>
      <MaxHitPoints>4000</MaxHitPoints>
      <WorkToBuild>16000</WorkToBuild>
    </statBases>
  </ThingDef>

  <ThingDef ParentName="CEC_ShipPartSphyrna">
    <defName>Ship_SphyrnaClassCorvette_SideFrontLeft</defName>
    <label>Sphyrna-class corvette side front left</label>
    <graphicData>
      <texPath>ShipParts/SphyrnaClassCorvetteSideLeft1</texPath>
      <drawSize>(10,2)</drawSize>
    </graphicData>
    <size>(10,2)</size>
    <costList>
      <O21_OR_Durasteel>200</O21_OR_Durasteel>
      <O21_OR_ComponentHypertech>1</O21_OR_ComponentHypertech>
    </costList>
    <statBases>
      <MaxHitPoints>4000</MaxHitPoints>
      <WorkToBuild>16000</WorkToBuild>
    </statBases>
  </ThingDef>

  <ThingDef ParentName="CEC_ShipPartSphyrna">
    <defName>Ship_SphyrnaClassCorvette_SideLeft</defName>
    <label>Sphyrna-class corvette side left</label>
    <graphicData>
      <texPath>ShipParts/SphyrnaClassCorvetteSideLeft2</texPath>
      <drawSize>(12,3)</drawSize>
    </graphicData>
    <size>(12,3)</size>
    <costList>
      <O21_OR_Durasteel>360</O21_OR_Durasteel>
      <O21_OR_ComponentHypertech>1</O21_OR_ComponentHypertech>
    </costList>
    <statBases>
      <MaxHitPoints>7200</MaxHitPoints>
      <WorkToBuild>28800</WorkToBuild>
    </statBases>
  </ThingDef>

  <ThingDef ParentName="CEC_ShipPartSphyrna">
    <defName>Ship_SphyrnaClassCorvette_SideRight</defName>
    <label>Sphyrna-class corvette side right</label>
    <graphicData>
      <texPath>ShipParts/SphyrnaClassCorvetteSideRight2</texPath>
      <drawSize>(12,3)</drawSize>
    </graphicData>
    <size>(12,3)</size>
    <costList>
      <O21_OR_Durasteel>360</O21_OR_Durasteel>
      <O21_OR_ComponentHypertech>1</O21_OR_ComponentHypertech>
    </costList>
    <statBases>
      <MaxHitPoints>7200</MaxHitPoints>
      <WorkToBuild>28800</WorkToBuild>
    </statBases>
  </ThingDef>

  <ThingDef ParentName="CEC_ShipPartSphyrna">
    <defName>Ship_SphyrnaClassCorvette_SideEndLeft</defName>
    <label>Sphyrna-class corvette side end left</label>
    <graphicData>
      <texPath>ShipParts/SphyrnaClassCorvetteSideLeft3</texPath>
      <drawSize>(21,4)</drawSize>
    </graphicData>
    <size>(21,4)</size>
    <costList>
      <O21_OR_Durasteel>840</O21_OR_Durasteel>
      <O21_OR_ComponentHypertech>1</O21_OR_ComponentHypertech>
    </costList>
    <statBases>
      <MaxHitPoints>16800</MaxHitPoints>
      <WorkToBuild>67200</WorkToBuild>
    </statBases>
  </ThingDef>

  <ThingDef ParentName="CEC_ShipPartSphyrna">
    <defName>Ship_SphyrnaClassCorvette_SideEndRight</defName>
    <label>Sphyrna-class corvette side end right</label>
    <graphicData>
      <texPath>ShipParts/SphyrnaClassCorvetteSideRight3</texPath>
      <drawSize>(21,4)</drawSize>
    </graphicData>
    <size>(21,4)</size>
    <costList>
      <O21_OR_Durasteel>840</O21_OR_Durasteel>
      <O21_OR_ComponentHypertech>1</O21_OR_ComponentHypertech>
    </costList>
    <statBases>
      <MaxHitPoints>16800</MaxHitPoints>
      <WorkToBuild>67200</WorkToBuild>
    </statBases>
  </ThingDef>

  <ThingDef ParentName="CEC_ShipPartSphyrna">
    <defName>Ship_SphyrnaClassCorvette_TurretRight</defName>
    <label>Sphyrna-class corvette turret right</label>
    <graphicData>
      <texPath>ShipParts/SphyrnaClassCorvetteTurretRight</texPath>
      <drawSize>(6,12)</drawSize>
    </graphicData>
    <size>(6,4)</size>
    <costList>
      <O21_OR_Durasteel>720</O21_OR_Durasteel>
      <O21_OR_ComponentHypertech>1</O21_OR_ComponentHypertech>
    </costList>
    <statBases>
      <MaxHitPoints>4800</MaxHitPoints>
      <WorkToBuild>19200</WorkToBuild>
    </statBases>
  </ThingDef>

  <ThingDef ParentName="CEC_ShipPartSphyrna">
    <defName>Ship_SphyrnaClassCorvette_TurretBack</defName>
    <label>Sphyrna-class corvette turret back</label>
    <graphicData>
      <texPath>ShipParts/SphyrnaClassCorvetteBack</texPath>
      <drawSize>(1,4)</drawSize>
    </graphicData>
    <size>(1,4)</size>
    <costList>
      <O21_OR_Durasteel>40</O21_OR_Durasteel>
      <O21_OR_ComponentHypertech>1</O21_OR_ComponentHypertech>
    </costList>
    <statBases>
      <MaxHitPoints>800</MaxHitPoints>
      <WorkToBuild>3200</WorkToBuild>
    </statBases>
  </ThingDef>

  <ThingDef ParentName="CEC_ShipPartSphyrna">
    <defName>Ship_SphyrnaClassCorvette_EngineBlock</defName>
    <label>Sphyrna-class corvette engine block</label>
    <graphicData>
      <texPath>ShipParts/SphyrnaClassCorvetteEngineBlock</texPath>
      <drawSize>(23,19)</drawSize>
    </graphicData>
    <size>(23,19)</size>
    <costList>
      <O21_OR_Durasteel>4370</O21_OR_Durasteel>
      <O21_OR_ComponentHypertech>1</O21_OR_ComponentHypertech>
    </costList>
    <statBases>
      <MaxHitPoints>87400</MaxHitPoints>
      <WorkToBuild>349600</WorkToBuild>
    </statBases>
  </ThingDef>

  <ThingDef ParentName="CEC_ShipPartSphyrna">
    <defName>Ship_SphyrnaClassCorvette_EndRight</defName>
    <label>Sphyrna-class corvette end right</label>
    <graphicData>
      <texPath>ShipParts/SphyrnaClassCorvetteBackRight</texPath>
      <drawSize>(6,6)</drawSize>
    </graphicData>
    <size>(6,2)</size>
    <costList>
      <O21_OR_Durasteel>120</O21_OR_Durasteel>
      <O21_OR_ComponentHypertech>1</O21_OR_ComponentHypertech>
    </costList>
    <statBases>
      <MaxHitPoints>2400</MaxHitPoints>
      <WorkToBuild>9600</WorkToBuild>
    </statBases>
  </ThingDef>

  <!--Engine-->
  <ThingDef ParentName="CEC_ShipEngineBase" Name="CEC_ShipPartSphyrna_Engine"   Abstract="True">
    <designatorDropdown>CEC_SCC_Dropdown</designatorDropdown>
    <researchPrerequisites>
      <li>CEC_CEC_Armed_Parts</li>
    </researchPrerequisites>
    <costList>
      <O21_OR_Durasteel>200</O21_OR_Durasteel>
      <O21_OR_ComponentHypertech>2</O21_OR_ComponentHypertech>
    </costList>
    <statBases>
      <MaxHitPoints>2000</MaxHitPoints>
      <WorkToBuild>22000</WorkToBuild>
    </statBases>
    <comps>
      <li Class="CompProperties_Refuelable">
        <fuelCapacity>1000.0</fuelCapacity>
        <targetFuelLevelConfigurable>true</targetFuelLevelConfigurable>
        <fuelFilter>
          <thingDefs>
            <li>Chemfuel</li>
          </thingDefs>
        </fuelFilter>
        <consumeFuelOnlyWhenUsed>true</consumeFuelOnlyWhenUsed>
        <autoRefuelPercent>1</autoRefuelPercent>
        <showFuelGizmo>false</showFuelGizmo>
        <drawOutOfFuelOverlay>false</drawOutOfFuelOverlay>
        <drawFuelGaugeInMap>false</drawFuelGaugeInMap>
        <showAllowAutoRefuelToggle>true</showAllowAutoRefuelToggle>
      </li>
      <li Class="CompProperties_EngineTrail">
        <thrust>2</thrust>
      </li>
    </comps>
  </ThingDef>

  <ThingDef ParentName="CEC_ShipPartSphyrna_Engine">
    <defName>Ship_SphyrnaClassCorvette_EngineA</defName>
    <label>Sphyrna-class corvette engine 1</label>
    <graphicData>
      <texPath>ShipParts/SphyrnaClassCorvetteEngineLeft</texPath>
      <drawSize>(6,3)</drawSize>
    </graphicData>
    <size>(6,3)</size>
  </ThingDef>

  <ThingDef ParentName="CEC_ShipPartSphyrna_Engine">
    <defName>Ship_SphyrnaClassCorvette_EngineB</defName>
    <label>Sphyrna-class corvette engine 2</label>
    <graphicData>
      <texPath>ShipParts/SphyrnaClassCorvetteEngineCentre</texPath>
      <drawSize>(7,3)</drawSize>
    </graphicData>
    <size>(7,3)</size>
  </ThingDef>

  <ThingDef ParentName="CEC_ShipPartSphyrna_Engine">
    <defName>Ship_SphyrnaClassCorvette_EngineC</defName>
    <label>Sphyrna-class corvette engine 3</label>
    <graphicData>
      <texPath>ShipParts/SphyrnaClassCorvetteEngineRight</texPath>
      <drawSize>(6,3)</drawSize>
    </graphicData>
    <size>(6,3)</size>
  </ThingDef>

</Defs>