<?xml version="1.0" encoding="utf-8" ?>
<Defs>

  <ThingDef ParentName="CEC_ShipPartBase" Name="CEC_ShipPartStealthCorvette"  Abstract="True">
    <designatorDropdown>CEC_IPV2SC_Dropdown</designatorDropdown>
    <researchPrerequisites>
      <li>CEC_Sienar_Parts</li>
    </researchPrerequisites>
  </ThingDef>

  <ThingDef ParentName="CEC_ShipPartStealthCorvette">
    <defName>Ship_IPV2StealthCorvette_Front</defName>
    <label>IPV2C stealth corvette front</label>
    <graphicData>
      <texPath>ShipParts/IPV2StealthCorvetteFront</texPath>
      <drawSize>(13,7)</drawSize>
    </graphicData>
    <size>(9,7)</size>
    <costList>
      <O21_OR_Durasteel>630</O21_OR_Durasteel>
      <O21_OR_ComponentHypertech>1</O21_OR_ComponentHypertech>
    </costList>
    <statBases>
      <MaxHitPoints>12600</MaxHitPoints>
      <WorkToBuild>50400</WorkToBuild>
    </statBases>
  </ThingDef>

  <ThingDef ParentName="CEC_ShipPartStealthCorvette">
    <defName>Ship_IPV2StealthCorvette_FrontLeft</defName>
    <label>IPV2C stealth corvette front left</label>
    <graphicData>
      <texPath>ShipParts/IPV2StealthCorvetteFrontLeft</texPath>
      <drawSize>(7,2)</drawSize>
    </graphicData>
    <size>(3,2)</size>
    <costList>
      <O21_OR_Durasteel>60</O21_OR_Durasteel>
      <O21_OR_ComponentHypertech>1</O21_OR_ComponentHypertech>
    </costList>
    <statBases>
      <MaxHitPoints>1200</MaxHitPoints>
      <WorkToBuild>4800</WorkToBuild>
    </statBases>
  </ThingDef>

  <ThingDef ParentName="CEC_ShipPartStealthCorvette">
    <defName>Ship_IPV2StealthCorvette_FrontRight</defName>
    <label>IPV2C stealth corvette front right</label>
    <graphicData>
      <texPath>ShipParts/IPV2StealthCorvetteFrontRight</texPath>
      <drawSize>(7,2)</drawSize>
    </graphicData>
    <size>(3,2)</size>
    <costList>
      <O21_OR_Durasteel>60</O21_OR_Durasteel>
      <O21_OR_ComponentHypertech>1</O21_OR_ComponentHypertech>
    </costList>
    <statBases>
      <MaxHitPoints>1200</MaxHitPoints>
      <WorkToBuild>4800</WorkToBuild>
    </statBases>
  </ThingDef>

  <ThingDef ParentName="CEC_ShipPartStealthCorvette">
    <defName>Ship_IPV2StealthCorvette_Side</defName>
    <label>IPV2C stealth corvette side</label>
    <graphicData>
      <texPath>ShipParts/IPV2StealthCorvetteSide</texPath>
      <drawSize>(6,1)</drawSize>
    </graphicData>
    <size>(6,1)</size>
    <costList>
      <O21_OR_Durasteel>60</O21_OR_Durasteel>
      <O21_OR_ComponentHypertech>1</O21_OR_ComponentHypertech>
    </costList>
    <statBases>
      <MaxHitPoints>1200</MaxHitPoints>
      <WorkToBuild>4800</WorkToBuild>
    </statBases>
  </ThingDef>

  <ThingDef ParentName="CEC_ShipPartStealthCorvette">
    <defName>Ship_IPV2StealthCorvette_Back</defName>
    <label>IPV2C stealth corvette back</label>
    <graphicData>
      <texPath>ShipParts/IPV2StealthCorvetteBack</texPath>
      <drawSize>(7,7)</drawSize>
    </graphicData>
    <size>(7,7)</size>
    <costList>
      <O21_OR_Durasteel>490</O21_OR_Durasteel>
      <O21_OR_ComponentHypertech>1</O21_OR_ComponentHypertech>
    </costList>
    <statBases>
      <MaxHitPoints>9800</MaxHitPoints>
      <WorkToBuild>39200</WorkToBuild>
    </statBases>
  </ThingDef>

  <!--Engine-->
  <ThingDef ParentName="CEC_ShipEngineBase">
    <defName>Ship_IPV2StealthCorvette_Engine</defName>
    <label>IPV2C stealth corvette engine</label>
    <description>...</description>
    <graphicData>
      <texPath>ShipParts/IPV2StealthCorvetteEngine</texPath>
      <drawSize>(7,3)</drawSize>
    </graphicData>
    <size>(7,3)</size>
    <designatorDropdown>CEC_IPV2SC_Dropdown</designatorDropdown>
    <researchPrerequisites>
      <li>CEC_Sienar_Parts</li>
    </researchPrerequisites>
    <costList>
      <O21_OR_Durasteel>300</O21_OR_Durasteel>
      <O21_OR_ComponentHypertech>3</O21_OR_ComponentHypertech>
    </costList>
    <statBases>
      <MaxHitPoints>3000</MaxHitPoints>
      <WorkToBuild>22000</WorkToBuild>
    </statBases>
    <comps>
      <li Class="CompProperties_Refuelable">
        <fuelCapacity>1500.0</fuelCapacity>
        <targetFuelLevelConfigurable>true</targetFuelLevelConfigurable>
        <fuelFilter>
          <thingDefs>
            <li>Chemfuel</li>
          </thingDefs>
        </fuelFilter>
        <consumeFuelOnlyWhenUsed>true</consumeFuelOnlyWhenUsed>
        <autoRefuelPercent>1</autoRefuelPercent>
        <showFuelGizmo>false</showFuelGizmo>
        <drawOutOfFuelOverlay>false</drawOutOfFuelOverlay>
        <drawFuelGaugeInMap>false</drawFuelGaugeInMap>
        <showAllowAutoRefuelToggle>true</showAllowAutoRefuelToggle>
      </li>
      <li Class="CompProperties_EngineTrail">
        <thrust>3</thrust>
      </li>
    </comps>
  </ThingDef>
  
</Defs>