<?xml version="1.0" encoding="utf-8" ?>
<Defs>

  <ThingDef ParentName="CEC_ShipPartBase" Name="CEC_ShipPartImperial"  Abstract="True">
    <designatorDropdown>CEC_ICSD_Dropdown</designatorDropdown>
    <researchPrerequisites>
      <li>CEC_KDY_Empire_Parts</li>
    </researchPrerequisites>
  </ThingDef>

  <ThingDef ParentName="CEC_ShipPartImperial">
    <defName>Ship_ImperialClassStarDestroyer_Front</defName>
    <label>imperial-class star destroyer front</label>
    <graphicData>
      <texPath>ShipParts3/ImperialClassStarDestroyerFront</texPath>
      <drawSize>(17,11)</drawSize>
    </graphicData>
    <size>(17,11)</size>
    <costList>
      <O21_OR_Durasteel>1870</O21_OR_Durasteel>
      <O21_OR_ComponentHypertech>1</O21_OR_ComponentHypertech>
    </costList>
    <statBases>
      <MaxHitPoints>37400</MaxHitPoints>
      <WorkToBuild>149600</WorkToBuild>
    </statBases>
  </ThingDef>

  <ThingDef ParentName="CEC_ShipPartImperial">
    <defName>Ship_ImperialClassStarDestroyer_FrontRightA</defName>
    <label>imperial-class star destroyer front right 1</label>
    <graphicData>
      <texPath>ShipParts3/ImperialClassStarDestroyerFrontRight1</texPath>
      <drawSize>(15,7)</drawSize>
    </graphicData>
    <size>(15,5)</size>
    <costList>
      <O21_OR_Durasteel>750</O21_OR_Durasteel>
      <O21_OR_ComponentHypertech>1</O21_OR_ComponentHypertech>
    </costList>
    <statBases>
      <MaxHitPoints>15000</MaxHitPoints>
      <WorkToBuild>60000</WorkToBuild>
    </statBases>
  </ThingDef>

  <ThingDef ParentName="CEC_ShipPartImperial">
    <defName>Ship_ImperialClassStarDestroyer_FrontRightB</defName>
    <label>imperial-class star destroyer front right 2</label>
    <graphicData>
      <texPath>ShipParts3/ImperialClassStarDestroyerFrontRight2</texPath>
      <drawSize>(14,6)</drawSize>
    </graphicData>
    <size>(14,6)</size>
    <costList>
      <O21_OR_Durasteel>840</O21_OR_Durasteel>
      <O21_OR_ComponentHypertech>1</O21_OR_ComponentHypertech>
    </costList>
    <statBases>
      <MaxHitPoints>16800</MaxHitPoints>
      <WorkToBuild>67200</WorkToBuild>
    </statBases>
  </ThingDef>

  <ThingDef ParentName="CEC_ShipPartImperial">
    <defName>Ship_ImperialClassStarDestroyer_FrontRightC</defName>
    <label>imperial-class star destroyer front right 3</label>
    <graphicData>
      <texPath>ShipParts3/ImperialClassStarDestroyerFrontRight3</texPath>
      <drawSize>(24,10)</drawSize>
    </graphicData>
    <size>(24,10)</size>
    <costList>
      <O21_OR_Durasteel>2400</O21_OR_Durasteel>
      <O21_OR_ComponentHypertech>1</O21_OR_ComponentHypertech>
    </costList>
    <statBases>
      <MaxHitPoints>48000</MaxHitPoints>
      <WorkToBuild>192000</WorkToBuild>
    </statBases>
  </ThingDef>

  <ThingDef ParentName="CEC_ShipPartImperial">
    <defName>Ship_ImperialClassStarDestroyer_FrontLeftA</defName>
    <label>imperial-class star destroyer front left 1</label>
    <graphicData>
      <texPath>ShipParts3/ImperialClassStarDestroyerFrontLeft1</texPath>
      <drawSize>(15,7)</drawSize>
    </graphicData>
    <size>(15,5)</size>
    <costList>
      <O21_OR_Durasteel>750</O21_OR_Durasteel>
      <O21_OR_ComponentHypertech>1</O21_OR_ComponentHypertech>
    </costList>
    <statBases>
      <MaxHitPoints>15000</MaxHitPoints>
      <WorkToBuild>60000</WorkToBuild>
    </statBases>
  </ThingDef>

  <ThingDef ParentName="CEC_ShipPartImperial">
    <defName>Ship_ImperialClassStarDestroyer_FrontLeftB</defName>
    <label>imperial-class star destroyer front left 2</label>
    <graphicData>
      <texPath>ShipParts3/ImperialClassStarDestroyerFrontLeft2</texPath>
      <drawSize>(14,6)</drawSize>
    </graphicData>
    <size>(14,6)</size>
    <costList>
      <O21_OR_Durasteel>840</O21_OR_Durasteel>
      <O21_OR_ComponentHypertech>1</O21_OR_ComponentHypertech>
    </costList>
    <statBases>
      <MaxHitPoints>16800</MaxHitPoints>
      <WorkToBuild>67200</WorkToBuild>
    </statBases>
  </ThingDef>

  <ThingDef ParentName="CEC_ShipPartImperial">
    <defName>Ship_ImperialClassStarDestroyer_FrontLeftC</defName>
    <label>imperial-class star destroyer front left 3</label>
    <graphicData>
      <texPath>ShipParts3/ImperialClassStarDestroyerFrontLeft3</texPath>
      <drawSize>(24,10)</drawSize>
    </graphicData>
    <size>(24,10)</size>
    <costList>
      <O21_OR_Durasteel>2400</O21_OR_Durasteel>
      <O21_OR_ComponentHypertech>1</O21_OR_ComponentHypertech>
    </costList>
    <statBases>
      <MaxHitPoints>48000</MaxHitPoints>
      <WorkToBuild>192000</WorkToBuild>
    </statBases>
  </ThingDef>

  <ThingDef ParentName="CEC_ShipPartImperial">
    <defName>Ship_ImperialClassStarDestroyer_SideRightA</defName>
    <label>imperial-class star destroyer side right 1</label>
    <graphicData>
      <texPath>ShipParts3/ImperialClassStarDestroyerSideRight1</texPath>
      <drawSize>(19,8)</drawSize>
    </graphicData>
    <size>(19,8)</size>
    <costList>
      <O21_OR_Durasteel>1520</O21_OR_Durasteel>
      <O21_OR_ComponentHypertech>1</O21_OR_ComponentHypertech>
    </costList>
    <statBases>
      <MaxHitPoints>30400</MaxHitPoints>
      <WorkToBuild>121600</WorkToBuild>
    </statBases>
  </ThingDef>

  <ThingDef ParentName="CEC_ShipPartImperial">
      <defName>Ship_ImperialClassStarDestroyer_SideRightB</defName>
      <label>imperial-class star destroyer side right 2</label>
      <graphicData>
        <texPath>ShipParts3/ImperialClassStarDestroyerSideRight2</texPath>
        <drawSize>(19,8)</drawSize>
      </graphicData>
      <size>(19,8)</size>
      <costList>
        <O21_OR_Durasteel>10</O21_OR_Durasteel>
        <O21_OR_ComponentHypertech>1</O21_OR_ComponentHypertech>
      </costList>
      <statBases>
        <MaxHitPoints>30400</MaxHitPoints>
        <WorkToBuild>121600</WorkToBuild>
      </statBases>
    </ThingDef>

  <ThingDef ParentName="CEC_ShipPartImperial">
    <defName>Ship_ImperialClassStarDestroyer_SideRightC</defName>
    <label>imperial-class star destroyer side right 3</label>
    <graphicData>
      <texPath>ShipParts3/ImperialClassStarDestroyerSideRight3</texPath>
      <drawSize>(19,8)</drawSize>
    </graphicData>
    <size>(19,8)</size>
    <costList>
      <O21_OR_Durasteel>10</O21_OR_Durasteel>
      <O21_OR_ComponentHypertech>1</O21_OR_ComponentHypertech>
    </costList>
    <statBases>
      <MaxHitPoints>30400</MaxHitPoints>
      <WorkToBuild>121600</WorkToBuild>
    </statBases>
  </ThingDef>

  <ThingDef ParentName="CEC_ShipPartImperial">
    <defName>Ship_ImperialClassStarDestroyer_SideRightD</defName>
    <label>imperial-class star destroyer side right 4</label>
    <graphicData>
      <texPath>ShipParts3/ImperialClassStarDestroyerSideRight4</texPath>
      <drawSize>(14,6)</drawSize>
    </graphicData>
    <size>(14,6)</size>
    <costList>
      <O21_OR_Durasteel>840</O21_OR_Durasteel>
      <O21_OR_ComponentHypertech>1</O21_OR_ComponentHypertech>
    </costList>
    <statBases>
      <MaxHitPoints>16800</MaxHitPoints>
      <WorkToBuild>67200</WorkToBuild>
    </statBases>
  </ThingDef>

  <ThingDef ParentName="CEC_ShipPartImperial">
      <defName>Ship_ImperialClassStarDestroyer_SideLeftA</defName>
      <label>imperial-class star destroyer side left 1</label>
      <graphicData>
        <texPath>ShipParts3/ImperialClassStarDestroyerSideLeft1</texPath>
        <drawSize>(19,8)</drawSize>
      </graphicData>
      <size>(19,8)</size>
      <costList>
        <O21_OR_Durasteel>1520</O21_OR_Durasteel>
        <O21_OR_ComponentHypertech>1</O21_OR_ComponentHypertech>
      </costList>
      <statBases>
        <MaxHitPoints>30400</MaxHitPoints>
        <WorkToBuild>121600</WorkToBuild>
      </statBases>
    </ThingDef>

  <ThingDef ParentName="CEC_ShipPartImperial">
    <defName>Ship_ImperialClassStarDestroyer_SideLeftB</defName>
    <label>imperial-class star destroyer side left 2</label>
    <graphicData>
      <texPath>ShipParts3/ImperialClassStarDestroyerSideLeft2</texPath>
      <drawSize>(19,8)</drawSize>
    </graphicData>
    <size>(19,8)</size>
    <costList>
      <O21_OR_Durasteel>10</O21_OR_Durasteel>
      <O21_OR_ComponentHypertech>1</O21_OR_ComponentHypertech>
    </costList>
    <statBases>
      <MaxHitPoints>30400</MaxHitPoints>
      <WorkToBuild>121600</WorkToBuild>
    </statBases>
  </ThingDef>

  <ThingDef ParentName="CEC_ShipPartImperial">
    <defName>Ship_ImperialClassStarDestroyer_SideLeftC</defName>
    <label>imperial-class star destroyer side left 3</label>
    <graphicData>
      <texPath>ShipParts3/ImperialClassStarDestroyerSideLeft3</texPath>
      <drawSize>(19,8)</drawSize>
    </graphicData>
    <size>(19,8)</size>
    <costList>
      <O21_OR_Durasteel>10</O21_OR_Durasteel>
      <O21_OR_ComponentHypertech>1</O21_OR_ComponentHypertech>
    </costList>
    <statBases>
      <MaxHitPoints>30400</MaxHitPoints>
      <WorkToBuild>121600</WorkToBuild>
    </statBases>
  </ThingDef>

  <ThingDef ParentName="CEC_ShipPartImperial">
    <defName>Ship_ImperialClassStarDestroyer_SideLeftD</defName>
    <label>imperial-class star destroyer side left 4</label>
    <graphicData>
      <texPath>ShipParts3/ImperialClassStarDestroyerSideLeft4</texPath>
      <drawSize>(14,6)</drawSize>
    </graphicData>
    <size>(14,6)</size>
    <costList>
      <O21_OR_Durasteel>840</O21_OR_Durasteel>
      <O21_OR_ComponentHypertech>1</O21_OR_ComponentHypertech>
    </costList>
    <statBases>
      <MaxHitPoints>16800</MaxHitPoints>
      <WorkToBuild>67200</WorkToBuild>
    </statBases>
  </ThingDef>

  <ThingDef ParentName="CEC_ShipPartImperial">
    <defName>Ship_ImperialClassStarDestroyer_BackRightA</defName>
    <label>imperial-class star destroyer back right 1</label>
    <graphicData>
      <texPath>ShipParts3/ImperialClassStarDestroyerBackRight1</texPath>
      <drawSize>(8,21)</drawSize>
    </graphicData>
    <size>(8,21)</size>
    <costList>
      <O21_OR_Durasteel>1680</O21_OR_Durasteel>
      <O21_OR_ComponentHypertech>1</O21_OR_ComponentHypertech>
    </costList>
    <statBases>
      <MaxHitPoints>33600</MaxHitPoints>
      <WorkToBuild>134400</WorkToBuild>
    </statBases>
  </ThingDef>

  <ThingDef ParentName="CEC_ShipPartImperial">
    <defName>Ship_ImperialClassStarDestroyer_BackRightB</defName>
    <label>imperial-class star destroyer back right 2</label>
    <graphicData>
      <texPath>ShipParts3/ImperialClassStarDestroyerBackRight2</texPath>
      <drawSize>(4,16)</drawSize>
    </graphicData>
    <size>(4,16)</size>
    <costList>
      <O21_OR_Durasteel>640</O21_OR_Durasteel>
      <O21_OR_ComponentHypertech>1</O21_OR_ComponentHypertech>
    </costList>
    <statBases>
      <MaxHitPoints>12800</MaxHitPoints>
      <WorkToBuild>51200</WorkToBuild>
    </statBases>
  </ThingDef>

  <ThingDef ParentName="CEC_ShipPartImperial">
    <defName>Ship_ImperialClassStarDestroyer_BackRightC</defName>
    <label>imperial-class star destroyer back right 3</label>
    <graphicData>
      <texPath>ShipParts3/ImperialClassStarDestroyerBackRight3</texPath>
      <drawSize>(12,9)</drawSize>
    </graphicData>
    <size>(10,9)</size>
    <costList>
      <O21_OR_Durasteel>900</O21_OR_Durasteel>
      <O21_OR_ComponentHypertech>1</O21_OR_ComponentHypertech>
    </costList>
    <statBases>
      <MaxHitPoints>18000</MaxHitPoints>
      <WorkToBuild>72000</WorkToBuild>
    </statBases>
  </ThingDef>

  <ThingDef ParentName="CEC_ShipPartImperial">
    <defName>Ship_ImperialClassStarDestroyer_BackLeftA</defName>
    <label>imperial-class star destroyer back left 1</label>
    <graphicData>
      <texPath>ShipParts3/ImperialClassStarDestroyerBackLeft1</texPath>
      <drawSize>(8,21)</drawSize>
    </graphicData>
    <size>(8,21)</size>
    <costList>
      <O21_OR_Durasteel>1680</O21_OR_Durasteel>
      <O21_OR_ComponentHypertech>1</O21_OR_ComponentHypertech>
    </costList>
    <statBases>
      <MaxHitPoints>33600</MaxHitPoints>
      <WorkToBuild>134400</WorkToBuild>
    </statBases>
  </ThingDef>

  <ThingDef ParentName="CEC_ShipPartImperial">
      <defName>Ship_ImperialClassStarDestroyer_BackLeftB</defName>
      <label>imperial-class star destroyer back left 2</label>
      <graphicData>
        <texPath>ShipParts3/ImperialClassStarDestroyerBackLeft2</texPath>
        <drawSize>(4,16)</drawSize>
      </graphicData>
      <size>(4,16)</size>
      <costList>
        <O21_OR_Durasteel>640</O21_OR_Durasteel>
        <O21_OR_ComponentHypertech>1</O21_OR_ComponentHypertech>
      </costList>
      <statBases>
        <MaxHitPoints>12800</MaxHitPoints>
        <WorkToBuild>51200</WorkToBuild>
      </statBases>
    </ThingDef>

  <ThingDef ParentName="CEC_ShipPartImperial">
        <defName>Ship_ImperialClassStarDestroyer_BackLeftC</defName>
        <label>imperial-class star destroyer back left 3</label>
        <graphicData>
          <texPath>ShipParts3/ImperialClassStarDestroyerBackLeft3</texPath>
          <drawSize>(12,9)</drawSize>
        </graphicData>
        <size>(10,9)</size>
        <costList>
          <O21_OR_Durasteel>900</O21_OR_Durasteel>
          <O21_OR_ComponentHypertech>1</O21_OR_ComponentHypertech>
        </costList>
        <statBases>
          <MaxHitPoints>18000</MaxHitPoints>
          <WorkToBuild>72000</WorkToBuild>
        </statBases>
      </ThingDef>

  <ThingDef ParentName="CEC_ShipPartImperial">
      <defName>Ship_ImperialClassStarDestroyer_Back</defName>
      <label>imperial-class star destroyer back</label>
      <graphicData>
        <texPath>ShipParts3/ImperialClassStarDestroyerBack</texPath>
        <drawSize>(9,11)</drawSize>
      </graphicData>
      <size>(9,11)</size>
      <costList>
        <O21_OR_Durasteel>990</O21_OR_Durasteel>
        <O21_OR_ComponentHypertech>1</O21_OR_ComponentHypertech>
      </costList>
      <statBases>
        <MaxHitPoints>19800</MaxHitPoints>
        <WorkToBuild>79200</WorkToBuild>
      </statBases>
    </ThingDef>

  <ThingDef ParentName="CEC_ShipPartImperial">
    <defName>Ship_ImperialClassStarDestroyer_Top</defName>
    <label>imperial-class star destroyer top</label>
    <graphicData>
      <texPath>ShipParts3/ImperialClassStarDestroyerTop</texPath>
      <drawSize>(34,27)</drawSize>
    </graphicData>
    <size>(2,21)</size>
    <costList>
      <O21_OR_Durasteel>420</O21_OR_Durasteel>
      <O21_OR_ComponentHypertech>1</O21_OR_ComponentHypertech>
    </costList>
    <statBases>
      <MaxHitPoints>8400</MaxHitPoints>
      <WorkToBuild>33600</WorkToBuild>
    </statBases>
    <altitudeLayer>WorldClipper</altitudeLayer>
  </ThingDef>

  <!--Engine-->
  <ThingDef ParentName="CEC_ShipEngineBase" Name="CEC_ShipPartImperial_Engine"   Abstract="True">
    <description>...</description>
    <designatorDropdown>CEC_ICSD_Dropdown</designatorDropdown>
    <researchPrerequisites>
      <li>CEC_KDY_Empire_Parts</li>
    </researchPrerequisites>
    <costList>
      <O21_OR_Durasteel>600</O21_OR_Durasteel>
      <O21_OR_ComponentHypertech>3</O21_OR_ComponentHypertech>
    </costList>
    <statBases>
      <MaxHitPoints>6000</MaxHitPoints>
      <WorkToBuild>22000</WorkToBuild>
    </statBases>
    <comps>
      <li Class="CompProperties_Refuelable">
        <fuelCapacity>3000.0</fuelCapacity>
        <targetFuelLevelConfigurable>true</targetFuelLevelConfigurable>
        <fuelFilter>
          <thingDefs>
            <li>Chemfuel</li>
          </thingDefs>
        </fuelFilter>
        <consumeFuelOnlyWhenUsed>true</consumeFuelOnlyWhenUsed>
        <autoRefuelPercent>1</autoRefuelPercent>
        <showFuelGizmo>false</showFuelGizmo>
        <drawOutOfFuelOverlay>false</drawOutOfFuelOverlay>
        <drawFuelGaugeInMap>false</drawFuelGaugeInMap>
        <showAllowAutoRefuelToggle>true</showAllowAutoRefuelToggle>
      </li>
      <li Class="CompProperties_EngineTrail">
        <thrust>6</thrust>
      </li>
    </comps>
  </ThingDef>

  <ThingDef ParentName="CEC_ShipPartImperial_Engine">
    <defName>Ship_ImperialClassStarDestroyer_EngineR</defName>
    <label>imperial-class star destroyer engine right</label>
    <graphicData>
      <texPath>ShipParts3/ImperialClassStarDestroyerEngineRight</texPath>
      <drawSize>(13,3)</drawSize>
    </graphicData>
    <size>(9,3)</size>
  </ThingDef>

  <ThingDef ParentName="CEC_ShipPartImperial_Engine">
    <defName>Ship_ImperialClassStarDestroyer_EngineL</defName>
    <label>imperial-class star destroyer engine left</label>
    <graphicData>
      <texPath>ShipParts3/ImperialClassStarDestroyerEngineLeft</texPath>
      <drawSize>(13,3)</drawSize>
    </graphicData>
    <size>(9,3)</size>
  </ThingDef>

  <ThingDef ParentName="CEC_ShipPartImperial_Engine">
    <defName>Ship_ImperialClassStarDestroyer_Engine</defName>
    <label>imperial-class star destroyer engine</label>
    <graphicData>
      <texPath>ShipParts3/ImperialClassStarDestroyerEngine</texPath>
      <drawSize>(11,3)</drawSize>
    </graphicData>
    <size>(11,3)</size>
  </ThingDef>
  
</Defs>