<?xml version="1.0" encoding="utf-8" ?>
<Defs>

  <ThingDef ParentName="CEC_ShipPartBase" Name="CEC_ShipPartPelta"  Abstract="True">
    <designatorDropdown>CEC_PCF_Dropdown</designatorDropdown>
    <researchPrerequisites>
      <li>CEC_KDY_CloneWars_Parts</li>
    </researchPrerequisites>
  </ThingDef>

  <ThingDef ParentName="CEC_ShipPartPelta">
    <defName>Ship_PeltaClassFrigate_Front</defName>
    <label>pelta-class frigate front</label>
    <graphicData>
      <texPath>ShipParts2/PeltaClassFrigateFront</texPath>
      <drawSize>(4,9)</drawSize>
    </graphicData>
    <size>(4,9)</size>
    <costList>
      <O21_OR_Durasteel>360</O21_OR_Durasteel>
      <O21_OR_ComponentHypertech>1</O21_OR_ComponentHypertech>
    </costList>
    <statBases>
      <MaxHitPoints>7200</MaxHitPoints>
      <WorkToBuild>28800</WorkToBuild>
    </statBases>
  </ThingDef>

  <ThingDef ParentName="CEC_ShipPartPelta">
    <defName>Ship_PeltaClassFrigate_FrontRight</defName>
    <label>pelta-class frigate front right</label>
    <graphicData>
      <texPath>ShipParts2/PeltaClassFrigateFrontRight</texPath>
      <drawSize>(9,9)</drawSize>
    </graphicData>
    <size>(9,7)</size>
    <costList>
      <O21_OR_Durasteel>630</O21_OR_Durasteel>
      <O21_OR_ComponentHypertech>1</O21_OR_ComponentHypertech>
    </costList>
    <statBases>
      <MaxHitPoints>12600</MaxHitPoints>
      <WorkToBuild>50400</WorkToBuild>
    </statBases>
  </ThingDef>

  <ThingDef ParentName="CEC_ShipPartPelta">
    <defName>Ship_PeltaClassFrigate_FrontLeft</defName>
    <label>pelta-class frigate front left</label>
    <graphicData>
      <texPath>ShipParts2/PeltaClassFrigateFrontLeft</texPath>
      <drawSize>(9,9)</drawSize>
    </graphicData>
    <size>(9,7)</size>
    <costList>
      <O21_OR_Durasteel>630</O21_OR_Durasteel>
      <O21_OR_ComponentHypertech>1</O21_OR_ComponentHypertech>
    </costList>
    <statBases>
      <MaxHitPoints>12600</MaxHitPoints>
      <WorkToBuild>50400</WorkToBuild>
    </statBases>
  </ThingDef>

  <ThingDef ParentName="CEC_ShipPartPelta">
    <defName>Ship_PeltaClassFrigate_SideRightA</defName>
    <label>pelta-class frigate side right 1</label>
    <graphicData>
      <texPath>ShipParts2/PeltaClassFrigateSideRight1</texPath>
      <drawSize>(20,7)</drawSize>
    </graphicData>
    <size>(20,7)</size>
    <costList>
      <O21_OR_Durasteel>1400</O21_OR_Durasteel>
      <O21_OR_ComponentHypertech>1</O21_OR_ComponentHypertech>
    </costList>
    <statBases>
      <MaxHitPoints>28000</MaxHitPoints>
      <WorkToBuild>112000</WorkToBuild>
    </statBases>
  </ThingDef>

  <ThingDef ParentName="CEC_ShipPartPelta">
    <defName>Ship_PeltaClassFrigate_SideRightB</defName>
    <label>pelta-class frigate side right 2</label>
    <graphicData>
      <texPath>ShipParts2/PeltaClassFrigateSideRight2</texPath>
      <drawSize>(20,7)</drawSize>
    </graphicData>
    <size>(20,7)</size>
    <costList>
      <O21_OR_Durasteel>1400</O21_OR_Durasteel>
      <O21_OR_ComponentHypertech>1</O21_OR_ComponentHypertech>
    </costList>
    <statBases>
      <MaxHitPoints>28000</MaxHitPoints>
      <WorkToBuild>112000</WorkToBuild>
    </statBases>
  </ThingDef>

  <ThingDef ParentName="CEC_ShipPartPelta">
    <defName>Ship_PeltaClassFrigate_SideRightC</defName>
    <label>pelta-class frigate side right 3</label>
    <graphicData>
      <texPath>ShipParts2/PeltaClassFrigateSideRight3</texPath>
      <drawSize>(20,7)</drawSize>
    </graphicData>
    <size>(20,7)</size>
    <costList>
      <O21_OR_Durasteel>1400</O21_OR_Durasteel>
      <O21_OR_ComponentHypertech>1</O21_OR_ComponentHypertech>
    </costList>
    <statBases>
      <MaxHitPoints>28000</MaxHitPoints>
      <WorkToBuild>112000</WorkToBuild>
    </statBases>
  </ThingDef>

  <ThingDef ParentName="CEC_ShipPartPelta">
    <defName>Ship_PeltaClassFrigate_SideRightD</defName>
    <label>pelta-class frigate side right 4</label>
    <graphicData>
      <texPath>ShipParts2/PeltaClassFrigateSideRight4</texPath>
      <drawSize>(18,7)</drawSize>
    </graphicData>
    <size>(18,7)</size>
    <costList>
      <O21_OR_Durasteel>1260</O21_OR_Durasteel>
      <O21_OR_ComponentHypertech>1</O21_OR_ComponentHypertech>
    </costList>
    <statBases>
      <MaxHitPoints>25200</MaxHitPoints>
      <WorkToBuild>100800</WorkToBuild>
    </statBases>
    <altitudeLayer>LowPlant</altitudeLayer>
  </ThingDef>

  <ThingDef ParentName="CEC_ShipPartPelta">
    <defName>Ship_PeltaClassFrigate_SideLeftA</defName>
    <label>pelta-class frigate side left 1</label>
    <graphicData>
      <texPath>ShipParts2/PeltaClassFrigateSideLeft1</texPath>
      <drawSize>(20,7)</drawSize>
    </graphicData>
    <size>(20,7)</size>
    <costList>
      <O21_OR_Durasteel>1400</O21_OR_Durasteel>
      <O21_OR_ComponentHypertech>1</O21_OR_ComponentHypertech>
    </costList>
    <statBases>
      <MaxHitPoints>28000</MaxHitPoints>
      <WorkToBuild>112000</WorkToBuild>
    </statBases>
  </ThingDef>

  <ThingDef ParentName="CEC_ShipPartPelta">
    <defName>Ship_PeltaClassFrigate_SideLeftB</defName>
    <label>pelta-class frigate side left 2</label>
    <graphicData>
      <texPath>ShipParts2/PeltaClassFrigateSideLeft2</texPath>
      <drawSize>(20,7)</drawSize>
    </graphicData>
    <size>(20,7)</size>
    <costList>
      <O21_OR_Durasteel>1400</O21_OR_Durasteel>
      <O21_OR_ComponentHypertech>1</O21_OR_ComponentHypertech>
    </costList>
    <statBases>
      <MaxHitPoints>28000</MaxHitPoints>
      <WorkToBuild>112000</WorkToBuild>
    </statBases>
  </ThingDef>

  <ThingDef ParentName="CEC_ShipPartPelta">
    <defName>Ship_PeltaClassFrigate_SideLeftC</defName>
    <label>pelta-class frigate side left 3</label>
    <graphicData>
      <texPath>ShipParts2/PeltaClassFrigateSideLeft3</texPath>
      <drawSize>(20,7)</drawSize>
    </graphicData>
    <size>(20,7)</size>
    <costList>
      <O21_OR_Durasteel>1400</O21_OR_Durasteel>
      <O21_OR_ComponentHypertech>1</O21_OR_ComponentHypertech>
    </costList>
    <statBases>
      <MaxHitPoints>28000</MaxHitPoints>
      <WorkToBuild>112000</WorkToBuild>
    </statBases>
  </ThingDef>

  <ThingDef ParentName="CEC_ShipPartPelta">
    <defName>Ship_PeltaClassFrigate_SideLeftD</defName>
    <label>pelta-class frigate side left 4</label>
    <graphicData>
      <texPath>ShipParts2/PeltaClassFrigateSideLeft4</texPath>
      <drawSize>(18,7)</drawSize>
    </graphicData>
    <size>(18,7)</size>
    <costList>
      <O21_OR_Durasteel>1260</O21_OR_Durasteel>
      <O21_OR_ComponentHypertech>1</O21_OR_ComponentHypertech>
    </costList>
    <statBases>
      <MaxHitPoints>25200</MaxHitPoints>
      <WorkToBuild>100800</WorkToBuild>
    </statBases>
    <altitudeLayer>LowPlant</altitudeLayer>
  </ThingDef>

  <ThingDef ParentName="CEC_ShipPartPelta">
    <defName>Ship_PeltaClassFrigate_WingRight</defName>
    <label>pelta-class frigate wing right</label>
    <graphicData>
      <texPath>ShipParts2/PeltaClassFrigateWingRight</texPath>
      <drawSize>(14,27)</drawSize>
    </graphicData>
    <size>(14,27)</size>
    <costList>
      <O21_OR_Durasteel>3780</O21_OR_Durasteel>
      <O21_OR_ComponentHypertech>1</O21_OR_ComponentHypertech>
    </costList>
    <statBases>
      <MaxHitPoints>75600</MaxHitPoints>
      <WorkToBuild>302400</WorkToBuild>
    </statBases>
    <altitudeLayer>Zone</altitudeLayer>
  </ThingDef>

  <ThingDef ParentName="CEC_ShipPartPelta">
    <defName>Ship_PeltaClassFrigate_WingLeft</defName>
    <label>pelta-class frigate wing left</label>
    <graphicData>
      <texPath>ShipParts2/PeltaClassFrigateWingLeft</texPath>
      <drawSize>(14,27)</drawSize>
    </graphicData>
    <size>(14,27)</size>
    <costList>
      <O21_OR_Durasteel>3780</O21_OR_Durasteel>
      <O21_OR_ComponentHypertech>1</O21_OR_ComponentHypertech>
    </costList>
    <statBases>
      <MaxHitPoints>75600</MaxHitPoints>
      <WorkToBuild>302400</WorkToBuild>
    </statBases>
    <altitudeLayer>Zone</altitudeLayer>
  </ThingDef>

  <ThingDef ParentName="CEC_ShipPartPelta">
    <defName>Ship_PeltaClassFrigate_Back</defName>
    <label>pelta-class frigate back</label>
    <graphicData>
      <texPath>ShipParts2/PeltaClassFrigateBack</texPath>
      <drawSize>(12,11)</drawSize>
    </graphicData>
    <size>(12,11)</size>
    <costList>
      <O21_OR_Durasteel>1320</O21_OR_Durasteel>
      <O21_OR_ComponentHypertech>1</O21_OR_ComponentHypertech>
    </costList>
    <statBases>
      <MaxHitPoints>26400</MaxHitPoints>
      <WorkToBuild>105600</WorkToBuild>
    </statBases>
    <altitudeLayer>SmallWire</altitudeLayer>
  </ThingDef>

  <ThingDef ParentName="CEC_ShipPartPelta">
    <defName>Ship_PeltaClassFrigate_EngineBlock</defName>
    <label>pelta-class frigate engine block</label>
    <graphicData>
      <texPath>ShipParts2/PeltaClassFrigateEngineBlock</texPath>
      <drawSize>(21,11)</drawSize>
    </graphicData>
    <size>(19,11)</size>
    <costList>
      <O21_OR_Durasteel>2090</O21_OR_Durasteel>
      <O21_OR_ComponentHypertech>1</O21_OR_ComponentHypertech>
    </costList>
    <statBases>
      <MaxHitPoints>41800</MaxHitPoints>
      <WorkToBuild>167200</WorkToBuild>
    </statBases>
  </ThingDef>

  <!--Engine-->
	<ThingDef ParentName="CEC_ShipEngineBase">
		<defName>Ship_PeltaClassFrigate_Engine</defName>
		<label>pelta-class frigate engine</label>
    <description>...</description>
		<graphicData>
			<texPath>ShipParts2/PeltaClassFrigateEngine</texPath>
			<drawSize>(5,3)</drawSize>
		</graphicData>
    <size>(5,3)</size>
		<designatorDropdown>CEC_PCF_Dropdown</designatorDropdown>
    <researchPrerequisites>
      <li>CEC_KDY_CloneWars_Parts</li>
    </researchPrerequisites>
    <costList>
      <O21_OR_Durasteel>500</O21_OR_Durasteel>
      <O21_OR_ComponentHypertech>3</O21_OR_ComponentHypertech>
    </costList>
    <statBases>
      <MaxHitPoints>5000</MaxHitPoints>
      <WorkToBuild>22000</WorkToBuild>
    </statBases>
    <comps>
      <li Class="CompProperties_Refuelable">
        <fuelCapacity>2500.0</fuelCapacity>
        <targetFuelLevelConfigurable>true</targetFuelLevelConfigurable>
        <fuelFilter>
          <thingDefs>
            <li>Chemfuel</li>
          </thingDefs>
        </fuelFilter>
        <consumeFuelOnlyWhenUsed>true</consumeFuelOnlyWhenUsed>
        <autoRefuelPercent>1</autoRefuelPercent>
        <showFuelGizmo>false</showFuelGizmo>
        <drawOutOfFuelOverlay>false</drawOutOfFuelOverlay>
        <drawFuelGaugeInMap>false</drawFuelGaugeInMap>
        <showAllowAutoRefuelToggle>true</showAllowAutoRefuelToggle>
      </li>
      <li Class="CompProperties_EngineTrail">
        <thrust>5</thrust>
      </li>
    </comps>
  </ThingDef>
  
</Defs>