<?xml version="1.0" encoding="utf-8" ?>
<Defs>

  <ThingDef ParentName="CEC_ShipPartBase" Name="CEC_ShipPartVigil"  Abstract="True">
    <designatorDropdown>CEC_VCC_Dropdown</designatorDropdown>
    <researchPrerequisites>
      <li>CEC_KDY_Empire_Parts</li>
    </researchPrerequisites>
  </ThingDef>

  <ThingDef ParentName="CEC_ShipPartVigil">
    <defName>Ship_VigilClassCorvette_Front</defName>
    <label>vigil-class corvette front</label>
    <graphicData>
      <texPath>ShipParts4/VigilClassCorvetteFront</texPath>
      <drawSize>(11,15)</drawSize>
    </graphicData>
    <size>(11,15)</size>
    <costList>
      <O21_OR_Durasteel>1650</O21_OR_Durasteel>
      <O21_OR_ComponentHypertech>1</O21_OR_ComponentHypertech>
    </costList>
    <statBases>
      <MaxHitPoints>33000</MaxHitPoints>
      <WorkToBuild>132000</WorkToBuild>
    </statBases>
  </ThingDef>

  <ThingDef ParentName="CEC_ShipPartVigil">
    <defName>Ship_VigilClassCorvette_FrontRight</defName>
    <label>vigil-class corvette front right</label>
    <graphicData>
      <texPath>ShipParts4/VigilClassCorvetteFrontRight</texPath>
      <drawSize>(15,10)</drawSize>
    </graphicData>
    <size>(15,6)</size>
    <costList>
      <O21_OR_Durasteel>900</O21_OR_Durasteel>
      <O21_OR_ComponentHypertech>1</O21_OR_ComponentHypertech>
    </costList>
    <statBases>
      <MaxHitPoints>18000</MaxHitPoints>
      <WorkToBuild>72000</WorkToBuild>
    </statBases>
  </ThingDef>

  <ThingDef ParentName="CEC_ShipPartVigil">
    <defName>Ship_VigilClassCorvette_FrontLeft</defName>
    <label>vigil-class corvette front left</label>
    <graphicData>
      <texPath>ShipParts4/VigilClassCorvetteFrontLeft</texPath>
      <drawSize>(15,10)</drawSize>
    </graphicData>
    <size>(15,6)</size>
    <costList>
      <O21_OR_Durasteel>900</O21_OR_Durasteel>
      <O21_OR_ComponentHypertech>1</O21_OR_ComponentHypertech>
    </costList>
    <statBases>
      <MaxHitPoints>18000</MaxHitPoints>
      <WorkToBuild>72000</WorkToBuild>
    </statBases>
  </ThingDef>

  <ThingDef ParentName="CEC_ShipPartVigil">
    <defName>Ship_VigilClassCorvette_SideRightA</defName>
    <label>vigil-class corvette side right 1</label>
    <graphicData>
      <texPath>ShipParts4/VigilClassCorvetteSideRight1</texPath>
      <drawSize>(30,18)</drawSize>
    </graphicData>
    <size>(30,14)</size>
    <costList>
      <O21_OR_Durasteel>4200</O21_OR_Durasteel>
      <O21_OR_ComponentHypertech>1</O21_OR_ComponentHypertech>
    </costList>
    <statBases>
      <MaxHitPoints>84000</MaxHitPoints>
      <WorkToBuild>336000</WorkToBuild>
    </statBases>
  </ThingDef>

  <ThingDef ParentName="CEC_ShipPartVigil">
    <defName>Ship_VigilClassCorvette_SideRightB</defName>
    <label>vigil-class corvette side right 2</label>
    <graphicData>
      <texPath>ShipParts4/VigilClassCorvetteSideRight2</texPath>
      <drawSize>(27,11)</drawSize>
    </graphicData>
    <size>(27,11)</size>
    <costList>
      <O21_OR_Durasteel>2970</O21_OR_Durasteel>
      <O21_OR_ComponentHypertech>1</O21_OR_ComponentHypertech>
    </costList>
    <statBases>
      <MaxHitPoints>59400</MaxHitPoints>
      <WorkToBuild>237600</WorkToBuild>
    </statBases>
  </ThingDef>

  <ThingDef ParentName="CEC_ShipPartVigil">
    <defName>Ship_VigilClassCorvette_SideLeftA</defName>
    <label>vigil-class corvette side left 1</label>
    <graphicData>
      <texPath>ShipParts4/VigilClassCorvetteSideLeft1</texPath>
      <drawSize>(30,18)</drawSize>
    </graphicData>
    <size>(30,14)</size>
    <costList>
      <O21_OR_Durasteel>4200</O21_OR_Durasteel>
      <O21_OR_ComponentHypertech>1</O21_OR_ComponentHypertech>
    </costList>
    <statBases>
      <MaxHitPoints>84000</MaxHitPoints>
      <WorkToBuild>336000</WorkToBuild>
    </statBases>
  </ThingDef>

  <ThingDef ParentName="CEC_ShipPartVigil">
    <defName>Ship_VigilClassCorvette_SideLeftB</defName>
    <label>vigil-class corvette side left 2</label>
    <graphicData>
      <texPath>ShipParts4/VigilClassCorvetteSideLeft2</texPath>
      <drawSize>(27,11)</drawSize>
    </graphicData>
    <size>(27,11)</size>
    <costList>
      <O21_OR_Durasteel>2970</O21_OR_Durasteel>
      <O21_OR_ComponentHypertech>1</O21_OR_ComponentHypertech>
    </costList>
    <statBases>
      <MaxHitPoints>59400</MaxHitPoints>
      <WorkToBuild>237600</WorkToBuild>
    </statBases>
  </ThingDef>

  <ThingDef ParentName="CEC_ShipPartVigil">
    <defName>Ship_VigilClassCorvette_BackA</defName>
    <label>vigil-class corvette back 1</label>
    <graphicData>
      <texPath>ShipParts4/VigilClassCorvetteBack1</texPath>
      <drawSize>(3,27)</drawSize>
    </graphicData>
    <size>(3,27)</size>
    <costList>
      <O21_OR_Durasteel>810</O21_OR_Durasteel>
      <O21_OR_ComponentHypertech>1</O21_OR_ComponentHypertech>
    </costList>
    <statBases>
      <MaxHitPoints>16200</MaxHitPoints>
      <WorkToBuild>64800</WorkToBuild>
    </statBases>
  </ThingDef>

  <ThingDef ParentName="CEC_ShipPartVigil">
    <defName>Ship_VigilClassCorvette_BackB</defName>
    <label>vigil-class corvette back 2</label>
    <graphicData>
      <texPath>ShipParts4/VigilClassCorvetteBack2</texPath>
      <drawSize>(11,21)</drawSize>
    </graphicData>
    <size>(5,21)</size>
    <costList>
      <O21_OR_Durasteel>1050</O21_OR_Durasteel>
      <O21_OR_ComponentHypertech>1</O21_OR_ComponentHypertech>
    </costList>
    <statBases>
      <MaxHitPoints>21000</MaxHitPoints>
      <WorkToBuild>84000</WorkToBuild>
    </statBases>
  </ThingDef>

  <ThingDef ParentName="CEC_ShipPartVigil">
    <defName>Ship_VigilClassCorvette_BackRight</defName>
    <label>vigil-class corvette back right</label>
    <graphicData>
      <texPath>ShipParts4/VigilClassCorvetteBackRight</texPath>
      <drawSize>(8,16)</drawSize>
    </graphicData>
    <size>(8,16)</size>
    <costList>
      <O21_OR_Durasteel>1280</O21_OR_Durasteel>
      <O21_OR_ComponentHypertech>1</O21_OR_ComponentHypertech>
    </costList>
    <statBases>
      <MaxHitPoints>25600</MaxHitPoints>
      <WorkToBuild>102400</WorkToBuild>
    </statBases>
  </ThingDef>

  <ThingDef ParentName="CEC_ShipPartVigil">
    <defName>Ship_VigilClassCorvette_BackLeft</defName>
    <label>vigil-class corvette back left</label>
    <graphicData>
      <texPath>ShipParts4/VigilClassCorvetteBackLeft</texPath>
      <drawSize>(8,16)</drawSize>
    </graphicData>
    <size>(8,16)</size>
    <costList>
      <O21_OR_Durasteel>1280</O21_OR_Durasteel>
      <O21_OR_ComponentHypertech>1</O21_OR_ComponentHypertech>
    </costList>
    <statBases>
      <MaxHitPoints>25600</MaxHitPoints>
      <WorkToBuild>102400</WorkToBuild>
    </statBases>
  </ThingDef>

  <!--Engine-->
  <ThingDef ParentName="CEC_ShipEngineBase" Name="CEC_ShipPartVigil_Engine"   Abstract="True">
    <description>...</description>
    <designatorDropdown>CEC_VCC_Dropdown</designatorDropdown>
    <researchPrerequisites>
      <li>CEC_KDY_Empire_Parts</li>
    </researchPrerequisites>
    <costList>
      <O21_OR_Durasteel>200</O21_OR_Durasteel>
      <O21_OR_ComponentHypertech>3</O21_OR_ComponentHypertech>
    </costList>
    <statBases>
      <MaxHitPoints>2000</MaxHitPoints>
      <WorkToBuild>22000</WorkToBuild>
    </statBases>
    <comps>
      <li Class="CompProperties_Refuelable">
        <fuelCapacity>1000.0</fuelCapacity>
        <targetFuelLevelConfigurable>true</targetFuelLevelConfigurable>
        <fuelFilter>
          <thingDefs>
            <li>Chemfuel</li>
          </thingDefs>
        </fuelFilter>
        <consumeFuelOnlyWhenUsed>true</consumeFuelOnlyWhenUsed>
        <autoRefuelPercent>1</autoRefuelPercent>
        <showFuelGizmo>false</showFuelGizmo>
        <drawOutOfFuelOverlay>false</drawOutOfFuelOverlay>
        <drawFuelGaugeInMap>false</drawFuelGaugeInMap>
        <showAllowAutoRefuelToggle>true</showAllowAutoRefuelToggle>
      </li>
      <li Class="CompProperties_EngineTrail">
        <thrust>2</thrust>
      </li>
    </comps>
  </ThingDef>

  <ThingDef ParentName="CEC_ShipPartVigil_Engine">
    <defName>Ship_VigilClassCorvette_EngineRA</defName>
    <label>vigil-class corvette engine right 1</label>
    <graphicData>
      <texPath>ShipParts4/VigilClassCorvetteEngineRight1</texPath>
      <drawSize>(8,3)</drawSize>
    </graphicData>
    <size>(8,3)</size>
  </ThingDef>

  <ThingDef ParentName="CEC_ShipPartVigil_Engine">
    <defName>Ship_VigilClassCorvette_EngineRB</defName>
    <label>vigil-class corvette engine right 2</label>
    <graphicData>
      <texPath>ShipParts4/VigilClassCorvetteEngineRight2</texPath>
      <drawSize>(8,3)</drawSize>
    </graphicData>
    <size>(8,3)</size>
  </ThingDef>

  <ThingDef ParentName="CEC_ShipPartVigil_Engine">
    <defName>Ship_VigilClassCorvette_EngineLA</defName>
    <label>vigil-class corvette engine left 1</label>
    <graphicData>
      <texPath>ShipParts4/VigilClassCorvetteEngineLeft1</texPath>
      <drawSize>(8,3)</drawSize>
    </graphicData>
    <size>(8,3)</size>
  </ThingDef>

  <ThingDef ParentName="CEC_ShipPartVigil_Engine">
    <defName>Ship_VigilClassCorvette_EngineLB</defName>
    <label>vigil-class corvette engine left 2</label>
    <graphicData>
      <texPath>ShipParts4/VigilClassCorvetteEngineLeft2</texPath>
      <drawSize>(8,3)</drawSize>
    </graphicData>
    <size>(8,3)</size>
  </ThingDef>

  
</Defs>