<?xml version="1.0" encoding="utf-8" ?>
<Defs>

  <ThingDef ParentName="CEC_ShipPartBase" Name="CEC_ShipPartRebNebulon"  Abstract="True">
    <designatorDropdown>CEC_RNBF_Dropdown</designatorDropdown>
    <researchPrerequisites>
      <li>CEC_KDY_RebelRetrofit_Parts</li>
    </researchPrerequisites>
  </ThingDef>

  <ThingDef ParentName="CEC_ShipPartRebNebulon">
    <defName>Ship_RebNebulonBFrigate_Front</defName>
    <label>nebulon-B frigate (rebels) front</label>
    <graphicData>
      <texPath>ShipParts4/RebNebulonBFrigateFront</texPath>
      <drawSize>(2,5)</drawSize>
    </graphicData>
    <size>(2,5)</size>
    <costList>
      <O21_OR_Durasteel>100</O21_OR_Durasteel>
      <O21_OR_ComponentHypertech>1</O21_OR_ComponentHypertech>
    </costList>
    <statBases>
      <MaxHitPoints>2000</MaxHitPoints>
      <WorkToBuild>8000</WorkToBuild>
    </statBases>
  </ThingDef>

  <ThingDef ParentName="CEC_ShipPartRebNebulon">
    <defName>Ship_RebNebulonBFrigate_FrontRightA</defName>
    <label>nebulon-B frigate (rebels) front right 1</label>
    <graphicData>
      <texPath>ShipParts4/RebNebulonBFrigateFrontRight1</texPath>
      <drawSize>(7,2)</drawSize>
    </graphicData>
    <size>(7,2)</size>
    <costList>
      <O21_OR_Durasteel>140</O21_OR_Durasteel>
      <O21_OR_ComponentHypertech>1</O21_OR_ComponentHypertech>
    </costList>
    <statBases>
      <MaxHitPoints>2800</MaxHitPoints>
      <WorkToBuild>11200</WorkToBuild>
    </statBases>
  </ThingDef>

  <ThingDef ParentName="CEC_ShipPartRebNebulon">
    <defName>Ship_RebNebulonBFrigate_FrontRightB</defName>
    <label>nebulon-B frigate (rebels) front right 2</label>
    <graphicData>
      <texPath>ShipParts4/RebNebulonBFrigateFrontRight2</texPath>
      <drawSize>(21,3)</drawSize>
    </graphicData>
    <size>(21,3)</size>
    <costList>
      <O21_OR_Durasteel>630</O21_OR_Durasteel>
      <O21_OR_ComponentHypertech>1</O21_OR_ComponentHypertech>
    </costList>
    <statBases>
      <MaxHitPoints>12600</MaxHitPoints>
      <WorkToBuild>50400</WorkToBuild>
    </statBases>
  </ThingDef>

  <ThingDef ParentName="CEC_ShipPartRebNebulon">
    <defName>Ship_RebNebulonBFrigate_FrontRightC</defName>
    <label>nebulon-B frigate (rebels) front right 3</label>
    <graphicData>
      <texPath>ShipParts4/RebNebulonBFrigateFrontRight3</texPath>
      <drawSize>(16,2)</drawSize>
    </graphicData>
    <size>(16,2)</size>
    <costList>
      <O21_OR_Durasteel>320</O21_OR_Durasteel>
      <O21_OR_ComponentHypertech>1</O21_OR_ComponentHypertech>
    </costList>
    <statBases>
      <MaxHitPoints>6400</MaxHitPoints>
      <WorkToBuild>25600</WorkToBuild>
    </statBases>
  </ThingDef>

  <ThingDef ParentName="CEC_ShipPartRebNebulon">
    <defName>Ship_RebNebulonBFrigate_FrontRightD</defName>
    <label>nebulon-B frigate (rebels) front right 4</label>
    <graphicData>
      <texPath>ShipParts4/RebNebulonBFrigateFrontRight4</texPath>
      <drawSize>(10,2)</drawSize>
    </graphicData>
    <size>(10,2)</size>
    <costList>
      <O21_OR_Durasteel>200</O21_OR_Durasteel>
      <O21_OR_ComponentHypertech>1</O21_OR_ComponentHypertech>
    </costList>
    <statBases>
      <MaxHitPoints>4000</MaxHitPoints>
      <WorkToBuild>16000</WorkToBuild>
    </statBases>
  </ThingDef>

  <ThingDef ParentName="CEC_ShipPartRebNebulon">
    <defName>Ship_RebNebulonBFrigate_FrontLeftA</defName>
    <label>nebulon-B frigate (rebels) front left 1</label>
    <graphicData>
      <texPath>ShipParts4/RebNebulonBFrigateFrontLeft1</texPath>
      <drawSize>(7,2)</drawSize>
    </graphicData>
    <size>(7,2)</size>
    <costList>
      <O21_OR_Durasteel>140</O21_OR_Durasteel>
      <O21_OR_ComponentHypertech>1</O21_OR_ComponentHypertech>
    </costList>
    <statBases>
      <MaxHitPoints>2800</MaxHitPoints>
      <WorkToBuild>11200</WorkToBuild>
    </statBases>
  </ThingDef>

  <ThingDef ParentName="CEC_ShipPartRebNebulon">
    <defName>Ship_RebNebulonBFrigate_FrontLeftB</defName>
    <label>nebulon-B frigate (rebels) front left 2</label>
    <graphicData>
      <texPath>ShipParts4/RebNebulonBFrigateFrontLeft2</texPath>
      <drawSize>(21,3)</drawSize>
    </graphicData>
    <size>(21,3)</size>
    <costList>
      <O21_OR_Durasteel>630</O21_OR_Durasteel>
      <O21_OR_ComponentHypertech>1</O21_OR_ComponentHypertech>
    </costList>
    <statBases>
      <MaxHitPoints>12600</MaxHitPoints>
      <WorkToBuild>50400</WorkToBuild>
    </statBases>
  </ThingDef>

  <ThingDef ParentName="CEC_ShipPartRebNebulon">
    <defName>Ship_RebNebulonBFrigate_FrontLeftC</defName>
    <label>nebulon-B frigate (rebels) front left 3</label>
    <graphicData>
      <texPath>ShipParts4/RebNebulonBFrigateFrontLeft3</texPath>
      <drawSize>(16,2)</drawSize>
    </graphicData>
    <size>(16,2)</size>
    <costList>
      <O21_OR_Durasteel>320</O21_OR_Durasteel>
      <O21_OR_ComponentHypertech>1</O21_OR_ComponentHypertech>
    </costList>
    <statBases>
      <MaxHitPoints>6400</MaxHitPoints>
      <WorkToBuild>25600</WorkToBuild>
    </statBases>
  </ThingDef>

  <ThingDef ParentName="CEC_ShipPartRebNebulon">
    <defName>Ship_RebNebulonBFrigate_FrontLeftD</defName>
    <label>nebulon-B frigate (rebels) front left 4</label>
    <graphicData>
      <texPath>ShipParts4/RebNebulonBFrigateFrontLeft4</texPath>
      <drawSize>(10,2)</drawSize>
    </graphicData>
    <size>(10,2)</size>
    <costList>
      <O21_OR_Durasteel>200</O21_OR_Durasteel>
      <O21_OR_ComponentHypertech>1</O21_OR_ComponentHypertech>
    </costList>
    <statBases>
      <MaxHitPoints>4000</MaxHitPoints>
      <WorkToBuild>16000</WorkToBuild>
    </statBases>
  </ThingDef>

  <ThingDef ParentName="CEC_ShipPartRebNebulon">
    <defName>Ship_RebNebulonBFrigate_SideRightA</defName>
    <label>nebulon-B frigate (rebels) side right 1</label>
    <graphicData>
      <texPath>ShipParts4/RebNebulonBFrigateSideRight1</texPath>
      <drawSize>(9,6)</drawSize>
    </graphicData>
    <size>(9,2)</size>
    <costList>
      <O21_OR_Durasteel>180</O21_OR_Durasteel>
      <O21_OR_ComponentHypertech>1</O21_OR_ComponentHypertech>
    </costList>
    <statBases>
      <MaxHitPoints>3600</MaxHitPoints>
      <WorkToBuild>14400</WorkToBuild>
    </statBases>
  </ThingDef>

  <ThingDef ParentName="CEC_ShipPartRebNebulon">
    <defName>Ship_RebNebulonBFrigate_SideRightB</defName>
    <label>nebulon-B frigate (rebels) side right 2</label>
    <graphicData>
      <texPath>ShipParts4/RebNebulonBFrigateSideRight2</texPath>
      <drawSize>(30,1)</drawSize>
    </graphicData>
    <size>(30,1)</size>
    <costList>
      <O21_OR_Durasteel>300</O21_OR_Durasteel>
      <O21_OR_ComponentHypertech>1</O21_OR_ComponentHypertech>
    </costList>
    <statBases>
      <MaxHitPoints>6000</MaxHitPoints>
      <WorkToBuild>24000</WorkToBuild>
    </statBases>
  </ThingDef>

  <ThingDef ParentName="CEC_ShipPartRebNebulon">
    <defName>Ship_RebNebulonBFrigate_SideRightC</defName>
    <label>nebulon-B frigate (rebels) side right 3</label>
    <graphicData>
      <texPath>ShipParts4/RebNebulonBFrigateSideRight3</texPath>
      <drawSize>(5,6)</drawSize>
    </graphicData>
    <size>(5,2)</size>
    <costList>
      <O21_OR_Durasteel>100</O21_OR_Durasteel>
      <O21_OR_ComponentHypertech>1</O21_OR_ComponentHypertech>
    </costList>
    <statBases>
      <MaxHitPoints>2000</MaxHitPoints>
      <WorkToBuild>8000</WorkToBuild>
    </statBases>
  </ThingDef>

  <ThingDef ParentName="CEC_ShipPartRebNebulon">
    <defName>Ship_RebNebulonBFrigate_SideLeftA</defName>
    <label>nebulon-B frigate (rebels) side left 1</label>
    <graphicData>
      <texPath>ShipParts4/RebNebulonBFrigateSideLeft1</texPath>
      <drawSize>(9,6)</drawSize>
    </graphicData>
    <size>(9,2)</size>
    <costList>
      <O21_OR_Durasteel>180</O21_OR_Durasteel>
      <O21_OR_ComponentHypertech>1</O21_OR_ComponentHypertech>
    </costList>
    <statBases>
      <MaxHitPoints>3600</MaxHitPoints>
      <WorkToBuild>14400</WorkToBuild>
    </statBases>
  </ThingDef>

  <ThingDef ParentName="CEC_ShipPartRebNebulon">
    <defName>Ship_RebNebulonBFrigate_SideLeftB</defName>
    <label>nebulon-B frigate (rebels) side left 2</label>
    <graphicData>
      <texPath>ShipParts4/RebNebulonBFrigateSideLeft2</texPath>
      <drawSize>(30,1)</drawSize>
    </graphicData>
    <size>(30,1)</size>
    <costList>
      <O21_OR_Durasteel>300</O21_OR_Durasteel>
      <O21_OR_ComponentHypertech>1</O21_OR_ComponentHypertech>
    </costList>
    <statBases>
      <MaxHitPoints>6000</MaxHitPoints>
      <WorkToBuild>24000</WorkToBuild>
    </statBases>
  </ThingDef>

  <ThingDef ParentName="CEC_ShipPartRebNebulon">
    <defName>Ship_RebNebulonBFrigate_SideLeftC</defName>
    <label>nebulon-B frigate (rebels) side left 3</label>
    <graphicData>
      <texPath>ShipParts4/RebNebulonBFrigateSideLeft3</texPath>
      <drawSize>(5,6)</drawSize>
    </graphicData>
    <size>(5,2)</size>
    <costList>
      <O21_OR_Durasteel>100</O21_OR_Durasteel>
      <O21_OR_ComponentHypertech>1</O21_OR_ComponentHypertech>
    </costList>
    <statBases>
      <MaxHitPoints>2000</MaxHitPoints>
      <WorkToBuild>8000</WorkToBuild>
    </statBases>
  </ThingDef>

  <ThingDef ParentName="CEC_ShipPartRebNebulon">
    <defName>Ship_RebNebulonBFrigate_BackRight</defName>
    <label>nebulon-B frigate (rebels) back right</label>
    <graphicData>
      <texPath>ShipParts4/RebNebulonBFrigateBackRight</texPath>
      <drawSize>(7,6)</drawSize>
    </graphicData>
    <size>(7,6)</size>
    <costList>
      <O21_OR_Durasteel>420</O21_OR_Durasteel>
      <O21_OR_ComponentHypertech>1</O21_OR_ComponentHypertech>
    </costList>
    <statBases>
      <MaxHitPoints>8400</MaxHitPoints>
      <WorkToBuild>33600</WorkToBuild>
    </statBases>
  </ThingDef>

  <ThingDef ParentName="CEC_ShipPartRebNebulon">
    <defName>Ship_RebNebulonBFrigate_BackLeft</defName>
    <label>nebulon-B frigate (rebels) back left</label>
    <graphicData>
      <texPath>ShipParts4/RebNebulonBFrigateBackLeft</texPath>
      <drawSize>(7,6)</drawSize>
    </graphicData>
    <size>(7,6)</size>
    <costList>
      <O21_OR_Durasteel>420</O21_OR_Durasteel>
      <O21_OR_ComponentHypertech>1</O21_OR_ComponentHypertech>
    </costList>
    <statBases>
      <MaxHitPoints>8400</MaxHitPoints>
      <WorkToBuild>33600</WorkToBuild>
    </statBases>
  </ThingDef>

  <ThingDef ParentName="CEC_ShipPartRebNebulon">
    <defName>Ship_RebNebulonBFrigate_EngineBlock</defName>
    <label>nebulon-B frigate (rebels) engine block</label>
    <graphicData>
      <texPath>ShipParts4/RebNebulonBFrigateEngineBlock</texPath>
      <drawSize>(12,23)</drawSize>
    </graphicData>
    <size>(6,23)</size>
    <costList>
      <O21_OR_Durasteel>1380</O21_OR_Durasteel>
      <O21_OR_ComponentHypertech>1</O21_OR_ComponentHypertech>
    </costList>
    <statBases>
      <MaxHitPoints>27600</MaxHitPoints>
      <WorkToBuild>110400</WorkToBuild>
    </statBases>
  </ThingDef>

  <!--Engine-->
  <ThingDef ParentName="CEC_ShipEngineBase" Name="CEC_ShipPartRebNebulon_Engine"   Abstract="True">
    <description>...</description>
    <designatorDropdown>CEC_RNBF_Dropdown</designatorDropdown>
    <researchPrerequisites>
      <li>CEC_KDY_RebelRetrofit_Parts</li>
    </researchPrerequisites>
    <costList>
      <O21_OR_Durasteel>300</O21_OR_Durasteel>
      <O21_OR_ComponentHypertech>3</O21_OR_ComponentHypertech>
    </costList>
    <statBases>
      <MaxHitPoints>3000</MaxHitPoints>
      <WorkToBuild>22000</WorkToBuild>
    </statBases>
    <comps>
      <li Class="CompProperties_Refuelable">
        <fuelCapacity>1500.0</fuelCapacity>
        <targetFuelLevelConfigurable>true</targetFuelLevelConfigurable>
        <fuelFilter>
          <thingDefs>
            <li>Chemfuel</li>
          </thingDefs>
        </fuelFilter>
        <consumeFuelOnlyWhenUsed>true</consumeFuelOnlyWhenUsed>
        <autoRefuelPercent>1</autoRefuelPercent>
        <showFuelGizmo>false</showFuelGizmo>
        <drawOutOfFuelOverlay>false</drawOutOfFuelOverlay>
        <drawFuelGaugeInMap>false</drawFuelGaugeInMap>
        <showAllowAutoRefuelToggle>true</showAllowAutoRefuelToggle>
      </li>
      <li Class="CompProperties_EngineTrail">
        <thrust>3</thrust>
      </li>
    </comps>
  </ThingDef>

  <ThingDef ParentName="CEC_ShipPartRebNebulon_Engine">
    <defName>Ship_RebNebulonBFrigate_EngineR</defName>
    <label>nebulon-B frigate (rebels) engine right</label>
    <graphicData>
      <texPath>ShipParts4/RebNebulonBFrigateEngineRight</texPath>
      <drawSize>(9,3)</drawSize>
    </graphicData>
    <size>(9,3)</size>
  </ThingDef>

  <ThingDef ParentName="CEC_ShipPartRebNebulon_Engine">
    <defName>Ship_RebNebulonBFrigate_EngineL</defName>
    <label>nebulon-B frigate (rebels) engine left</label>
    <graphicData>
      <texPath>ShipParts4/RebNebulonBFrigateEngineLeft</texPath>
      <drawSize>(9,3)</drawSize>
    </graphicData>
    <size>(9,3)</size>
  </ThingDef>
  
</Defs>