<?xml version="1.0" encoding="utf-8" ?>
<Defs>

  <ThingDef ParentName="CEC_ShipPartBase" Name="CEC_ShipPartEscape"  Abstract="True">
    <designatorDropdown>CEC_C6EP_Dropdown</designatorDropdown>
    <researchPrerequisites>
      <li>CEC_CEC_Civilian_Parts</li>
    </researchPrerequisites>
  </ThingDef>

  <ThingDef ParentName="CEC_ShipPartEscape">
    <defName>Ship_Class6EscapePod_Front</defName>
    <label>class-6 escape pod front</label>
    <graphicData>
      <texPath>ShipParts6/Class6PodFront</texPath>
      <drawSize>(3,6)</drawSize>
    </graphicData>
    <size>(1,6)</size>
    <costList>
      <O21_OR_Durasteel>60</O21_OR_Durasteel>
      <O21_OR_ComponentHypertech>1</O21_OR_ComponentHypertech>
    </costList>
    <statBases>
      <MaxHitPoints>1200</MaxHitPoints>
      <WorkToBuild>4800</WorkToBuild>
    </statBases>
  </ThingDef>

  <ThingDef ParentName="CEC_ShipPartEscape">
    <defName>Ship_Class6EscapePod_SideRight</defName>
    <label>class-6 escape pod side right</label>
    <graphicData>
      <texPath>ShipParts6/Class6PodSideRight</texPath>
      <drawSize>(6,1)</drawSize>
    </graphicData>
    <size>(6,1)</size>
    <costList>
      <O21_OR_Durasteel>60</O21_OR_Durasteel>
      <O21_OR_ComponentHypertech>1</O21_OR_ComponentHypertech>
    </costList>
    <statBases>
      <MaxHitPoints>1200</MaxHitPoints>
      <WorkToBuild>4800</WorkToBuild>
    </statBases>
  </ThingDef>

  <ThingDef ParentName="CEC_ShipPartEscape">
    <defName>Ship_Class6EscapePod_SideLeft</defName>
    <label>class-6 escape pod side left</label>
    <graphicData>
      <texPath>ShipParts6/Class6PodSideLeft</texPath>
      <drawSize>(6,1)</drawSize>
    </graphicData>
    <size>(6,1)</size>
    <costList>
      <O21_OR_Durasteel>60</O21_OR_Durasteel>
      <O21_OR_ComponentHypertech>1</O21_OR_ComponentHypertech>
    </costList>
    <statBases>
      <MaxHitPoints>1200</MaxHitPoints>
      <WorkToBuild>4800</WorkToBuild>
    </statBases>
  </ThingDef>

  <!--Engine-->
	<ThingDef ParentName="CEC_ShipEngineBase">
		<defName>Ship_Class6EscapePod_Engine</defName>
		<label>class-6 escape pod engine</label>
    <description>...</description>
		<graphicData>
			<texPath>ShipParts6/Class6PodEngine</texPath>
			<drawSize>(6,5)</drawSize>
		</graphicData>
    <size>(6,3)</size>
    <designatorDropdown>CEC_C6EP_Dropdown</designatorDropdown>
    <researchPrerequisites>
      <li>CEC_CEC_Civilian_Parts</li>
    </researchPrerequisites>
		<costList>
      <O21_OR_Durasteel>100</O21_OR_Durasteel>
      <O21_OR_ComponentHypertech>3</O21_OR_ComponentHypertech>
    </costList>
    <statBases>
      <MaxHitPoints>1000</MaxHitPoints>
      <WorkToBuild>22000</WorkToBuild>
    </statBases>
		<comps>
			<li Class="CompProperties_Refuelable">
				<fuelCapacity>500.0</fuelCapacity>
				<targetFuelLevelConfigurable>true</targetFuelLevelConfigurable>
				<fuelFilter>
					<thingDefs>
						<li>Chemfuel</li>
					</thingDefs>
				</fuelFilter>
				<consumeFuelOnlyWhenUsed>true</consumeFuelOnlyWhenUsed>
				<autoRefuelPercent>1</autoRefuelPercent>
				<showFuelGizmo>false</showFuelGizmo>
				<drawOutOfFuelOverlay>false</drawOutOfFuelOverlay>
				<drawFuelGaugeInMap>false</drawFuelGaugeInMap>
				<showAllowAutoRefuelToggle>true</showAllowAutoRefuelToggle>
			</li>
			<li Class="CompProperties_EngineTrail">
				<thrust>1</thrust>
			</li>
		</comps>
	</ThingDef>
  
</Defs>