<?xml version="1.0" encoding="utf-8" ?>
<Defs>

  <ThingDef ParentName="CEC_ShipPartBase" Name="CEC_ShipPart CISGozanti"  Abstract="True">
    <designatorDropdown>CEC_CISGCC_Dropdown</designatorDropdown>
    <researchPrerequisites>
      <li>CEC_CEC_CISGozanti_Parts</li>
    </researchPrerequisites>
  </ThingDef>

  <ThingDef ParentName="CEC_ShipPart CISGozanti">
    <defName>Ship_CISGozantiClassCruiser_Front</defName>
    <label>gozanti class cruiser (confederacy) front</label>
    <graphicData>
      <texPath>ShipParts5/CISGozantiClassCruiserFront</texPath>
      <drawSize>(6,5)</drawSize>
    </graphicData>
    <size>(4,5)</size>
    <costList>
      <O21_OR_Durasteel>200</O21_OR_Durasteel>
      <O21_OR_ComponentHypertech>1</O21_OR_ComponentHypertech>
    </costList>
    <statBases>
      <MaxHitPoints>4000</MaxHitPoints>
      <WorkToBuild>16000</WorkToBuild>
    </statBases>
  </ThingDef>

  <ThingDef ParentName="CEC_ShipPart CISGozanti">
    <defName>Ship_CISGozantiClassCruiser_Right</defName>
    <label>gozanti class cruiser (confederacy) right</label>
    <graphicData>
      <texPath>ShipParts5/CISGozantiClassCruiserFrontRight</texPath>
      <drawSize>(16,5)</drawSize>
    </graphicData>
    <size>(16,5)</size>
    <costList>
      <O21_OR_Durasteel>800</O21_OR_Durasteel>
      <O21_OR_ComponentHypertech>1</O21_OR_ComponentHypertech>
    </costList>
    <statBases>
      <MaxHitPoints>16000</MaxHitPoints>
      <WorkToBuild>64000</WorkToBuild>
    </statBases>
  </ThingDef>

  <ThingDef ParentName="CEC_ShipPart CISGozanti">
    <defName>Ship_CISGozantiClassCruiser_Left</defName>
    <label>gozanti class cruiser (confederacy) left</label> 
    <graphicData>
      <texPath>ShipParts5/CISGozantiClassCruiserFrontLeft</texPath>
      <drawSize>(16,5)</drawSize>
    </graphicData>
    <size>(16,5)</size>
    <costList>
      <O21_OR_Durasteel>800</O21_OR_Durasteel>
      <O21_OR_ComponentHypertech>1</O21_OR_ComponentHypertech>
    </costList>
    <statBases>
      <MaxHitPoints>16000</MaxHitPoints>
      <WorkToBuild>64000</WorkToBuild>
    </statBases>
  </ThingDef>
  
  <ThingDef ParentName="CEC_ShipPart CISGozanti">
    <defName>Ship_CISGozantiClassCruiser_BackLeft</defName>
    <label>gozanti class cruiser (confederacy) back left</label>
    <graphicData>
      <texPath>ShipParts5/CISGozantiClassCruiserBackLeft</texPath>
      <drawSize>(12,4)</drawSize>
    </graphicData>
    <size>(12,4)</size>
    <costList>
      <O21_OR_Durasteel>480</O21_OR_Durasteel>
      <O21_OR_ComponentHypertech>1</O21_OR_ComponentHypertech>
    </costList>
    <statBases>
      <MaxHitPoints>9600</MaxHitPoints>
      <WorkToBuild>38400</WorkToBuild>
    </statBases>
  </ThingDef>

  <ThingDef ParentName="CEC_ShipPart CISGozanti">
    <defName>Ship_CISGozantiClassCruiser_BackRight</defName>
    <label>gozanti class cruiser (confederacy) back right</label>
    <graphicData>
      <texPath>ShipParts5/CISGozantiClassCruiserBackRight</texPath>
      <drawSize>(12,4)</drawSize>
    </graphicData>
    <size>(12,4)</size>
    <costList>
      <O21_OR_Durasteel>480</O21_OR_Durasteel>
      <O21_OR_ComponentHypertech>1</O21_OR_ComponentHypertech>
    </costList>
    <statBases>
      <MaxHitPoints>9600</MaxHitPoints>
      <WorkToBuild>38400</WorkToBuild>
    </statBases>
  </ThingDef>

  <ThingDef ParentName="CEC_ShipPart CISGozanti">
    <defName>Ship_CISGozantiClassCruiser_Back</defName>
    <label>gozanti class cruiser (confederacy) back</label>
    <graphicData>
      <texPath>ShipParts5/CISGozantiClassCruiserBack</texPath>
      <drawSize>(3,7)</drawSize>
    </graphicData>
    <size>(3,7)</size>
    <costList>
      <O21_OR_Durasteel>210</O21_OR_Durasteel>
      <O21_OR_ComponentHypertech>1</O21_OR_ComponentHypertech>
    </costList>
    <statBases>
      <MaxHitPoints>4200</MaxHitPoints>
      <WorkToBuild>16800</WorkToBuild>
    </statBases>
  </ThingDef>

  <ThingDef ParentName="CEC_ShipPart CISGozanti">
    <defName>Ship_CISGozantiClassCruiser_Tail</defName>
    <label>gozanti class cruiser (confederacy) tail</label>
    <graphicData>
      <texPath>ShipParts5/CISGozantiClassCruiserTail</texPath>
      <drawSize>(7,3)</drawSize>
    </graphicData>
    <size>(7,3)</size>
    <costList>
      <O21_OR_Durasteel>210</O21_OR_Durasteel>
      <O21_OR_ComponentHypertech>1</O21_OR_ComponentHypertech>
    </costList>
    <statBases>
      <MaxHitPoints>4200</MaxHitPoints>
      <WorkToBuild>16800</WorkToBuild>
    </statBases>
  </ThingDef>

  <!--Engine-->
  <ThingDef ParentName="CEC_ShipEngineBase">
    <defName>Ship_CISGozantiClassCruiser_Engine</defName>
    <label>gozanti class cruiser (confederacy) engine</label>
    <description>...</description>
    <graphicData>
      <texPath>ShipParts5/CISGozantiClassCruiserEngineBlock</texPath>
      <drawSize>(3,9)</drawSize>
    </graphicData>
    <size>(3,1)</size>
    <designatorDropdown>CEC_CISGCC_Dropdown</designatorDropdown>
    <uiIconScale>0.5</uiIconScale>
    <researchPrerequisites>
      <li>CEC_CEC_CISGozanti_Parts</li>
    </researchPrerequisites>
    <costList>
      <O21_OR_Durasteel>200</O21_OR_Durasteel>
      <O21_OR_ComponentHypertech>2</O21_OR_ComponentHypertech>
    </costList>
    <statBases>
      <MaxHitPoints>2000</MaxHitPoints>
      <WorkToBuild>22000</WorkToBuild>
    </statBases>
    <comps>
      <li Class="CompProperties_Refuelable">
        <fuelCapacity>1000.0</fuelCapacity>
        <targetFuelLevelConfigurable>true</targetFuelLevelConfigurable>
        <fuelFilter>
          <thingDefs>
            <li>Chemfuel</li>
          </thingDefs>
        </fuelFilter>
        <consumeFuelOnlyWhenUsed>true</consumeFuelOnlyWhenUsed>
        <autoRefuelPercent>1</autoRefuelPercent>
        <showFuelGizmo>false</showFuelGizmo>
        <drawOutOfFuelOverlay>false</drawOutOfFuelOverlay>
        <drawFuelGaugeInMap>false</drawFuelGaugeInMap>
        <showAllowAutoRefuelToggle>true</showAllowAutoRefuelToggle>
      </li>
      <li Class="CompProperties_EngineTrail">
        <thrust>2</thrust>
      </li>
    </comps>
  </ThingDef>
  
</Defs>