<?xml version="1.0" encoding="utf-8" ?>
<Defs>

  <ThingDef ParentName="CEC_ShipPartBase" Name="CEC_ShipPartStarShuttle"  Abstract="True">
    <designatorDropdown>CEC_CSS1SS_Dropdown</designatorDropdown>
    <researchPrerequisites>
      <li>CEC_CEC_Civilian_Parts</li>
    </researchPrerequisites>
  </ThingDef>

  <ThingDef ParentName="CEC_ShipPartStarShuttle">
    <defName>Ship_CSS1StarShuttle_Front</defName>
    <label>CSS1 star shuttle front</label>
    <graphicData>
      <texPath>ShipParts/CSS1StarShuttleFront</texPath>
      <drawSize>(3,11)</drawSize>
    </graphicData>
    <size>(1,11)</size>
    <costList>
      <O21_OR_Durasteel>110</O21_OR_Durasteel>
      <O21_OR_ComponentHypertech>1</O21_OR_ComponentHypertech>
    </costList>
    <statBases>
      <MaxHitPoints>2750</MaxHitPoints>
      <WorkToBuild>11000</WorkToBuild>
    </statBases>
  </ThingDef>

  <ThingDef ParentName="CEC_ShipPartStarShuttle">
    <defName>Ship_CSS1StarShuttle_FrontLeft</defName>
    <label>CSS1 star shuttle front left</label>
    <graphicData>
      <texPath>ShipParts/CSS1StarShuttleFrontLeft</texPath>
      <drawSize>(19,3)</drawSize>
    </graphicData>
    <size>(19,1)</size>
    <costList>
      <O21_OR_Durasteel>190</O21_OR_Durasteel>
      <O21_OR_ComponentHypertech>1</O21_OR_ComponentHypertech>
    </costList>
    <statBases>
      <MaxHitPoints>4750</MaxHitPoints>
      <WorkToBuild>19000</WorkToBuild>
    </statBases>
  </ThingDef>

  <ThingDef ParentName="CEC_ShipPartStarShuttle">
    <defName>Ship_CSS1StarShuttle_FrontRight</defName>
    <label>CSS1 star shuttle front right</label>
    <graphicData>
      <texPath>ShipParts/CSS1StarShuttleFrontRight</texPath>
      <drawSize>(19,3)</drawSize>
    </graphicData>
    <size>(19,1)</size>
    <costList>
      <O21_OR_Durasteel>190</O21_OR_Durasteel>
      <O21_OR_ComponentHypertech>1</O21_OR_ComponentHypertech>
    </costList>
    <statBases>
      <MaxHitPoints>4750</MaxHitPoints>
      <WorkToBuild>19000</WorkToBuild>
    </statBases>
  </ThingDef>

  <ThingDef ParentName="CEC_ShipPartStarShuttle">
    <defName>Ship_CSS1StarShuttle_SideLeft</defName>
    <label>CSS1 star shuttle side left</label>
    <graphicData>
      <texPath>ShipParts/CSS1StarShuttleSideLeft</texPath>
      <drawSize>(6,3)</drawSize>
    </graphicData>
    <size>(6,3)</size>
    <costList>
      <O21_OR_Durasteel>180</O21_OR_Durasteel>
      <O21_OR_ComponentHypertech>1</O21_OR_ComponentHypertech>
    </costList>
    <statBases>
      <MaxHitPoints>4500</MaxHitPoints>
      <WorkToBuild>18000</WorkToBuild>
    </statBases>
  </ThingDef>

  <ThingDef ParentName="CEC_ShipPartStarShuttle">
    <defName>Ship_CSS1StarShuttle_SideRight</defName>
    <label>CSS1 star shuttle side right</label>
    <graphicData>
      <texPath>ShipParts/CSS1StarShuttleSideRight</texPath>
      <drawSize>(6,3)</drawSize>
    </graphicData>
    <size>(6,3)</size>
    <costList>
      <O21_OR_Durasteel>180</O21_OR_Durasteel>
      <O21_OR_ComponentHypertech>1</O21_OR_ComponentHypertech>
    </costList>
    <statBases>
      <MaxHitPoints>4500</MaxHitPoints>
      <WorkToBuild>18000</WorkToBuild>
    </statBases>
  </ThingDef>

  <ThingDef ParentName="CEC_ShipPartStarShuttle">
    <defName>Ship_CSS1StarShuttle_BackLeft</defName>
    <label>CSS1 star shuttle back left</label>
    <graphicData>
      <texPath>ShipParts/CSS1StarShuttleBackLeft</texPath>
      <drawSize>(8,7)</drawSize>
    </graphicData>
    <size>(8,5)</size>
    <costList>
      <O21_OR_Durasteel>400</O21_OR_Durasteel>
      <O21_OR_ComponentHypertech>1</O21_OR_ComponentHypertech>
    </costList>
    <statBases>
      <MaxHitPoints>10000</MaxHitPoints>
      <WorkToBuild>40000</WorkToBuild>
    </statBases>
  </ThingDef>

  <ThingDef ParentName="CEC_ShipPartStarShuttle">
    <defName>Ship_CSS1StarShuttle_BackRight</defName>
    <label>CSS1 star shuttle back right</label>
    <graphicData>
      <texPath>ShipParts/CSS1StarShuttleBackRight</texPath>
      <drawSize>(8,7)</drawSize>
    </graphicData>
    <size>(8,5)</size>
    <costList>
      <O21_OR_Durasteel>400</O21_OR_Durasteel>
      <O21_OR_ComponentHypertech>1</O21_OR_ComponentHypertech>
    </costList>
    <statBases>
      <MaxHitPoints>10000</MaxHitPoints>
      <WorkToBuild>40000</WorkToBuild>
    </statBases>
  </ThingDef>

  <ThingDef ParentName="CEC_ShipPartStarShuttle">
    <defName>Ship_CSS1StarShuttle_Back</defName>
    <label>CSS1 star shuttle back</label>
    <graphicData>
      <texPath>ShipParts/CSS1StarShuttleBack</texPath>
      <drawSize>(2,5)</drawSize>
    </graphicData>
    <size>(2,1)</size>
    <costList>
      <O21_OR_Durasteel>20</O21_OR_Durasteel>
      <O21_OR_ComponentHypertech>1</O21_OR_ComponentHypertech>
    </costList>
    <statBases>
      <MaxHitPoints>500</MaxHitPoints>
      <WorkToBuild>2000</WorkToBuild>
    </statBases>
  </ThingDef>

  <ThingDef ParentName="CEC_ShipPartStarShuttle">
    <defName>Ship_CSS1StarShuttle_EngineConnector</defName>
    <label>CSS1 star shuttle engine conector</label>
    <graphicData>
      <texPath>ShipParts/CSS1StarShuttleConnection</texPath>
      <drawSize>(4,5)</drawSize>
    </graphicData>
    <size>(4,1)</size>
    <costList>
      <O21_OR_Durasteel>40</O21_OR_Durasteel>
      <O21_OR_ComponentHypertech>1</O21_OR_ComponentHypertech>
    </costList>
    <statBases>
      <MaxHitPoints>1000</MaxHitPoints>
      <WorkToBuild>4000</WorkToBuild>
    </statBases>
    <altitudeLayer>SmallWire</altitudeLayer>
  </ThingDef>

  <ThingDef ParentName="CEC_ShipPartStarShuttle">
    <defName>Ship_CSS1StarShuttle_EngineBlock</defName>
    <label>CSS1 star shuttle engine block</label>
    <graphicData>
      <texPath>ShipParts/CSS1StarShuttleEngineBlock</texPath>
      <drawSize>(5,7)</drawSize>
    </graphicData>
    <size>(5,7)</size>
    <costList>
      <O21_OR_Durasteel>350</O21_OR_Durasteel>
      <O21_OR_ComponentHypertech>1</O21_OR_ComponentHypertech>
    </costList>
    <statBases>
      <MaxHitPoints>8750</MaxHitPoints>
      <WorkToBuild>350000</WorkToBuild>
    </statBases>
    <altitudeLayer>Zone</altitudeLayer>
  </ThingDef>

  <!--Engine-->
  <ThingDef ParentName="CEC_ShipEngineBase">
    <defName>Ship_CSS1StarShuttle_Engine</defName>
    <label>CSS1 star shuttle engine</label>
    <description>...</description>
    <graphicData>
      <texPath>ShipParts/CSS1StarShuttleEngine</texPath>
      <drawSize>(7,3)</drawSize>
    </graphicData>
    <size>(7,3)</size>
    <designatorDropdown>CEC_CSS1SS_Dropdown</designatorDropdown>
    <researchPrerequisites>
      <li>CEC_CEC_Civilian_Parts</li>
    </researchPrerequisites>
    <costList>
      <O21_OR_Durasteel>200</O21_OR_Durasteel>
      <O21_OR_ComponentHypertech>2</O21_OR_ComponentHypertech>
    </costList>
    <statBases>
      <MaxHitPoints>2000</MaxHitPoints>
      <WorkToBuild>22000</WorkToBuild>
    </statBases>
    <comps>
      <li Class="CompProperties_Refuelable">
        <fuelCapacity>1000.0</fuelCapacity>
        <targetFuelLevelConfigurable>true</targetFuelLevelConfigurable>
        <fuelFilter>
          <thingDefs>
            <li>Chemfuel</li>
          </thingDefs>
        </fuelFilter>
        <consumeFuelOnlyWhenUsed>true</consumeFuelOnlyWhenUsed>
        <autoRefuelPercent>1</autoRefuelPercent>
        <showFuelGizmo>false</showFuelGizmo>
        <drawOutOfFuelOverlay>false</drawOutOfFuelOverlay>
        <drawFuelGaugeInMap>false</drawFuelGaugeInMap>
        <showAllowAutoRefuelToggle>true</showAllowAutoRefuelToggle>
      </li>
      <li Class="CompProperties_EngineTrail">
        <thrust>2</thrust>
      </li>
    </comps>
  </ThingDef>
  
</Defs>