<?xml version="1.0" encoding="utf-8" ?>
<Defs>

  <!--<ThingDef ParentName="CEC_ShipPartBase" Name="CEC_ShipPartXXX"  Abstract="True">
    <designatorDropdown>CEC_XXX_Dropdown</designatorDropdown>
    <researchPrerequisites>
      <li>CEC_XXX_Parts</li>
    </researchPrerequisites>
  </ThingDef>

  <ThingDef ParentName="CEC_ShipPartXXX">
    <defName>Ship_XXX_XXX</defName>
    <label>xxx xxx</label>
    <graphicData>
      <texPath>ShipParts/XXX</texPath>
      XXX
  </ThingDef>-->

  <!--Engine-->
	<!--<ThingDef ParentName="CEC_ShipEngineBase">
		<defName>Ship_XXX_Engine</defName>
		<label>xxx engine</label>
    <description>...</description>
		<graphicData>
			<texPath>ShipParts/XXX</texPath>
			<drawSize>(1,3)</drawSize>
		</graphicData>
    <size>(1,3)</size>
		<designatorDropdown>CEC_XXX_Dropdown</designatorDropdown>
    <researchPrerequisites>
      <li>CEC_XXX_Parts</li>
    </researchPrerequisites>
		<costList>
      <O21_OR_Durasteel>Thrust*100</O21_OR_Durasteel>
      <O21_OR_ComponentHypertech>3</O21_OR_ComponentHypertech>
    </costList>
    <statBases>
      <MaxHitPoints>Thrust*1000</MaxHitPoints>
      <WorkToBuild>22000</WorkToBuild>
    </statBases>
		<comps>
			<li Class="CompProperties_Refuelable">
				<fuelCapacity>Thrust*500.0</fuelCapacity>
				<targetFuelLevelConfigurable>true</targetFuelLevelConfigurable>
				<fuelFilter>
					<thingDefs>
						<li>Chemfuel</li>
					</thingDefs>
				</fuelFilter>
				<consumeFuelOnlyWhenUsed>true</consumeFuelOnlyWhenUsed>
				<autoRefuelPercent>1</autoRefuelPercent>
				<showFuelGizmo>false</showFuelGizmo>
				<drawOutOfFuelOverlay>false</drawOutOfFuelOverlay>
				<drawFuelGaugeInMap>false</drawFuelGaugeInMap>
				<showAllowAutoRefuelToggle>true</showAllowAutoRefuelToggle>
			</li>
			<li Class="CompProperties_EngineTrail">
				<thrust>X</thrust>
			</li>
		</comps>
	</ThingDef>-->
  
</Defs>