<Defs>

  <!--<DesignatorDropdownGroupDef>
    <defName>CEC_XXX_Dropdown</defName>
  </DesignatorDropdownGroupDef>-->


  <!--=========Turbolaser=========-->

  <!--3x3-->
  <!--<ThingDef ParentName="CEC_ArtilleryBase_Turbolaser">
    <defName>CEC_ShipTurretBase_TurbolaserXXX</defName>
    <label>xxx turbolaser (xxx)</label>
    <description>A large automatic blaster turret. It runs on Tibanna and must be kept fueled.</description>
    <graphicData>
      <texPath>Turrets/XXX</texPath>
      <drawSize>(5,5)</drawSize>
    </graphicData>
    <size>(3,3)</size>
    <building>
      <turretGunDef>CEC_ShipTurret_TurbolaserXXX</turretGunDef>
      <turretTopDrawSize>6</turretTopDrawSize>
    </building>
    <uiIconPath>Turrets/XXX</uiIconPath>
    <researchPrerequisites>
      <li>CEC_XXX_Turrets</li>
    </researchPrerequisites>
  </ThingDef>

  <ThingDef ParentName="CEC_ArtilleryTurret">
    <defName>CEC_ShipTurret_TurbolaserXXX</defName>
    <label>xxx turbolaser (xxx)</label>
    <description>A self-loading large-bore cannon designed to attach to a turret.</description>
    <graphicData>
      <texPath>Turrets/XXX</texPath>
    </graphicData>
    <verbs>
      <li>
        <defaultProjectile>CEC_Bullet_TurbolaserXXX</defaultProjectile>
        <spawnDef>CEC_Proj_TurbolaserXXX</spawnDef>
        <label>fire ionized bolt</label>
        <verbClass>Verb_LaunchProjectileShip</verbClass>
        <hasStandardCommand>true</hasStandardCommand>
        <range>12.9</range>
        <warmupTime>0.5</warmupTime>
        <burstShotCount>2</burstShotCount>
        <noiseRadius>4</noiseRadius>
        <ai_IsBuildingDestroyer>true</ai_IsBuildingDestroyer>
        <soundCast>O21_Shot_BlasterBolt</soundCast>
        <soundCastTail>GunTail_Heavy</soundCastTail>
        <muzzleFlashScale>12</muzzleFlashScale>
        <requireLineOfSight>false</requireLineOfSight>
        <targetParams>
          <canTargetLocations>true</canTargetLocations>
        </targetParams>
        <rangedFireRulepack>Combat_RangedFire_Thrown</rangedFireRulepack>
      </li>
    </verbs>
  </ThingDef>-->

  
  
  <!--=========Laser Cannon=========-->

  <!--3x3-->
  <!--<ThingDef ParentName="CEC_ArtilleryBase_LaserCannon">
    <defName>CEC_ShipTurretBase_LaserCannonXXX</defName>
    <label>xxx laser cannon (xxx)</label>
    <designatorDropdown>CEC_LaserCannon_Dropdown</designatorDropdown>
    <description>A large automatic blaster turret. It runs on Tibanna and must be kept fueled.</description>
    <size>(3,3)</size>
    <graphicData>
      <texPath>Turrets/XXX</texPath>
      <drawSize>(10,10)</drawSize>
    </graphicData>
    <building>
      <turretGunDef>CEC_ShipTurret_LaserCannonXXX</turretGunDef>
      <turretTopDrawSize>10</turretTopDrawSize>
    </building>
    <uiIconPath>Turrets/XXX</uiIconPath>
    <researchPrerequisites>
      <li>CEC_XXX_Turrets</li>
    </researchPrerequisites>
  </ThingDef>

  <ThingDef ParentName="CEC_ArtilleryTurret">
    <defName>CEC_ShipTurret_LaserCannonA</defName>
    <label>xxx laser cannon (xxx)</label>
    <description>A self-loading large-bore cannon designed to attach to a turret.</description>
    <graphicData>
      <texPath>Turrets/XXX</texPath>
    </graphicData>
    <verbs>
      <li>
        <burstShotCount>2</burstShotCount>
        <defaultProjectile>CEC_Bullet_LaserCannonXXX</defaultProjectile>
        <spawnDef>CEC_Proj_LaserCannonXXX</spawnDef>
        <label>fire ionized bolt</label>
        <verbClass>Verb_LaunchProjectileShip</verbClass>
        <hasStandardCommand>true</hasStandardCommand>
        <range>12.9</range>
        <warmupTime>0.5</warmupTime>
        <noiseRadius>6</noiseRadius>
        <ai_IsBuildingDestroyer>true</ai_IsBuildingDestroyer>
        <soundCast>O21_Shot_BlasterBolt</soundCast>
        <soundCastTail>GunTail_Heavy</soundCastTail>
        <muzzleFlashScale>12</muzzleFlashScale>
        <requireLineOfSight>false</requireLineOfSight>
        <targetParams>
          <canTargetLocations>true</canTargetLocations>
        </targetParams>
        <rangedFireRulepack>Combat_RangedFire_Thrown</rangedFireRulepack>
      </li>
    </verbs>
  </ThingDef>-->

</Defs>